student_id,quality,duration_ms,ax_mean,ax_std,ax_min,ax_max,ax_rms,ax_zcr,ax_path,ax_jerk,ay_mean,ay_std,ay_min,ay_max,ay_rms,ay_zcr,ay_path,ay_jerk,az_mean,az_std,az_min,az_max,az_rms,az_zcr,az_path,az_jerk,gx_mean,gx_std,gx_min,gx_max,gx_rms,gx_zcr,gx_path,gx_jerk,gy_mean,gy_std,gy_min,gy_max,gy_rms,gy_zcr,gy_path,gy_jerk,gz_mean,gz_std,gz_min,gz_max,gz_rms,gz_zcr,gz_path,gz_jerk,ax_velocity_proxy,ay_velocity_proxy,az_velocity_proxy,gx_velocity_proxy,gy_velocity_proxy,gz_velocity_proxy,accel_gyro_energy_ratio,ax_ay_corr,ay_az_corr,gx_gy_corr,gy_gz_corr,gx_to_ax_ratio,gy_to_ay_ratio,gz_to_az_ratio
1-2-2026,bad,3849,12459.435897435897,1748.9290198909491,3132,18408,12580.027059609722,0.5128205128205128,121312,1575.4805194805194,10464.153846153846,1606.2611833107928,7104,14524,10585.155304506061,0.5,143568,1864.5194805194806,-263.38461538461536,2032.010233834857,-5196,6248,2036.0501731765619,0.5,181040,2351.1688311688313,394.05128205128204,1469.0778086015757,-2669,5105,1511.8852215287122,0.41025641025641024,120146,1560.3376623376623,289.1923076923077,2545.8670661253345,-6002,5422,2545.972493154126,0.44871794871794873,208929,2713.3636363636365,49.47435897435897,2049.0722558571747,-5992,6829,2036.4958560711268,0.4230769230769231,147932,1921.1948051948052,1575.4805194805194,1864.5194805194806,2351.1688311688313,1560.3376623376623,2713.3636363636365,1921.1948051948052,4.135177298228101,0.15923251988615025,0.262766072764424,-0.3763143138163026,-0.15957624138989812,0.12018139660944696,0.2405229228738658,1.0002188953397206
1-2-2026,bad,4651,12160.425531914894,1434.4848349518038,8828,18772,12243.847636105662,0.3829787234042553,121752,1309.1612903225807,10813.95744680851,1528.0071772258225,6416,14056,10920.24007217985,0.4574468085106383,149244,1604.774193548387,-491.5744680851064,1507.8601193599377,-4776,3688,1578.3218666969094,0.5212765957446809,154948,1666.1075268817203,380.02127659574467,1466.868597868741,-2738,5333,1507.7231813198873,0.44680851063829785,138872,1493.247311827957,279.5425531914894,2179.2586816152784,-6228,4986,2185.5867341152184,0.5212765957446809,223033,2398.2043010752686,219.87234042553192,1696.5385394342984,-3844,6881,1701.754170060749,0.35106382978723405,141746,1524.1505376344087,1309.1612903225807,1604.774193548387,1666.1075268817203,1493.247311827957,2398.2043010752686,1524.1505376344087,4.586119678710406,-0.11808040060505902,0.5001850213925156,-0.44639927747141006,0.07615106411703502,0.12314128907898594,0.20014090527945697,1.0782047723535328
1-2-2026,good,5750,12420.896551724138,872.9201505323366,8616,14688,12451.268684839668,0.4482758620689655,111244,967.3391304347826,10619.689655172413,981.3897015593941,8248,13496,10664.550216035594,0.39655172413793105,117428,1021.1130434782609,-492.2758620689655,1318.961459609049,-4864,4292,1402.4969850603773,0.3706896551724138,129032,1122.017391304348,225.0,1048.1847331375366,-2118,4159,1067.635124291389,0.3793103448275862,97007,843.5391304347826,212.75,1487.7768934832295,-5883,3636,1496.5496725514301,0.5172413793103449,159993,1391.2434782608696,36.56896551724138,1351.4977406671778,-2835,4355,1346.1565082959658,0.3706896551724138,128324,1115.8608695652174,967.3391304347826,1021.1130434782609,1122.017391304348,843.5391304347826,1391.2434782608696,1115.8608695652174,6.2701217020224576,-0.11318666815672945,0.5175693943244896,-0.4398979398116994,-0.24443512180426585,0.08574508760746348,0.14032937555686464,0.9598284500256415
1-2-2026,good,7693,12420.129032258064,713.8431446687822,10064,14824,12440.49394725197,0.49032258064516127,117124,760.5454545454545,10681.729032258065,708.2743645299865,8572,13356,10705.033919881173,0.3419354838709677,104904,681.1948051948052,-359.0451612903226,1164.867894755851,-5124,6860,1215.350293324468,0.38064516129032255,140796,914.2597402597403,236.32258064516128,798.1744669441692,-1686,3450,829.9521867300938,0.41935483870967744,106582,692.0909090909091,110.27741935483871,1307.0828357154219,-6523,3824,1307.5183709312005,0.4,154657,1004.2662337662338,120.40645161290323,1218.668422227609,-2281,6384,1220.6837454687486,0.36774193548387096,128191,832.4090909090909,760.5454545454545,681.1948051948052,914.2597402597403,692.0909090909091,1004.2662337662338,832.4090909090909,7.254246218077968,-0.2147716539846856,0.3685361789703826,-0.4873007840210448,-0.4127653955994267,0.06671376475744449,0.1221405163771376,1.004388406510606
1-2-2026,good,7301,12235.809523809523,750.9719485972221,8696,14388,12258.676809331677,0.40816326530612246,109988,753.3424657534247,10782.421768707483,708.6712332126594,8636,12648,10805.527182283835,0.4217687074829932,103748,710.6027397260274,-274.17687074829934,1015.2807540766051,-3684,4056,1048.310905744112,0.4013605442176871,127280,871.7808219178082,188.24489795918367,780.6486378509767,-1587,2737,800.4391141805878,0.35374149659863946,107996,739.6986301369863,201.7482993197279,1123.6752312184947,-4414,2867,1137.8747614694316,0.41496598639455784,143689,984.1712328767123,4.360544217687075,1056.5212815805362,-2526,4218,1052.930568609785,0.3469387755102041,119638,819.4383561643835,753.3424657534247,710.6027397260274,871.7808219178082,739.6986301369863,984.1712328767123,819.4383561643835,8.061031232526144,-0.16762606843833158,0.41894884018632506,-0.36366967607283673,-0.18895254251402724,0.06529571882554025,0.10530488167479005,1.0044067669581163
1-2-2026,good,6598,12104.812030075187,840.8836275048385,8604,13952,12133.764590094022,0.45864661654135336,117460,889.8484848484849,10936.721804511279,834.5042200211349,8912,13732,10968.274479271184,0.42105263157894735,108428,821.4242424242424,-288.2706766917293,1135.9124161167422,-5020,4736,1167.7737446941478,0.42857142857142855,139736,1058.6060606060605,219.7669172932331,899.020796328192,-2070,2355,922.2032909149891,0.40601503759398494,114755,869.3560606060606,244.203007518797,1447.0523422471654,-4757,4101,1462.1393662424214,0.40601503759398494,168317,1275.128787878788,-14.864661654135338,1122.843412960872,-2837,4813,1118.7129924151664,0.3684210526315789,122581,928.6439393939394,889.8484848484849,821.4242424242424,1058.6060606060605,869.3560606060606,1275.128787878788,928.6439393939394,6.928183630223641,-0.258027268121039,0.5534019888445962,-0.453271667590783,-0.006584312426847264,0.07600306434096064,0.13330623416403334,0.9579877921901567
1-2-2026,good,7147,12026.444444444445,801.1456288155846,9360,15672,12052.91429950081,0.4027777777777778,110816,774.9370629370629,10938.138888888889,834.7466648995936,8612,13492,10969.724036840875,0.3472222222222222,110456,772.4195804195804,-1189.611111111111,1086.2866311018677,-7784,2440,1608.4149547510017,0.2986111111111111,131032,916.3076923076923,135.11805555555554,969.4884924610371,-2870,3170,975.519188688772,0.3541666666666667,109269,764.1188811188811,213.67361111111111,1345.839846610781,-4842,4995,1358.073244526966,0.4375,165998,1160.8251748251748,-85.06944444444444,1354.7222441445733,-3969,5332,1352.6877770654328,0.3541666666666667,136538,954.8111888111888,774.9370629370629,772.4195804195804,916.3076923076923,764.1188811188811,1160.8251748251748,954.8111888111888,6.681817951797033,-0.202553280492394,0.29116306041930456,-0.13810125280600388,-0.3151719698278475,0.08093637475280466,0.12380195161174445,0.8410067142367719
1-2-2026,good,6251,12392.095238095239,1297.256720490259,8076,20048,12459.275389768669,0.4126984126984127,147636,1181.088,10662.444444444445,1049.9606663532159,6676,14392,10713.60768309637,0.3412698412698413,112072,896.576,-517.9047619047619,1231.3297620284918,-5244,3172,1331.3020717888207,0.46825396825396826,158340,1266.72,299.6190476190476,945.9608605615169,-2187,2895,988.6918646244659,0.3492063492063492,96834,774.672,265.3492063492063,1552.277724210254,-3859,5623,1568.7105512652083,0.3968253968253968,165774,1326.192,99.28571428571429,1343.4100184658016,-3217,5314,1341.7468890538612,0.3968253968253968,143834,1150.672,1181.088,896.576,1266.72,774.672,1326.192,1150.672,6.284495212148389,-0.1917419489435164,0.3088238909076924,-0.41103235064011623,-0.08525738164871731,0.07935388163560521,0.14642225079735313,1.0078455644879756
1-2-2026,good,5199,12299.695238095239,842.8055155232059,9736,15772,12328.262615786927,0.5238095238095238,99752,959.1538461538462,10719.580952380953,996.351640707934,7796,13860,10765.34615991781,0.3619047619047619,102952,989.9230769230769,-655.3523809523809,1249.819817636437,-6280,2604,1405.9372877702822,0.4095238095238095,124756,1199.576923076923,277.8,1076.4645694265878,-2460,4201,1106.757808926166,0.3619047619047619,98117,943.4326923076923,325.4190476190476,1602.8877472870427,-4352,4991,1628.0901841172827,0.4,154649,1487.0096153846155,16.61904761904762,1350.554112641238,-4218,5566,1344.210254954116,0.42857142857142855,125099,1202.875,959.1538461538462,989.9230769230769,1199.576923076923,943.4326923076923,1487.0096153846155,1202.875,6.0061770555730165,-0.09186898811954579,0.33433064021064557,-0.23580921683280576,-0.07242273611686248,0.08977402926338833,0.1512343551039587,0.9560954572375298
1-2-2026,good,5902,12515.899159663866,1267.3268236254783,9288,20568,12579.362156679788,0.42016806722689076,129844,1100.3728813559321,10580.403361344537,873.9980832245178,8136,14016,10616.138132123948,0.4369747899159664,100840,854.5762711864406,-598.0504201680673,1173.1824734798636,-4528,3168,1312.423481563014,0.44537815126050423,148696,1260.135593220339,277.93277310924367,919.4624786686692,-2352,3051,956.8456405460249,0.3865546218487395,103594,877.9152542372881,292.05882352941177,1425.7934828833038,-5571,4428,1449.5179639214866,0.4117647058823529,140507,1190.7372881355932,51.21008403361345,1206.371087706176,-2685,4576,1202.382634605141,0.36134453781512604,124731,1057.042372881356,1100.3728813559321,854.5762711864406,1260.135593220339,877.9152542372881,1190.7372881355932,1057.042372881356,6.791257167994542,0.08591649527761629,0.3185980422226953,-0.09838435529639027,0.05402880761349484,0.07606471842945264,0.13653910167189445,0.9161544658260945
1-2-2026,bad,3500,11383.887323943662,2038.187539032067,7092,24284,11562.378175376489,0.5070422535211268,127652,1823.6,11472.0,1679.0821982772102,6864,16668,11592.51449591624,0.49295774647887325,135884,1941.2,3710.3661971830984,2193.662203709565,-3216,9312,4302.463755361245,0.38028169014084506,157656,2252.2285714285713,393.90140845070425,2327.9156351608963,-4962,6461,2344.7863201844093,0.49295774647887325,174471,2492.442857142857,117.04225352112677,2328.4711749289163,-6654,5407,2314.9759892892876,0.6056338028169014,193882,2769.7428571428572,348.01408450704224,1453.4835248263566,-4133,5353,1484.5784008158728,0.4647887323943662,99736,1424.8,1823.6,1941.2,2252.2285714285713,2492.442857142857,2769.7428571428572,1424.8,4.46872296261241,0.06976519599381617,0.23527819049347243,-0.09657395811404287,-0.4050893100390665,0.20279446705653745,0.19969575969951137,0.34505308699484233
1-2-2026,bad,3000,11475.606557377048,1332.243161972675,8328,14188,11551.420754289185,0.5573770491803278,103460,1724.3333333333333,10909.180327868853,1827.5378473800638,6764,14984,11058.723146880217,0.5245901639344263,137260,2287.6666666666665,4406.754098360656,2113.991805847709,-1004,10164,4880.080058467195,0.5081967213114754,153180,2553.0,336.75409836065575,2048.3116596824952,-4631,4884,2059.1755552193977,0.5081967213114754,130185,2169.75,284.8360655737705,2424.6903800989235,-5734,6147,2421.544125309236,0.6229508196721312,177340,2955.6666666666665,349.78688524590166,1429.55845298183,-1849,4393,1460.3033875214278,0.4262295081967213,85692,1428.2,1724.3333333333333,2287.6666666666665,2553.0,2169.75,2955.6666666666665,1428.2,4.627186873393532,-0.49756415769345336,0.45690625168808247,-0.20552500213505842,-0.347530943367548,0.178261670044054,0.21897140320159003,0.2992375882622022
1-2-2026,bad,3544,11454.333333333334,1189.18502096373,7224,14220,11515.04546235055,0.5555555555555556,90176,1270.0845070422536,11146.277777777777,1441.4258709593944,7528,14136,11237.809385186143,0.5138888888888888,120100,1691.5492957746478,3923.8888888888887,1655.3351012225874,-656,7620,4254.289704391191,0.4305555555555556,128056,1803.605633802817,404.2361111111111,1871.8754208957598,-5666,4391,1902.2772938711585,0.4444444444444444,136618,1924.1971830985915,115.26388888888889,2030.2084607671645,-4934,3939,2019.352787542473,0.4583333333333333,158985,2239.225352112676,141.08333333333334,1596.5170254889413,-4883,6464,1591.656431031661,0.4166666666666667,115533,1627.225352112676,1270.0845070422536,1691.5492957746478,1803.605633802817,1924.1971830985915,2239.225352112676,1627.225352112676,4.89855633043292,-0.1433823535518897,0.4339464382199421,-0.045576024457704534,-0.32223478599562866,0.16519928644012924,0.1796927424329445,0.37412977047958346
1-2-2026,good,6248,11779.36507936508,819.877908990597,9428,15048,11807.637635855977,0.5079365079365079,113444,907.552,11146.825396825398,872.705339315534,7632,12972,11180.665743871896,0.40476190476190477,107108,856.864,3441.2698412698414,1307.9271075267056,-544,11336,3679.5970793915285,0.3412698412698413,135292,1082.336,281.2063492063492,1029.3919628010337,-3663,3296,1063.1626971611263,0.38095238095238093,110132,881.056,270.2063492063492,1232.3395267049439,-2382,3710,1256.8290724916883,0.40476190476190477,138612,1108.896,48.25396825396825,1117.9105147479947,-2802,5347,1114.5106193459624,0.3253968253968254,112282,898.256,907.552,856.864,1082.336,881.056,1108.896,898.256,7.76470575090469,0.10068865021913788,0.3092977740450877,-0.16179425609998974,-0.42468389113419847,0.09004025444027895,0.11241093340690765,0.3028893096163052
1-2-2026,good,5750,11543.689655172413,900.2378276471371,9208,14776,11578.437396804637,0.45689655172413796,115472,1004.104347826087,11237.931034482759,1023.9499284984419,8416,14940,11284.082985674388,0.4827586206896552,120028,1043.7217391304348,3692.5172413793102,1612.0411715680789,-3696,8416,4026.283389310107,0.31896551724137934,152888,1329.4608695652173,269.0258620689655,1178.465970150856,-3414,4886,1203.8208746636112,0.35344827586206895,114660,997.0434782608696,105.68103448275862,1404.4182493528922,-3805,3469,1402.3393785951462,0.4051724137931034,157490,1369.4782608695652,183.24137931034483,1228.2923644367954,-3161,5425,1236.6379756252923,0.3103448275862069,116739,1015.1217391304348,1004.104347826087,1043.7217391304348,1329.4608695652173,997.0434782608696,1369.4782608695652,1015.1217391304348,6.9971937539381175,0.08097642481291094,0.3232853085260405,-0.1851790156859387,-0.46509850139247655,0.10397092744931757,0.12427588314010082,0.3071413151397785
1-2-2026,good,5652,11344.526315789473,895.4180336879323,8300,15344,11379.499887262644,0.42105263157894735,97792,865.4159292035398,11421.40350877193,927.4542158324882,8584,14340,11458.668512099277,0.3508771929824561,96876,857.3097345132743,3409.8245614035086,1133.4840817758254,-932,8024,3591.715418727214,0.34210526315789475,111684,988.3539823008849,243.58771929824562,1141.7414180490073,-3699,3681,1162.5289620991377,0.41228070175438597,113493,1004.362831858407,87.24561403508773,1279.2564389069994,-3596,3344,1276.6180307716274,0.35964912280701755,124573,1102.41592920354,68.78947368421052,1333.646159661644,-5486,6542,1329.5646695540295,0.30701754385964913,117443,1039.3185840707965,865.4159292035398,857.3097345132743,988.3539823008849,1004.362831858407,1102.41592920354,1039.3185840707965,7.012975833250967,-0.24281151495284878,0.401143451214111,0.022147150369439716,-0.38951569020532334,0.10215993440082768,0.11141067823999168,0.37017539369948416
1-2-2026,good,6953,11375.971428571429,951.8426200157882,8132,15860,11415.439494699398,0.5214285714285715,141608,1018.7625899280575,11253.142857142857,746.0373259262777,8964,14548,11277.66910061016,0.5071428571428571,106868,768.8345323741007,4604.857142857143,1247.956168360913,940,8696,4769.798701951987,0.3357142857142857,138828,998.7625899280575,203.8357142857143,956.4688700813728,-3457,2430,974.6010355891423,0.3,107920,776.4028776978417,157.12142857142857,1292.5194985816547,-3522,4803,1297.4439844776125,0.44285714285714284,161274,1160.2446043165467,39.73571428571429,945.575958704187,-2371,3752,943.0303774837494,0.3357142857142857,107904,776.2877697841726,1018.7625899280575,768.8345323741007,998.7625899280575,776.4028776978417,1160.2446043165467,776.2877697841726,8.541917029268744,-0.32580695382184244,0.2863375492035443,-0.10257758917168515,-0.3057882038925278,0.08537569105038041,0.11504540280334799,0.19770863221127466
1-2-2026,good,5249,11444.264150943396,810.1945245772688,8836,12788,11472.637208955135,0.42452830188679247,95024,904.9904761904762,11261.811320754718,1107.9254067482336,7900,13376,11315.666695105374,0.42452830188679247,120124,1144.0380952380951,4214.301886792453,1371.3579447971674,1084,9468,4429.810524505407,0.29245283018867924,115312,1098.2095238095237,234.17924528301887,1299.6021500896034,-4280,3895,1314.4854614265944,0.5,144111,1372.4857142857143,187.9433962264151,1510.7996421333505,-3012,4252,1515.3564310773709,0.49056603773584906,160272,1526.4,114.67924528301887,1282.5526447724312,-3791,5340,1281.6295493967016,0.4056603773584906,119063,1133.9333333333334,904.9904761904762,1144.0380952380951,1098.2095238095237,1372.4857142857143,1526.4,1133.9333333333334,6.620042193303761,-0.23779176619856665,0.30853007809721283,0.11964377089760765,-0.42512052458936034,0.11457570193939173,0.13391667250140252,0.2893192704332377
1-2-2026,good,4957,11522.16,923.637327924415,7720,13636,11558.751918784312,0.49,102476,1035.111111111111,11217.76,992.0155293668796,9260,16144,11261.100891120726,0.43,96416,973.89898989899,3966.36,1666.3027088664767,-1220,12676,4298.931346276653,0.43,150504,1520.2424242424242,289.55,1195.9745138918252,-3927,4109,1224.7002449579243,0.42,105715,1067.828282828283,239.8,1454.1032086527218,-3360,3913,1466.552426611473,0.38,143796,1452.4848484848485,69.62,1019.4929793527247,-3931,4016,1016.7690101493063,0.37,96973,979.5252525252525,1035.111111111111,973.89898989899,1520.2424242424242,1067.828282828283,1452.4848484848485,979.5252525252525,7.3135451938075855,-0.4451619282987436,0.2715364779088587,0.030459400074076392,-0.3517940429675077,0.10595436717191672,0.1302317100841894,0.2365166893845428
1-2-2026,good,4591,11579.440860215054,1079.9691769189083,7464,15388,11629.154863476093,0.5376344086021505,112168,1219.2173913043478,11447.483870967742,1065.1561593300607,8956,17500,11496.401396753196,0.45161290322580644,93956,1021.2608695652174,3571.569892473118,1474.0022373135746,-1640,7572,3860.7553553648663,0.3548387096774194,129316,1405.608695652174,262.8494623655914,1456.4811820321738,-3842,3909,1472.2829869112754,0.3655913978494624,122540,1331.9565217391305,163.50537634408602,1521.321005085468,-3260,3590,1521.9281841957795,0.3870967741935484,139820,1519.7826086956522,38.225806451612904,1336.270394801307,-3092,5034,1329.6163283613664,0.3118279569892473,113663,1235.4673913043478,1219.2173913043478,1021.2608695652174,1405.608695652174,1331.9565217391305,1519.7826086956522,1235.4673913043478,6.2413016274748685,-0.1357653714490184,0.2766978668609843,-0.027534378596560386,-0.3153093955648636,0.12660275007676608,0.13238300678099307,0.3443927950962633
1-2-2026,bad,12296,10236.275303643724,2005.2422651106237,3304,22916,10430.055095518266,0.5384615384615384,544316,2212.6666666666665,11380.793522267206,2143.8601046361564,5180,23972,11580.154986271682,0.5425101214574899,599168,2435.642276422764,6612.631578947368,2121.991438372731,604,16052,6943.451152772026,0.5060728744939271,590512,2400.4552845528456,232.30769230769232,1973.9382147555416,-4735,6169,1983.5886445861638,0.4817813765182186,538403,2188.630081300813,330.6761133603239,2137.013975637358,-5119,7137,2158.1673333795034,0.4817813765182186,575383,2338.9552845528456,185.63562753036436,1994.1377919691672,-6857,6667,1998.7362464807486,0.47368421052631576,514895,2093.069105691057,2212.6666666666665,2435.642276422764,2400.4552845528456,2188.630081300813,2338.9552845528456,2093.069105691057,4.715202001979089,0.06299598421167787,0.5840162626578453,0.05939427144460445,-0.3745720252608977,0.19018007347327628,0.1863677416884015,0.2878591931038409
1-2-2026,bad,12900,9971.876447876448,2019.9941323561375,3816,20352,10173.639557102357,0.5714285714285714,607948,2356.3875968992247,11574.223938223939,2271.8761012486443,5560,18344,11794.242346378021,0.5675675675675675,697968,2705.3023255813955,6652.756756756757,2055.2198883429974,1028,14360,6961.809581470083,0.5714285714285714,642128,2488.8682170542634,175.6911196911197,2082.485674955221,-6465,6842,2085.8738601885207,0.444015444015444,555316,2152.3875968992247,366.03861003861005,2029.0693914705607,-5562,8185,2057.9627385364956,0.5173745173745173,579248,2245.1472868217056,61.08108108108108,2085.4957800099087,-6970,5248,2082.3618588508843,0.46332046332046334,562469,2180.1124031007753,2356.3875968992247,2705.3023255813955,2488.8682170542634,2152.3875968992247,2245.1472868217056,2180.1124031007753,4.646445447800175,0.04833846973091737,0.5106545353189915,-0.032155872594376474,-0.374525368082235,0.20502730102397979,0.17448876137380723,0.29911215384205503
1-2-2026,bad,11896,9543.07949790795,2163.6731349328156,-104,21128,9784.286379179157,0.497907949790795,568784,2389.8487394957983,11663.598326359832,2319.7386058185343,5444,20700,11891.097413206931,0.5481171548117155,653152,2744.3361344537816,6925.389121338912,2145.282511426115,-312,16528,7248.723702404965,0.5690376569037657,607644,2553.126050420168,307.0962343096234,2272.1066898426616,-6808,6431,2288.050834060918,0.47280334728033474,594160,2496.470588235294,331.8075313807531,2057.114429954307,-7055,8288,2079.4494644770302,0.5062761506276151,526490,2212.1428571428573,14.719665271966527,2202.457523715569,-6886,5819,2197.8943327439447,0.41422594142259417,540600,2271.4285714285716,2389.8487394957983,2744.3361344537816,2553.126050420168,2496.470588235294,2212.1428571428573,2271.4285714285716,4.405539821257946,-0.13528976281932242,0.606401204766482,0.06169354547863267,-0.4455341434150236,0.23384953640523165,0.17487447895200997,0.30321121657755024
1-2-2026,good,21145,11884.047169811322,1095.8698985961707,8256,16832,11934.348561396455,0.5636792452830188,523736,1238.146572104019,10799.72641509434,1215.3315167722474,6016,14144,10867.733791991084,0.4268867924528302,524052,1238.8936170212767,4332.056603773585,1268.8538029055107,-488,9112,4513.635701436595,0.4669811320754717,573204,1355.0921985815603,140.10141509433961,1171.1180274144483,-2989,4273,1178.096400859022,0.42452830188679247,472254,1116.4397163120568,387.6627358490566,1406.995753891468,-3621,4836,1457.8238895437707,0.44575471698113206,578025,1366.4893617021276,81.66745283018868,1463.103437660095,-5322,6108,1463.6572304359881,0.3443396226415094,535528,1266.0236406619385,1238.146572104019,1238.8936170212767,1355.0921985815603,1116.4397163120568,1366.4893617021276,1266.0236406619385,6.663056841665048,-0.04536511787418505,0.360640734018902,-0.12297615606200131,-0.3767965531509067,0.09871476391858094,0.13414239963109545,0.3242745597846681
1-2-2026,good,19055,10985.4554973822,1263.0808382882958,5472,21616,11057.64121860407,0.5497382198952879,501580,1316.4829396325458,11277.424083769634,1229.8958337754195,7484,16468,11344.116445395894,0.4397905759162304,495272,1299.9265091863517,5491.361256544503,1399.8321798052666,-28,10992,5666.520000976434,0.4816753926701571,596572,1565.8057742782153,213.91623036649216,1378.7034851812207,-3754,4130,1393.4157586448455,0.4397905759162304,517136,1357.3123359580052,292.8586387434555,1386.324476725307,-5300,5805,1415.1433131872682,0.45287958115183247,531518,1395.0603674540682,96.48167539267016,1528.055515072552,-4948,6077,1529.1010191290734,0.3900523560209424,556920,1461.732283464567,1316.4829396325458,1299.9265091863517,1565.8057742782153,1357.3123359580052,1395.0603674540682,1461.732283464567,6.470833829740191,0.01722603312043038,0.41700061494102875,0.02456439698711632,-0.4200376090749315,0.126013833418149,0.12474689587983463,0.2698483405327672
1-2-2026,good,19054,10886.910994764397,1360.100902322405,6232,21832,10971.320014889272,0.45549738219895286,486712,1277.4593175853017,11331.267015706806,1317.4890485626092,5692,17316,11407.403107388214,0.418848167539267,506044,1328.1994750656168,5563.989528795812,1393.3857855585536,64,10744,5735.3658035493745,0.4476439790575916,533332,1399.8215223097113,230.54188481675394,1344.3734725418112,-4873,4068,1362.2622132674512,0.42408376963350786,498925,1309.5144356955382,344.5785340314136,1399.284612069592,-3676,4766,1439.3075223797928,0.4162303664921466,523866,1374.976377952756,70.1413612565445,1494.0497540673096,-5089,6483,1493.7406276951917,0.3481675392670157,533933,1401.3989501312335,1277.4593175853017,1328.1994750656168,1399.8215223097113,1309.5144356955382,1374.976377952756,1401.3989501312335,6.5452986026845155,0.2107126491768781,0.4734454573960891,0.09751112815558619,-0.4116767630696065,0.12416575319055025,0.12617310957665953,0.26044382844950104
1-2-2026,good,20353,10727.686274509804,1206.5882941807035,7216,20764,10795.162798361924,0.45588235294117646,477512,1173.2481572481572,11354.892156862745,1260.064780573025,6628,17908,11424.423292605516,0.43137254901960786,518288,1273.4348894348893,5807.35294117647,1402.073288589471,1656,11524,5973.80444351937,0.47794117647058826,593920,1459.2628992628993,198.59313725490196,1360.0919867547045,-3854,4633,1372.8639772388233,0.42892156862745096,530703,1303.938574938575,281.0220588235294,1425.1944225327138,-4231,5470,1450.9218308764002,0.38480392156862747,559047,1373.5798525798525,84.09803921568627,1433.9314473747,-4403,6224,1434.640118499355,0.36519607843137253,534739,1313.8550368550368,1173.2481572481572,1273.4348894348893,1459.2628992628993,1303.938574938575,1373.5798525798525,1313.8550368550368,6.620613112385346,0.13215059371432958,0.4130011638407678,0.18883953592762898,-0.39165457553834354,0.1271739947562412,0.1270017569892137,0.24015518616709267
1-2-2026,good,15802,10119.356466876972,1722.5455816195686,5416,22132,10264.46191711721,0.555205047318612,591168,1870.7848101265822,11640.22712933754,1807.8947961147053,5616,21104,11779.348901471029,0.5299684542586751,609680,1929.367088607595,6548.07570977918,1761.501170591926,1700,15516,6780.147018310545,0.5173501577287066,629604,1992.4177215189873,156.55520504731862,1767.7980208922643,-6265,5067,1771.9370711814597,0.45741324921135645,539192,1706.3037974683543,305.5078864353312,2032.8224666971028,-5073,6449,2052.478109790015,0.4384858044164038,649162,2054.3101265822784,112.98107255520505,1839.387244804497,-6093,6083,1839.9557454217236,0.4353312302839117,574816,1819.0379746835442,1870.7848101265822,1929.367088607595,1992.4177215189873,1706.3037974683543,2054.3101265822784,1819.0379746835442,5.088642358766547,0.2171237434018868,0.5656130628573918,0.22835674379608886,-0.4463660114718536,0.17262834479944006,0.17424376566004032,0.2713740189086377
1-2-2026,good,15452,10429.23870967742,1951.2647332789409,3460,25700,10609.62638726828,0.5096774193548387,598288,1936.2071197411003,11540.18064516129,1852.71514033052,5924,16636,11687.482618651902,0.49032258064516127,641632,2076.4789644012944,6215.096774193548,1844.9814963831027,636,13392,6482.314719992563,0.46774193548387094,615532,1992.0129449838187,125.1258064516129,1808.5896417408042,-6378,5357,1810.0003751559047,0.4258064516129032,581115,1880.631067961165,337.36451612903227,2071.8006503182564,-7548,10129,2095.7877839809717,0.45806451612903226,616319,1994.5598705501618,74.18064516129033,1785.1328922491662,-6812,7187,1783.7944207458077,0.4290322580645161,548347,1774.5857605177994,1936.2071197411003,2076.4789644012944,1992.0129449838187,1880.631067961165,1994.5598705501618,1774.5857605177994,5.05826628171515,0.04546945417122959,0.4795937406415256,0.02175701788507262,-0.30281880975043973,0.17059982217256342,0.17931900753863042,0.27517862021865475
1-2-2026,good,15199,10509.691803278689,1989.1313422716944,5852,26836,10695.667005618769,0.5311475409836065,616692,2028.592105263158,11328.445901639345,1976.191928270074,5684,20016,11498.965897340366,0.4852459016393443,656240,2158.684210526316,6533.009836065574,1950.263592989362,-1148,15428,6816.984305130344,0.49508196721311476,641128,2108.9736842105262,81.6032786885246,1895.6356687942448,-7601,5386,1894.2840154389576,0.4721311475409836,612874,2016.032894736842,340.57377049180326,1932.187564610658,-6257,10153,1958.851395630596,0.4524590163934426,568206,1869.0986842105262,107.77049180327869,1797.9986552436521,-4602,6474,1798.280929565607,0.45901639344262296,551507,1814.1677631578948,2028.592105263158,2158.684210526316,2108.9736842105262,2016.032894736842,1869.0986842105262,1814.1677631578948,5.13351263724013,0.23387800644850018,0.6083484469602518,0.14004541862877332,-0.3984919610068321,0.17710760948959267,0.17035022218070192,0.2637942011907608
1-2-2026,bad,9700,8377.620512820513,2014.993837341819,2316,19856,8615.329597992828,0.5282051282051282,425424,2192.907216494845,13173.02564102564,1939.2813458893495,8456,19828,13314.282949582319,0.5435897435897435,426456,2198.226804123711,6200.369230769231,1855.1701028176851,-1360,11624,6470.5938823066,0.517948717948718,403160,2078.144329896907,79.91282051282052,2304.559498483665,-5808,5370,2300.031450175165,0.4564102564102564,450450,2321.907216494845,269.62051282051283,1857.077961820151,-6631,5443,1871.8301040590031,0.4564102564102564,370233,1908.4175257731958,96.51282051282051,1824.4459075785578,-6363,5760,1822.319356177022,0.4666666666666667,350783,1808.159793814433,2192.907216494845,2198.226804123711,2078.144329896907,2321.907216494845,1908.4175257731958,1808.159793814433,4.73796284256552,-0.17850220015557094,0.4866749958965992,0.12925279910391194,-0.20409474866326408,0.26696964100410614,0.1405881271268263,0.281630927398859
1-2-2026,bad,10000,8216.25870646766,1827.4360652937544,3244,17076,8416.045102313741,0.5074626865671642,405548,2027.74,13470.44776119403,1891.2412798232442,8708,25428,13601.910214107313,0.5373134328358209,413872,2069.36,5694.746268656716,1994.7616449838079,604,15216,6032.36377355655,0.5422885572139303,450048,2250.24,-8.7363184079602,2560.2713147485715,-7444,6000,2553.909481910243,0.4527363184079602,498214,2491.07,323.32338308457713,1998.1916899788414,-6933,5867,2019.2680635412949,0.5124378109452736,434864,2174.32,151.25870646766168,2117.7373639656826,-5985,8105,2117.8711584468715,0.4925373134328358,418239,2091.195,2027.74,2069.36,2250.24,2491.07,2174.32,2091.195,4.192215649161605,-0.15427399719823237,0.36713822156788567,0.3523157756568513,-0.549854097609901,0.3034571999744469,0.14845474140084697,0.3510847882516104
1-2-2026,bad,10150,7918.941176470588,1745.4523646074906,1744,15080,8108.100824508299,0.5147058823529411,398524,1963.1724137931035,13375.843137254902,1677.8713158680464,8000,17076,13480.15695492496,0.5196078431372549,389908,1920.729064039409,5974.058823529412,1746.3593422282174,320,9556,6222.8771417704065,0.5637254901960784,420288,2070.384236453202,258.23039215686276,2021.0405920556843,-5640,4967,2032.5514596866938,0.45588235294117646,428525,2110.960591133005,415.2843137254902,1543.8619439634938,-3632,4310,1595.0820957420538,0.5,336282,1656.5615763546798,69.29411764705883,1804.729528679953,-6942,7090,1801.633820055737,0.45588235294117646,349025,1719.334975369458,1963.1724137931035,1920.729064039409,2070.384236453202,2110.960591133005,1656.5615763546798,1719.334975369458,5.122447098785491,-0.2134127201683994,0.3698536155132512,0.24129370348495702,-0.32153720867443325,0.2506815718536988,0.11832815455764883,0.289517819285382
1-2-2026,good,14300,10374.815331010454,1370.4455265725082,5548,15680,10464.624700316152,0.44947735191637633,403744,1411.6923076923076,11197.728222996515,1334.3812567877337,6756,16404,11276.678881934688,0.43205574912891986,392824,1373.5104895104896,7035.094076655052,1381.4912036144467,2632,12244,7168.989937553175,0.5087108013937283,433696,1516.4195804195804,147.49825783972125,1412.4897075547146,-4576,3927,1417.7204404912695,0.43902439024390244,404098,1412.93006993007,356.30313588850174,1465.4309333348833,-5147,5430,1505.6417930767043,0.45993031358885017,429819,1502.8636363636363,123.62717770034843,1415.7216019485697,-4041,7331,1418.6499999293876,0.445993031358885,389873,1363.1923076923076,1411.6923076923076,1373.5104895104896,1516.4195804195804,1412.93006993007,1502.8636363636363,1363.1923076923076,6.658270856565359,-0.18151616222516914,0.4252130852239752,0.05656529435800996,-0.16614176532255398,0.13547742809285465,0.13351819349535918,0.1978870122693596
1-2-2026,good,13925,10001.308823529413,1222.628705800163,6408,16892,10075.490234752264,0.47058823529411764,348444,1285.771217712177,11457.926470588236,1183.9996985161738,7568,15484,11518.714355854334,0.49264705882352944,340880,1257.859778597786,7224.014705882353,1349.6779770928174,2712,12560,7348.55917450329,0.5147058823529411,412356,1521.608856088561,190.59926470588235,1461.7121100590173,-4501,5209,1471.4194564813138,0.4632352941176471,383797,1416.2250922509224,348.2389705882353,1413.9248943593057,-4877,4708,1453.6519692808583,0.45955882352941174,376455,1389.1328413284132,168.20220588235293,1334.4260923191941,-4396,5118,1342.5491843876707,0.4227941176470588,340325,1255.8118081180812,1285.771217712177,1257.859778597786,1521.608856088561,1416.2250922509224,1389.1328413284132,1255.8118081180812,6.781943945413582,-0.05751321238928438,0.36575793683388375,0.18125336812327003,-0.3083844276689269,0.146039490094494,0.12619915072517163,0.18269556688923605
1-2-2026,good,15125,10292.087336244542,1203.0908991581523,5068,15876,10361.861261544349,0.5152838427947598,291776,1279.719298245614,11234.096069868996,1065.0188077708012,7756,15684,11284.24682667899,0.44541484716157204,253220,1110.6140350877192,6829.74672489083,1232.9880502509322,2668,10728,6939.672987274377,0.4585152838427948,293848,1288.8070175438597,116.62445414847161,1373.557098908078,-4515,3795,1375.5077903169824,0.45414847161572053,318768,1398.1052631578948,301.3056768558952,1355.502769096779,-4502,4699,1385.6945336586105,0.40611353711790393,308262,1352.0263157894738,199.72489082969432,1256.8006751831758,-3002,6015,1269.8584093955765,0.3799126637554585,260902,1144.3070175438597,1279.719298245614,1110.6140350877192,1288.8070175438597,1398.1052631578948,1352.0263157894738,1144.3070175438597,7.091379405861766,-0.1572017062580632,0.28954990678310893,0.12394499845764423,-0.2132789685148791,0.1327471730671703,0.12279902724740631,0.18298533829204827
1-2-2026,good,16493,10174.16560509554,1134.5426903635228,6044,15228,10237.027574161364,0.46178343949044587,360884,1152.9840255591055,11260.063694267516,998.0709552495886,8104,15688,11304.07039930116,0.42356687898089174,322564,1030.555910543131,7101.235668789809,1165.2591815803123,3076,13340,7195.90527229883,0.4713375796178344,376660,1203.3865814696485,163.94585987261146,1374.792652480756,-4330,4028,1382.3580575824258,0.4267515923566879,405716,1296.217252396166,345.30254777070064,1262.3715070891062,-4740,4634,1306.8054828717602,0.4140127388535032,377898,1207.3418530351437,140.5859872611465,1078.5910851681901,-2409,4957,1086.0102139084033,0.39490445859872614,294713,941.5750798722045,1152.9840255591055,1030.555910543131,1203.3865814696485,1296.217252396166,1207.3418530351437,941.5750798722045,7.612100821833905,-0.2730290193744642,0.2205471916664222,0.16286526595408687,-0.28420045835705404,0.13503510149142448,0.11560486060286254,0.15092058228422758
1-2-2026,good,11350,9606.333333333334,1559.698907273758,3760,14764,9731.5790716651,0.5131578947368421,392476,1728.9691629955946,11751.59649122807,1474.7912312156097,6900,18412,11843.373242213807,0.5307017543859649,357156,1573.374449339207,7114.298245614035,1898.6666823246244,-44,12808,7362.225450157538,0.5657894736842105,503508,2218.0969162995593,66.97368421052632,2132.603498572534,-6813,6228,2128.975293009671,0.4473684210526316,486799,2144.488986784141,269.85087719298247,1899.414587450895,-6351,5539,1914.3593426999164,0.47368421052631576,442177,1947.9162995594713,80.08771929824562,1934.3243743547694,-10898,7841,1931.7386609958307,0.38596491228070173,347224,1529.6211453744493,1728.9691629955946,1573.374449339207,2218.0969162995593,2144.488986784141,1947.9162995594713,1529.6211453744493,4.842982892803853,-0.12101639456286757,0.3834274409745948,0.3539687883215304,-0.23402664410423557,0.21876976769265746,0.1616397037724733,0.2623851543003359
1-2-2026,good,11897,9407.849372384937,1544.574209878254,4976,16356,9533.276312749469,0.5062761506276151,404232,1698.453781512605,12034.092050209205,1356.057052998492,7864,16784,12109.936750471425,0.4686192468619247,342800,1440.3361344537816,6980.418410041841,1575.0665320868138,2816,11888,7155.186629204354,0.5271966527196653,428056,1798.5546218487395,38.88284518828452,1980.1611647332954,-5598,5219,1976.3967456546545,0.41841004184100417,447118,1878.6470588235295,293.1548117154812,1776.7231490025508,-7306,5159,1797.0744984941707,0.41841004184100417,384785,1616.7436974789916,152.5020920502092,1413.025827981153,-4651,5737,1418.2893668195757,0.4100418410041841,299006,1256.327731092437,1698.453781512605,1440.3361344537816,1798.5546218487395,1878.6470588235295,1616.7436974789916,1256.327731092437,5.546942905271328,-0.21012963281827124,0.3776303637286762,0.4096138444430575,-0.32178968138676634,0.2073155839198928,0.1483966873960606,0.19821836104630983
1-2-2026,good,12149,8952.27868852459,1189.6558222910649,5208,14640,9030.6574711178,0.5245901639344263,324488,1335.3415637860082,12405.524590163934,1155.7380925138211,9476,17252,12459.024704613277,0.44672131147540983,295568,1216.329218106996,6755.245901639344,1426.6173598925957,1092,11820,6903.639847757195,0.5532786885245902,380084,1564.1316872427983,216.14754098360655,1771.8752251592161,-4826,5059,1781.4024245971643,0.45081967213114754,417323,1717.3786008230452,405.5450819672131,1441.6909546289182,-3968,4244,1494.7980769935473,0.45081967213114754,359821,1480.7448559670781,140.45901639344262,1302.7239593877187,-3619,4723,1307.6173614381335,0.4180327868852459,304522,1253.1769547325102,1335.3415637860082,1216.329218106996,1564.1316872427983,1717.3786008230452,1480.7448559670781,1253.1769547325102,6.194251793096462,-0.2095129410998612,0.32074189443742934,0.4823098709176986,-0.3775559342143482,0.19726165343965854,0.11997713403040948,0.18940984612248174
1-2-2026,good,31288,11429.192982456141,991.2636299713766,6224,18432,11472.030712279186,0.4625199362041467,612476,978.3961661341853,10677.186602870814,961.1106570815317,7192,14948,10720.287971327905,0.4433811802232855,604456,965.5846645367412,5730.794258373206,1309.9421837224022,344,11408,5878.368361755771,0.37161084529505584,762328,1217.776357827476,126.83732057416267,1210.7827329988947,-5167,4661,1216.4474598795987,0.3939393939393939,697058,1113.5111821086261,323.74162679425837,1235.9731598972878,-4178,4843,1276.7152705194967,0.38118022328548645,690987,1103.8130990415336,72.25837320574162,1293.8242902956379,-4397,7208,1294.8099242869193,0.34290271132376393,700179,1118.496805111821,978.3961661341853,965.5846645367412,1217.776357827476,1113.5111821086261,1103.8130990415336,1118.496805111821,7.410477740177658,-0.003723721238113966,0.372058475414258,-0.0036697244914942616,-0.2554208628680697,0.10603593123853197,0.11909337452641755,0.22026689114799097
1-2-2026,good,27800,11089.845601436265,1116.2689707087306,7088,18012,11145.783722714918,0.4703770197486535,615964,1107.8489208633093,10716.043087971275,1112.8850048910313,6808,14996,10773.572710810313,0.4452423698384201,621696,1118.158273381295,6372.861759425494,1352.2403914167455,1704,13020,6514.494471486681,0.39676840215439857,705964,1269.7194244604316,153.89407540394973,1367.7369395765045,-4355,3822,1375.1469691325876,0.3985637342908438,713854,1283.910071942446,243.87253141831238,1470.185712312076,-5147,4634,1488.9725742103005,0.4111310592459605,725088,1304.1151079136691,34.287253141831236,1352.1325097090319,-5194,6226,1351.3532482057626,0.414721723518851,719649,1294.3327338129495,1107.8489208633093,1118.158273381295,1269.7194244604316,1283.910071942446,1304.1151079136691,1294.3327338129495,6.74511550762992,-0.030340958684736793,0.47396242681890605,0.2014806586578973,-0.25084985529012316,0.12337822114802777,0.13820601707899963,0.2074379299749303
1-2-2026,good,29100,10227.046312178387,1015.184805133108,7568,17132,10277.222810987876,0.4699828473413379,620948,1066.9209621993127,11372.356775300172,1078.4524659390079,6820,16396,11423.290392411694,0.42538593481989706,636672,1093.9381443298969,6789.248713550601,1257.645464751982,2716,12876,6904.5533687030975,0.39622641509433965,745980,1281.7525773195875,135.30531732418524,1312.3271489214949,-5981,3986,1318.163889450441,0.411663807890223,717704,1233.1683848797252,326.4339622641509,1294.7804715196994,-5361,4805,1334.2188848124026,0.41852487135506006,724590,1245.0,67.96569468267582,1232.6687119661544,-3520,6127,1233.4849777741565,0.39451114922813035,663020,1139.2096219931273,1066.9209621993127,1093.9381443298969,1281.7525773195875,1233.1683848797252,1245.0,1139.2096219931273,7.361307278083866,0.031350748558424076,0.37019566067649834,0.11442619454955459,-0.25554020471117606,0.12826070948981153,0.1167981237334126,0.17864804741558504
1-2-2026,good,25740,10327.658914728681,1184.4960420897144,6320,19280,10395.232103258693,0.5038759689922481,625432,1214.4310679611651,11247.139534883721,1136.9115599092645,7204,16144,11304.344768081824,0.47093023255813954,616944,1197.9495145631067,6843.062015503876,1382.1956544623379,2276,14708,6980.99277495909,0.4418604651162791,740900,1438.6407766990292,174.36046511627907,1525.5582921744772,-5774,4264,1534.020648113059,0.38372093023255816,742977,1442.673786407767,338.3662790697674,1431.2144166252087,-5298,4781,1469.318456545138,0.4166666666666667,715366,1389.0601941747573,82.05232558139535,1448.164104300639,-5928,6271,1449.0850755568322,0.3856589147286822,696743,1352.8990291262137,1214.4310679611651,1197.9495145631067,1438.6407766990292,1442.673786407767,1389.0601941747573,1352.8990291262137,6.441562726054758,-0.009930880267243793,0.43306236857474967,0.17547327059245216,-0.339586646014993,0.14756963891980873,0.12997820630558146,0.2075757878660386
1-2-2026,bad,17349,9989.655172413793,2228.4789184493466,2220,21448,10234.503324482854,0.47988505747126436,794044,2288.3112391930836,12069.218390804597,1877.30721017896,6968,20472,12213.934160546343,0.49712643678160917,743168,2141.6945244956773,6160.6781609195405,2044.2241962928138,956,12120,6490.053911187098,0.5373563218390804,847440,2442.190201729107,176.15804597701148,1914.0872515770468,-6921,4833,1919.4357775197868,0.47413793103448276,712813,2054.21613832853,392.25,2093.997262142831,-5812,10468,2127.459641417921,0.4166666666666667,722681,2082.6541786743514,141.88793103448276,1886.9376641032075,-4307,7287,1889.5593439656284,0.4367816091954023,684060,1971.3544668587897,2288.3112391930836,2141.6945244956773,2442.190201729107,2054.21613832853,2082.6541786743514,1971.3544668587897,4.874709325198102,-0.09415983117479988,0.4671690093160029,-0.13234432758669262,-0.3104218428673381,0.18754557172702171,0.1741829956899468,0.29114694107816147
1-2-2026,bad,17499,9516.74074074074,2364.522223807234,2764,32524,9805.273631936592,0.4928774928774929,820044,2342.982857142857,12503.917378917378,2135.5882311799373,7796,32767,12684.466617046788,0.5071225071225072,783066,2237.3314285714287,6045.276353276353,2028.9710863205885,1672,17612,6375.763585575088,0.5498575498575499,838196,2394.845714285714,75.29344729344729,1888.359466971211,-6599,4770,1887.1701874074092,0.47293447293447294,700349,2000.9971428571428,368.78632478632477,1801.6640046471,-5924,5929,1836.5044773037432,0.4700854700854701,656006,1874.3028571428572,164.46438746438747,1939.5563743914252,-5458,8308,1943.7617807742954,0.39886039886039887,682259,1949.3114285714287,2342.982857142857,2237.3314285714287,2394.845714285714,2000.9971428571428,1874.3028571428572,1949.3114285714287,5.0932205604985406,0.11731192037549922,0.5095403959613505,-0.16338069150695458,-0.20398691008144543,0.19246481618506536,0.1447837368810496,0.30486729226709597
1-2-2026,bad,17991,9081.038674033149,1893.8821182229249,2960,20628,9275.890502737973,0.5248618784530387,733068,2030.6592797783933,12724.850828729283,1762.0552168148915,7724,18256,12845.936723273338,0.5359116022099447,743724,2060.1772853185594,6296.906077348066,1845.7445365491917,864,13228,6561.127042383674,0.5580110497237569,790828,2190.6592797783933,146.28729281767957,1881.0304066969286,-5556,6236,1884.118128342,0.48066298342541436,743251,2058.8670360110805,378.01657458563534,1663.637547340525,-4954,5348,1703.8018861954915,0.4696132596685083,652574,1807.6842105263158,213.65193370165747,1884.4208572282666,-4719,8592,1893.905913115751,0.4088397790055249,679311,1881.7479224376732,2030.6592797783933,2060.1772853185594,2190.6592797783933,2058.8670360110805,1807.6842105263158,1881.7479224376732,5.232372322964607,-0.05593402818005828,0.4466301989125663,0.008697785155966671,-0.3848610432096859,0.203119919061436,0.1326335262866454,0.2886555770971681
1-2-2026,good,20546,11390.699029126214,1773.6351105295564,5580,22704,11527.626402926011,0.5145631067961165,766420,1864.7688564476887,10792.417475728156,1637.659959085422,4976,16992,10915.662855402577,0.4878640776699029,745132,1812.9732360097323,5569.058252427184,1711.9156829706396,996,15212,5825.628883090232,0.4830097087378641,787240,1915.4257907542578,123.07038834951456,1922.3702807341697,-7307,5458,1923.9761272816029,0.470873786407767,843867,2053.204379562044,354.05582524271847,1820.8706613172144,-5844,8117,1852.8027398291613,0.4344660194174757,751120,1827.5425790754257,145.74271844660194,1933.1970121803558,-8202,8076,1936.342074910309,0.4587378640776699,797087,1939.3844282238442,1864.7688564476887,1812.9732360097323,1915.4257907542578,2053.204379562044,1827.5425790754257,1939.3844282238442,4.948069264304833,0.22430414765853043,0.48809082743135473,0.05933471259335736,-0.38038191576087443,0.16690132555183662,0.16973799614399052,0.3323833552457231
1-2-2026,good,21646,11467.087557603687,1478.247091472735,7644,26736,11561.7592286308,0.5483870967741935,654992,1512.6836027713625,10874.94930875576,1344.5605898852236,6852,17456,10957.563602854381,0.4792626728110599,631472,1458.364896073903,5376.147465437788,1440.4349793395318,-164,9972,5565.342193676764,0.5069124423963134,707740,1634.5034642032333,239.79032258064515,1609.3065595420642,-4847,4644,1625.2383100690583,0.46543778801843316,725582,1675.7090069284066,368.3479262672811,1492.22297900932,-6651,4899,1535.3432518240536,0.47465437788018433,684372,1580.5357967667437,96.97926267281106,1590.6627148921875,-6245,6503,1591.7860653618577,0.4447004608294931,708119,1635.378752886836,1512.6836027713625,1458.364896073903,1634.5034642032333,1675.7090069284066,1580.5357967667437,1635.378752886836,5.909615421623937,0.18801771399785536,0.3952841724251228,-0.03404347115396287,-0.34585863310978177,0.14057015699685668,0.1401172110270926,0.2860176445007096
1-2-2026,good,21089,10412.796163069544,1402.3930163448956,5604,19240,10506.584306242094,0.4460431654676259,603592,1450.9423076923076,11509.486810551558,1429.587102656018,7680,18884,11597.71981558717,0.460431654676259,624932,1502.2403846153845,6274.695443645084,1521.9314353944103,612,12948,6456.200398650121,0.49160671462829736,708236,1702.4903846153845,173.67625899280574,1596.0822658205122,-5459,4746,1603.6000064901932,0.4580335731414868,698810,1679.8317307692307,398.60671462829737,1683.152014980147,-4061,5012,1727.7425305289446,0.3980815347721823,686031,1649.1129807692307,132.45323741007195,1550.3007178340135,-4367,5795,1554.0954118588315,0.39568345323741005,617405,1484.1466346153845,1450.9423076923076,1502.2403846153845,1702.4903846153845,1679.8317307692307,1649.1129807692307,1484.1466346153845,5.84604795178962,0.024983352212687125,0.4927838906174126,-0.12660485639959101,-0.36533946280329604,0.15262810058877518,0.1489726047751137,0.24071362653845937
1-2-2026,bad,3600,12231.397260273972,1785.0588127544675,6832,16784,12359.201596769472,0.5068493150684932,142760,1982.7777777777778,10783.013698630137,2100.7010238195267,4164,14940,10982.98128550751,0.4246575342465753,166416,2311.3333333333335,-894.8493150684932,2395.820386464919,-6688,6376,2542.062370574414,0.3698630136986301,180048,2500.6666666666665,466.52054794520546,1761.2812974081387,-4896,4945,1810.3200125793244,0.4657534246575342,127965,1777.2916666666667,84.73972602739725,2563.5679781388308,-5686,7094,2547.3585997296177,0.547945205479452,199360,2768.8888888888887,107.06849315068493,2673.574310256918,-7776,8798,2657.356854480556,0.3561643835616438,190149,2640.9583333333335,1982.7777777777778,2311.3333333333335,2500.6666666666665,1777.2916666666667,2768.8888888888887,2640.9583333333335,3.689823860720658,0.03880320807169133,0.5472892111348815,-0.3034802704099751,-0.581602402469966,0.1464754821141555,0.23193689702986417,1.0453547026207446
1-2-2026,bad,3449,12331.942857142858,2617.615464755099,3888,24560,12602.810833868994,0.4857142857142857,172104,2494.2608695652175,10604.0,1720.8574876362143,4860,14104,10740.757025727484,0.5285714285714286,136396,1976.7536231884058,-1.542857142857143,2599.705159903042,-6524,6312,2581.0695014719327,0.4142857142857143,209672,3038.7246376811595,466.7857142857143,1879.318392418596,-5419,4195,1923.3490842798144,0.42857142857142855,136431,1977.2608695652175,141.57142857142858,3206.5874567852384,-6068,8482,3186.7470830658294,0.44285714285714284,240696,3488.3478260869565,127.52857142857142,2900.8632084681803,-7191,11183,2882.890303150642,0.42857142857142855,191251,2771.753623188406,2494.2608695652175,1976.7536231884058,3038.7246376811595,1977.2608695652175,3488.3478260869565,2771.753623188406,3.243423150222763,0.2274151566820735,0.41084648275062463,-0.36309411916446843,-0.38713690153171876,0.15261270755237893,0.29669669234076085,1.1169363321637216
1-2-2026,bad,3500,11864.281690140846,1564.0248918652944,7064,16308,11965.487901978522,0.4788732394366197,115716,1653.0857142857142,11201.18309859155,1860.5809715543855,5700,16668,11352.511050641157,0.4507042253521127,141764,2025.2,-198.4788732394366,2342.1333734083114,-7488,5776,2334.035301518037,0.4647887323943662,186440,2663.4285714285716,428.3098591549296,1724.9752510982319,-4868,5703,1765.5254015906914,0.4084507042253521,118917,1698.8142857142857,186.32394366197184,2342.9629518115235,-6280,5378,2333.854205108842,0.4788732394366197,186648,2666.4,93.64788732394366,2090.2222034893225,-4994,7117,2077.5618327775674,0.38028169014084506,140751,2010.7285714285715,1653.0857142857142,2025.2,2663.4285714285716,1698.8142857142857,2666.4,2010.7285714285715,4.152869911642934,-0.1144754055289846,0.40259682514391376,-0.35746645082607564,-0.38308710152988346,0.14755147603727936,0.20558043894363373,0.8901158566608751
1-2-2026,good,6851,12483.130434782608,851.9550708321407,9616,15624,12511.95881048856,0.5144927536231884,116756,852.2335766423357,10641.855072463768,899.7193605496133,7604,14300,10679.546264041235,0.38405797101449274,118980,868.4671532846716,966.3188405797101,1272.0200899661443,-2736,8412,1593.7635705588766,0.39855072463768115,158188,1154.6569343065694,255.47101449275362,898.2033908144058,-2697,3968,930.6925464094085,0.37681159420289856,100640,734.5985401459855,157.8695652173913,1348.4081170090412,-4835,4433,1352.757130852565,0.3115942028985507,144991,1058.3284671532847,61.01449275362319,1091.3671997783015,-2901,5774,1089.1162019955793,0.2971014492753623,115673,844.3284671532847,852.2335766423357,868.4671532846716,1154.6569343065694,734.5985401459855,1058.3284671532847,844.3284671532847,7.349083613214961,-0.054435477609049134,0.3499096922254462,-0.30677312156262865,-0.4159504605273511,0.07438423994449539,0.12666803413556277,0.6833612095489818
1-2-2026,good,6904,12530.503597122302,931.7446031084643,9220,17028,12564.84869522164,0.45323741007194246,137908,999.3333333333334,10492.575539568345,1002.6282633507873,7652,15196,10540.027171548392,0.3669064748201439,138904,1006.5507246376811,-86.50359712230215,1304.814209519416,-3496,4780,1302.9867626331138,0.39568345323741005,162948,1180.7826086956522,204.30935251798562,972.3181462466862,-3870,3371,990.1229376469753,0.31654676258992803,104091,754.2826086956521,38.68345323741007,1416.6494459446328,-4561,4260,1412.0743479111775,0.2805755395683453,145354,1053.2898550724638,96.44604316546763,1232.1221716942712,-3717,4780,1231.464624868355,0.30935251798561153,134223,972.6304347826087,999.3333333333334,1006.5507246376811,1180.7826086956522,754.2826086956521,1053.2898550724638,972.6304347826087,6.717152895444001,-0.08746641369821381,0.34751206516125427,-0.2656524543071373,-0.4816664867852648,0.07880102352085734,0.13397255289710633,0.9451090826392327
1-2-2026,good,6449,12357.107692307693,1470.0331496876795,7692,21452,12443.572032301534,0.45384615384615384,161492,1251.875968992248,10760.276923076923,1028.8129610214157,7352,13936,10808.971903007241,0.4153846153846154,127512,988.4651162790698,-668.0,1460.858237714281,-9120,3420,1601.2228403989823,0.35384615384615387,146188,1133.2403100775193,283.2307692307692,1073.1397066802008,-2994,5365,1105.888699365635,0.33076923076923076,107627,834.3178294573644,174.08461538461538,1459.9952003458084,-3772,3720,1464.7507033884378,0.33076923076923076,145568,1128.4341085271317,18.553846153846155,1464.6435874175625,-3076,6676,1459.1174360920002,0.34615384615384615,146773,1137.7751937984497,1251.875968992248,988.4651162790698,1133.2403100775193,834.3178294573644,1128.4341085271317,1137.7751937984497,6.1675599207264105,0.1266153350249985,0.4307043184966836,-0.3342534071661182,-0.25527689374223134,0.0888722865432893,0.13551249058621445,0.9112519496768949
1-2-2026,good,4853,12278.979591836734,1772.567623240551,8536,23656,12404.969754588074,0.5510204081632653,144208,1486.680412371134,10954.734693877552,1444.7205098452196,7348,14844,11048.62577104372,0.40816326530612246,145868,1503.7938144329896,-250.0408163265306,1881.1989372779856,-3316,6976,1888.2051081946167,0.3877551020408163,175496,1809.2371134020618,271.0408163265306,1319.8756183070388,-2620,4894,1340.805179961744,0.40816326530612246,117774,1214.1649484536083,266.7142857142857,1836.648982395951,-4707,5518,1846.6171166514741,0.45918367346938777,174927,1803.3711340206185,48.09183673469388,1622.8735116385487,-5042,5982,1615.2883896173628,0.45918367346938777,146021,1505.3711340206185,1486.680412371134,1503.7938144329896,1809.2371134020618,1214.1649484536083,1803.3711340206185,1505.3711340206185,5.276561984298792,0.2970146834866864,0.4204585204261799,-0.37160837259927787,-0.2973364134754502,0.10808613050892371,0.16713545691120787,0.8554623550967605
1-2-2026,good,4201,12346.588235294117,1455.8722740787985,9248,20428,12431.12501273931,0.5647058823529412,123776,1473.5238095238096,10834.870588235293,1376.7244233379192,7164,14532,10920.965723296258,0.3764705882352941,116532,1387.2857142857142,-237.9294117647059,1698.350640980798,-4224,6920,1705.0135621333995,0.43529411764705883,132900,1582.142857142857,279.9294117647059,1342.0908952632305,-2714,5162,1363.2232996489909,0.35294117647058826,101805,1211.9642857142858,266.5764705882353,1789.753776470986,-5989,4271,1799.0543823320727,0.32941176470588235,139135,1656.3690476190477,67.6,1702.732049775693,-4337,6042,1694.0356618233902,0.36470588235294116,136152,1620.857142857143,1473.5238095238096,1387.2857142857142,1582.142857142857,1211.9642857142858,1656.3690476190477,1620.857142857143,5.159696773886392,0.1314601635912277,0.24418153706629525,-0.10554754445216805,-0.43510543795619083,0.10966210203358981,0.16473400134657074,0.993561399423806
1-2-2026,good,4749,11908.875,1646.520971784543,8408,22096,12020.985615442132,0.5833333333333334,144900,1525.2631578947369,11180.666666666666,1113.3412080822459,7468,13676,11235.38713173694,0.4375,110448,1162.6105263157895,-669.4583333333334,1245.8410637558673,-4872,2400,1408.5902526994853,0.3541666666666667,115124,1211.8315789473684,300.2395833333333,1278.2168891388599,-3269,4322,1306.5079689449533,0.40625,113022,1189.7052631578947,330.6875,1524.0794102290768,-3982,5010,1551.7655267468729,0.40625,135557,1426.9157894736843,146.65625,1737.5351981478336,-3488,7039,1734.672420444275,0.3854166666666667,154124,1622.3578947368421,1525.2631578947369,1162.6105263157895,1211.8315789473684,1189.7052631578947,1426.9157894736843,1622.3578947368421,5.370183634833266,0.3727368712143682,0.32437043088509804,-0.11832223230643424,-0.4070855717211416,0.1086855945620574,0.1381141128840536,1.2314954017950754
1-2-2026,good,6459,12239.446153846155,1144.4036533864778,9680,20656,12292.421550257328,0.5769230769230769,132964,1030.7286821705427,10826.092307692308,873.6224456020745,7312,13344,10861.013762004979,0.3923076923076923,111672,865.6744186046511,-607.6,1158.7279686908212,-6344,4616,1304.4156487160772,0.3769230769230769,137920,1069.1472868217054,220.59230769230768,993.7016982257044,-2678,3479,1014.1539899761847,0.38461538461538464,102081,791.3255813953489,235.83846153846153,1452.59047832968,-4726,3626,1466.0859325218496,0.34615384615384615,152923,1185.4496124031007,41.95384615384615,1324.2289894342146,-3943,5898,1319.7929557903565,0.4307692307692308,147868,1146.2635658914728,1030.7286821705427,865.6744186046511,1069.1472868217054,791.3255813953489,1185.4496124031007,1146.2635658914728,6.436220879635773,0.1505594361100909,0.4109194956641147,-0.2700388002352063,-0.3244514959929886,0.082502376423338,0.13498610392297478,1.0117886550024344
1-2-2026,bad,2398,11861.632653061224,1442.585391664874,8440,15104,11947.255389709337,0.4897959183673469,82024,1708.8333333333333,11076.244897959185,1371.7323373902711,6880,13540,11159.141975647279,0.4897959183673469,78088,1626.8333333333333,3216.4897959183672,2243.6653987991854,-1988,8692,3908.593817813903,0.42857142857142855,108004,2250.0833333333335,444.6530612244898,1704.9359415021581,-2543,4544,1745.0502361051422,0.42857142857142855,81553,1699.0208333333333,105.9795918367347,2429.03259626986,-5435,6464,2406.453572358787,0.5102040816326531,132189,2753.9375,169.16326530612244,1898.4448937105817,-5959,6822,1886.5726347327443,0.42857142857142855,87522,1823.375,1708.8333333333333,1626.8333333333333,2250.0833333333335,1699.0208333333333,2753.9375,1823.375,4.474105525632291,-0.4873593817260433,0.40130514579662363,0.08084830504144937,-0.26429764689008883,0.1460628553619238,0.21564862042214078,0.4826729821993223
1-2-2026,bad,2700,11838.690909090908,1247.1694896953406,8528,14636,11903.014475333548,0.509090909090909,73576,1362.5185185185185,10814.036363636364,1642.1061223842132,7448,16764,10935.76094704475,0.45454545454545453,98524,1824.5185185185185,3429.2363636363634,2471.340781420575,-2620,10144,4213.803671484729,0.41818181818181815,140428,2600.5185185185187,368.8545454545455,1944.8339490975288,-3821,6534,1962.0556150027032,0.45454545454545453,116759,2162.203703703704,84.23636363636363,1648.594035822493,-3740,3906,1635.7085259355292,0.4909090909090909,103749,1921.2777777777778,230.43636363636364,1699.5018089584958,-3006,7135,1699.6742789562518,0.43636363636363634,78876,1460.6666666666667,1362.5185185185185,1824.5185185185185,2600.5185185185187,2162.203703703704,1921.2777777777778,1460.6666666666667,5.1067283740686005,-0.3421728237341474,0.23853043871137203,0.0703239714286389,-0.2533452064490925,0.16483686707294248,0.14957427596549505,0.40335867806437564
1-2-2026,bad,2348,11710.583333333334,1441.836297157697,8520,17088,11797.17524099166,0.5208333333333334,68576,1459.063829787234,11295.833333333334,1559.2305703875888,7172,14848,11400.719304792425,0.6041666666666666,86708,1844.8510638297873,2557.5833333333335,1889.171965786084,-1960,8156,3167.940919061886,0.6041666666666666,110752,2356.425531914894,534.3541666666666,2268.9061708944014,-4800,6797,2307.8606841618493,0.4791666666666667,114499,2436.148936170213,167.02083333333334,2017.4464530802545,-3694,4881,2003.2954360669487,0.5208333333333334,115735,2462.446808510638,357.8958333333333,2027.6980160363103,-5461,6148,2038.1342417760416,0.4375,88224,1877.1063829787233,1459.063829787234,1844.8510638297873,2356.425531914894,2436.148936170213,2462.446808510638,1877.1063829787233,4.15256413826508,-0.06626917392037815,0.2944021522211303,0.1227280870283548,-0.30045150032647655,0.19562824462817968,0.17571658264133594,0.6433624531533961
1-2-2026,medium,6050,12030.131147540984,693.4209238979587,10036,14892,12049.935549790229,0.45081967213114754,84304,696.7272727272727,10940.131147540984,825.0202997835087,7560,12840,10970.941110609381,0.4180327868852459,92048,760.7272727272727,2892.2950819672133,1205.6822127565088,4,6872,3131.632978935127,0.30327868852459017,109724,906.8099173553719,179.91803278688525,858.2249660778949,-2369,3170,873.4319063796372,0.4180327868852459,87551,723.5619834710744,176.0655737704918,1216.5477013722605,-4609,2789,1224.2778868632297,0.3360655737704918,113189,935.4462809917355,179.0327868852459,1146.082965672814,-1728,8802,1155.3321855710562,0.2540983606557377,82702,683.4876033057851,696.7272727272727,760.7272727272727,906.8099173553719,723.5619834710744,935.4462809917355,683.4876033057851,8.039401213270136,-0.3040923720971022,0.4432996325402082,0.02553601367774239,-0.6303723577762557,0.07248436331448743,0.11159278628956512,0.3689232400391279
1-2-2026,medium,5697,11882.4,588.3070686448905,10212,14928,11896.82837383652,0.5130434782608696,70756,620.6666666666666,11122.817391304348,602.1882841100869,9416,13156,11138.965128733029,0.41739130434782606,70140,615.2631578947369,2790.991304347826,987.7162520990349,-88,8160,2959.1776766086773,0.5130434782608696,111028,973.9298245614035,258.6434782608696,914.0616527951506,-1689,3764,946.1183123000872,0.3652173913043478,84868,744.4561403508771,285.8608695652174,1030.635776246846,-2458,2999,1065.2182548354974,0.3739130434782609,113795,998.2017543859649,76.90434782608696,936.564691089177,-1691,5090,935.6496557263672,0.3217391304347826,74530,653.7719298245614,620.6666666666666,615.2631578947369,973.9298245614035,744.4561403508771,998.2017543859649,653.7719298245614,8.82086620178104,-0.3955405299041125,0.19316263742214806,-0.05581377256404442,-0.494393995204851,0.07952693629684207,0.09562991197379103,0.31618569672452695
1-2-2026,medium,5801,12126.564102564103,682.916557035103,10072,14580,12145.614263846595,0.46153846153846156,83172,717.0,10783.692307692309,836.4931978363752,8336,12852,10815.810655551999,0.49572649572649574,103808,894.8965517241379,3219.1794871794873,921.3576995988473,-360,5704,3347.3513448159315,0.4358974358974359,111400,960.3448275862069,227.82051282051282,774.3913807694917,-2065,2826,804.0265601344954,0.36752136752136755,71691,618.0258620689655,327.56410256410254,1025.0118955122641,-3670,2319,1071.899117430702,0.4444444444444444,108639,936.5431034482758,17.316239316239315,1065.9989296880556,-2157,5962,1061.574842062087,0.3504273504273504,96036,827.8965517241379,717.0,894.8965517241379,960.3448275862069,618.0258620689655,936.5431034482758,827.8965517241379,8.956177566428638,-0.43786498083200415,0.20236995318939363,0.07707085607237898,-0.5149313198044502,0.0661989210757016,0.09910483379083261,0.31713875610608294
1-2-2026,medium,6150,11973.709677419354,688.4702823373597,8792,13972,11993.3269887077,0.45161290322580644,84808,689.4959349593496,11005.290322580646,703.5572422172328,8116,13196,11027.575254787427,0.41935483870967744,87920,714.7967479674796,2541.516129032258,969.8948856286612,-576,5296,2718.8994215520606,0.46774193548387094,118176,960.780487804878,221.55645161290323,828.1158288884468,-2138,2345,854.0097406334276,0.28225806451612906,79199,643.8943089430894,278.3306451612903,953.4747639855519,-3427,2792,989.570870662893,0.3790322580645161,105148,854.8617886178862,-13.088709677419354,853.3024036451638,-2604,4160,849.9554874492907,0.28225806451612906,72130,586.4227642276422,689.4959349593496,714.7967479674796,960.780487804878,643.8943089430894,854.8617886178862,586.4227642276422,9.556137624247235,-0.2581257846118937,0.4589011507334603,0.20328450365604192,-0.36178054039243124,0.07120707551510203,0.08973603423323293,0.3126101246700368
1-2-2026,good,3351,11919.823529411764,870.433327342509,9148,13780,11951.096400601518,0.4264705882352941,60088,896.8358208955224,10880.411764705883,1112.0797007207032,8200,14804,10936.265100706967,0.35294117647058826,76164,1136.7761194029852,3182.176470588235,1470.8987499391085,584,8276,3501.1388735331116,0.45588235294117646,101104,1509.0149253731342,283.6617647058824,1436.0900130842847,-2702,3354,1453.44066938137,0.39705882352941174,96536,1440.8358208955224,88.48529411764706,1456.9753733630778,-4379,2872,1448.9270421692777,0.4852941176470588,104791,1564.044776119403,203.6764705882353,1430.7865850557228,-2378,7433,1434.757542542416,0.3088235294117647,79406,1185.1641791044776,896.8358208955224,1136.7761194029852,1509.0149253731342,1440.8358208955224,1564.044776119403,1185.1641791044776,6.0843297859229954,-0.3872796119447796,0.24155433351234648,0.15672172823666197,-0.48562858928860725,0.12161567613048459,0.13248828815818706,0.4097973813545873
1-2-2026,good,4050,11747.658536585366,814.1174608052302,8568,14672,11775.490884076791,0.36585365853658536,61080,754.074074074074,11195.512195121952,918.3518011707934,8328,14040,11232.656780186218,0.4146341463414634,71164,878.5679012345679,3016.5365853658536,1318.0804242601534,-156,7004,3288.71433104481,0.3780487804878049,99228,1225.037037037037,298.8414634146341,1128.6884825341488,-2083,3606,1160.9083018765323,0.3170731707317073,74164,915.604938271605,248.6951219512195,1378.09830222419,-3477,3315,1392.0645704466021,0.43902439024390244,110525,1364.5061728395062,68.47560975609755,1359.7733945709324,-2851,7180,1353.1903089348232,0.25609756097560976,84989,1049.2469135802469,754.074074074074,878.5679012345679,1225.037037037037,915.604938271605,1364.5061728395062,1049.2469135802469,6.732146295052352,-0.2396030806002652,0.3523209700256242,0.10753121795744507,-0.32345702242614505,0.09858682862620734,0.12393012602131638,0.41146483771773995
1-2-2026,good,4294,11835.12643678161,773.4516837422151,9664,14320,11860.08301418874,0.3333333333333333,61184,711.4418604651163,11105.241379310344,911.1755372392257,8148,13572,11142.131032886977,0.367816091954023,77152,897.1162790697674,3186.390804597701,1363.9007615498722,656,7248,3462.936578559653,0.3563218390804598,112088,1303.3488372093022,254.68965517241378,1132.1121576283333,-2640,3678,1154.041952264391,0.39080459770114945,84087,977.7558139534884,83.17241379310344,1303.1379588114487,-5684,3149,1298.2938848713156,0.45977011494252873,115219,1339.7558139534883,172.93103448275863,1315.5215058666868,-3010,8737,1319.321817249781,0.3333333333333333,88930,1034.0697674418604,711.4418604651163,897.1162790697674,1303.3488372093022,977.7558139534884,1339.7558139534883,1034.0697674418604,7.01684856997724,-0.45322790987759887,0.24232169919020027,0.1508117494711831,-0.39413890036706706,0.09730471117162123,0.116521146710873,0.38098353433245546
1-2-2026,bad,4608,12137.505376344086,2534.6866654122373,7516,31988,12396.555615967885,0.43010752688172044,176472,1918.1739130434783,10656.258064516129,1848.2279933188754,5680,18780,10813.651189261227,0.40860215053763443,173772,1888.8260869565217,2983.8709677419356,1742.9800020417713,-460,6808,3450.912748201398,0.4838709677419355,186100,2022.8260869565217,392.81720430107526,1768.3428495667458,-5243,6927,1802.1425420691571,0.3763440860215054,151332,1644.9130434782608,-8.924731182795698,1889.222874718592,-4760,5483,1879.0595050864977,0.5268817204301075,190016,2065.391304347826,301.741935483871,2062.381332044532,-7269,7386,2073.3377173829113,0.41935483870967744,170992,1858.608695652174,1918.1739130434783,1888.8260869565217,2022.8260869565217,1644.9130434782608,2065.391304347826,1858.608695652174,4.6330585311256955,0.29799530508944494,0.5441884973112657,-0.07319216604857745,-0.4525526835541809,0.1453744570469607,0.17376734943871486,0.6008085014211728
1-2-2026,bad,4450,11410.533333333333,1278.7269582314534,8108,14780,11481.16916229934,0.5333333333333333,139156,1563.5505617977528,11446.08888888889,1750.5058764456237,7252,16188,11577.701594972217,0.5333333333333333,180800,2031.4606741573034,3318.8,2166.860304110094,-1828,9320,3956.9618648655182,0.5111111111111111,232568,2613.123595505618,213.48888888888888,1703.9151759525614,-3914,3571,1707.8188558639479,0.5,170315,1913.6516853932585,143.75555555555556,1863.243428649888,-5444,4033,1858.431477228998,0.4888888888888889,186980,2100.8988764044943,219.8,1719.3277181058852,-3457,5414,1723.8197185965307,0.3888888888888889,151982,1707.6629213483145,1563.5505617977528,2031.4606741573034,2613.123595505618,1913.6516853932585,2100.8988764044943,1707.6629213483145,5.106895060567714,-0.26980958862997645,0.4804327938189846,-0.01708290545837463,-0.2822582724098518,0.14874955952422989,0.16051817036600166,0.43564223690578185
1-2-2026,bad,4399,11144.85393258427,1453.6548886307373,7168,14280,11238.199983823231,0.43820224719101125,131208,1491.0,11624.629213483146,1760.8003241167357,6960,18420,11755.746934054343,0.4606741573033708,171484,1948.6818181818182,3495.6404494382023,1756.4998916180841,-1272,7760,3907.70109146346,0.48314606741573035,170428,1936.6818181818182,235.04494382022472,1775.7977714902747,-6102,3626,1781.3679410983666,0.4157303370786517,145049,1648.284090909091,332.9550561797753,1599.1103770400275,-3571,3868,1624.586408905356,0.47191011235955055,155536,1767.4545454545455,191.3932584269663,1987.9756241530633,-6868,4659,1986.0194959270282,0.33707865168539325,155787,1770.3068181818182,1491.0,1948.6818181818182,1936.6818181818182,1648.284090909091,1767.4545454545455,1770.3068181818182,4.989202242635902,-0.5494666126728424,0.521914677140005,0.04103181633274202,-0.5028326321671367,0.15851007665854294,0.13819508176558462,0.508232193029641
1-2-2026,good,9599,11811.668393782384,655.9639645574499,9892,14864,11829.774701668159,0.46632124352331605,122904,640.125,11045.637305699482,821.8876982903663,8376,14076,11076.01475625728,0.40414507772020725,140824,733.4583333333334,3629.222797927461,1179.1027296116092,-484,8404,3815.014786843453,0.41968911917098445,206988,1078.0625,174.24352331606218,937.0113158401672,-3200,3116,950.6849317088381,0.37305699481865284,153658,800.3020833333334,291.8031088082902,1052.2014781472628,-4142,3463,1089.2844397463755,0.47150259067357514,169669,883.6927083333334,54.77720207253886,1117.6211609832499,-4331,5930,1116.06706764507,0.36787564766839376,159199,829.1614583333334,640.125,733.4583333333334,1078.0625,800.3020833333334,883.6927083333334,829.1614583333334,8.466570254150753,0.05149613645044692,0.379694156368217,-0.041546417949573027,-0.31876141372311745,0.08036373942898632,0.09834624308645393,0.2925459348680426
1-2-2026,good,8599,11920.64739884393,866.483267499475,9940,18496,11951.915654614908,0.41040462427745666,130192,756.9302325581396,11102.011560693642,1037.324611056145,6888,14560,11150.088929892383,0.4161849710982659,175008,1017.4883720930233,3142.35838150289,1089.4688213420498,-1416,6084,3324.830457670637,0.4508670520231214,189540,1101.9767441860465,201.56069364161849,1079.0325948606044,-2750,4266,1094.6268453842333,0.4046242774566474,155812,905.8837209302326,152.53757225433526,1117.8718906865379,-2854,3731,1125.025304789268,0.3930635838150289,176648,1027.0232558139535,160.49132947976878,1163.5309862779916,-3265,6286,1171.2114942066823,0.3063583815028902,156162,907.9186046511628,756.9302325581396,1017.4883720930233,1101.9767441860465,905.8837209302326,1027.0232558139535,907.9186046511628,7.793541057949249,0.11736673295748126,0.47575817276060955,0.08639908229740846,-0.47707375393754126,0.09158589107596211,0.10089832572297053,0.35226202020387126
1-2-2026,good,8749,11861.545454545454,786.6746055803093,9124,15512,11887.455626530316,0.4772727272727273,138464,791.2228571428572,11142.431818181818,922.5035228173331,8164,14692,11180.338289726624,0.38636363636363635,155820,890.4,2834.4545454545455,1144.1881854119817,-1124,5580,3055.4640772348685,0.38636363636363635,176008,1005.76,196.83522727272728,1128.554909662519,-4201,3854,1142.4288693791439,0.375,168682,963.8971428571429,260.59659090909093,1079.0863181624786,-2883,2742,1107.1232095554512,0.42045454545454547,165810,947.4857142857143,158.5,1180.0808156344935,-2738,5567,1187.3502154338917,0.2784090909090909,149237,852.7828571428571,791.2228571428572,890.4,1005.76,963.8971428571429,947.4857142857143,852.7828571428571,7.600814846757524,-0.1531027853339,0.20766250631697555,0.08649891723100846,-0.20898602644016026,0.09610373364787816,0.09902412438394097,0.3885989771216096
1-2-2026,good,6250,11980.444444444445,915.3253371828449,8964,15080,12015.083028863188,0.373015873015873,119880,959.04,10801.555555555555,1326.1463663144007,7204,14308,10882.017687560563,0.40476190476190477,173292,1386.336,3227.809523809524,1528.7932480975223,-2916,6980,3568.951364374393,0.40476190476190477,196056,1568.448,245.4920634920635,1327.1729336964752,-5344,3522,1344.4980771146827,0.36507936507936506,165627,1325.016,261.1904761904762,1371.6364807880298,-2885,4257,1390.926116052704,0.4444444444444444,166441,1331.528,84.46825396825396,1630.3559841286585,-5662,6629,1626.0688182199738,0.373015873015873,183150,1465.2,959.04,1386.336,1568.448,1325.016,1331.528,1465.2,6.0681175014221465,-0.11872775988188639,0.4604445082809474,-0.03134069638734878,-0.2588387394097805,0.11190085609670498,0.1278187699984056,0.4556152919302655
1-2-2026,good,6349,11987.65625,994.9236858915519,8968,15268,12028.551123265013,0.390625,120628,949.8267716535433,10827.03125,1162.259731753242,7448,14496,10888.75107048554,0.3671875,143224,1127.748031496063,2840.1875,1197.052007171792,-1520,7384,3080.3252669158173,0.4140625,152104,1197.6692913385828,274.1015625,1363.5599414815938,-4171,3857,1385.6051503990955,0.375,161913,1274.9055118110236,205.515625,1294.0962430855404,-4176,4469,1305.3115648189132,0.4609375,159636,1256.976377952756,143.0546875,1523.0235640046044,-4601,6905,1523.7924855643894,0.390625,170391,1341.6614173228347,949.8267716535433,1127.748031496063,1197.6692913385828,1274.9055118110236,1256.976377952756,1341.6614173228347,6.168308705538211,0.005447160404228007,0.3917738093810634,0.16355993992901388,-0.3758437174430209,0.11519302167689467,0.11987706911926227,0.49468557799267887
1-2-2026,good,6400,12414.108527131782,1485.4298264744266,9224,21720,12501.979348403474,0.4263565891472868,181904,1421.125,10715.627906976744,1229.8195438620726,6600,13672,10785.4259575258,0.3953488372093023,160352,1252.75,2581.6744186046512,1340.4487772453688,-2452,6492,2906.530065775308,0.4263565891472868,177400,1385.9375,136.3875968992248,1269.8217721278688,-3677,3123,1272.2221967209412,0.4263565891472868,157353,1229.3203125,363.6046511627907,1350.1910942217394,-2829,4652,1393.230930734955,0.43410852713178294,173171,1352.8984375,318.2403100775194,1487.322320140259,-3322,7310,1515.3403255789049,0.3333333333333333,156848,1225.375,1421.125,1252.75,1385.9375,1229.3203125,1352.8984375,1225.375,6.265302426367255,-0.35889425151633225,0.45181009275528644,-0.11969778386041524,-0.2394656058144136,0.10176166198687926,0.1291771818834486,0.5213571821949605
1-2-2026,good,6948,11140.342857142858,693.9366563614707,9588,14208,11161.780656712952,0.45,102468,737.1798561151079,11250.485714285714,946.8358170995917,7652,13528,11289.974460302632,0.42142857142857143,130780,940.863309352518,5162.314285714286,1087.0105602374945,428,8528,5274.717129856349,0.4357142857142857,147296,1059.68345323741,207.82857142857142,1177.692787332959,-4782,3154,1191.7408095483083,0.42857142857142855,141915,1020.9712230215828,304.05,1362.4555927025037,-3473,4642,1391.2125877398157,0.40714285714285714,185727,1336.1654676258993,120.87142857142857,1072.7657380221478,-4373,3592,1075.7397653973487,0.30714285714285716,124007,892.136690647482,737.1798561151079,940.863309352518,1059.68345323741,1020.9712230215828,1336.1654676258993,892.136690647482,7.578244746531988,0.011644660554253982,0.42755212833553585,0.12547454535531644,-0.37959557511496655,0.10676977501119395,0.12322548580674984,0.2039426453988259
1-2-2026,bad,2351,11648.5,1354.4147201070111,7800,15204,11725.347500180966,0.5208333333333334,72684,1546.468085106383,11180.25,1512.899744959286,7348,13616,11280.034175480143,0.3541666666666667,74600,1587.2340425531916,3618.8333333333335,2315.5637642050133,-1892,9484,4283.23304681561,0.5,111548,2373.3617021276596,437.7291666666667,1671.7474452899078,-2332,4399,1711.1757958101987,0.5,83469,1775.936170212766,327.875,2305.5271573773007,-4061,5204,2304.825119902448,0.4791666666666667,124479,2648.4893617021276,382.5208333333333,1623.4364391306374,-2725,5371,1651.3512207179508,0.4166666666666667,78885,1678.404255319149,1546.468085106383,1587.2340425531916,2373.3617021276596,1775.936170212766,2648.4893617021276,1678.404255319149,4.815055436955525,0.08486302953233359,0.3877252503453742,-0.03380015215285111,-0.31088696093119494,0.14593817331536235,0.2043278489978523,0.38553849446975974
1-2-2026,bad,2586,11469.811320754718,1179.0511350658821,8172,14348,11529.115484244947,0.4339622641509434,63764,1226.2307692307693,11515.547169811322,1634.1005826075623,6680,14968,11628.745788079366,0.39622641509433965,89580,1722.6923076923076,4081.9622641509436,2137.5177008917476,-1064,11508,4598.390005372471,0.4339622641509434,117016,2250.3076923076924,84.49056603773585,1562.0435040558682,-4141,3474,1549.5422574254533,0.4528301886792453,86738,1668.0384615384614,398.58490566037733,1905.3007478526267,-3479,4853,1928.8719696941262,0.33962264150943394,103501,1990.4038461538462,421.75471698113205,1634.4240917693814,-2586,6974,1672.9663689680415,0.39622641509433965,74871,1439.826923076923,1226.2307692307693,1722.6923076923076,2250.3076923076924,1668.0384615384614,1990.4038461538462,1439.826923076923,5.388118923573425,-0.19486931261358134,0.4234940683847759,0.042819644451050465,-0.3197570693109405,0.13440252718507067,0.16587102381286406,0.3638156760626299
1-2-2026,bad,2550,10989.0,1605.9594652174658,7928,14180,11103.496233861864,0.3076923076923077,84196,1650.9019607843138,11695.23076923077,1845.0678781858198,7616,15760,11837.112459743525,0.34615384615384615,95224,1867.137254901961,3649.6923076923076,2203.329010156788,-2936,9180,4252.2410381061245,0.4423076923076923,118788,2329.176470588235,391.90384615384613,1808.6758590532943,-3000,4825,1833.5722542453736,0.5192307692307693,98243,1926.3333333333333,237.40384615384616,2189.7008235043218,-3673,5539,2181.5001234154306,0.5961538461538461,122933,2410.450980392157,359.5576923076923,1775.9903220618394,-3186,5837,1795.2066144211753,0.5,98088,1923.2941176470588,1650.9019607843138,1867.137254901961,2329.176470588235,1926.3333333333333,2410.450980392157,1923.2941176470588,4.6801280565165175,-0.44264532618842517,0.38696473129519365,0.04957492312483408,-0.0689076539257533,0.16513467609314542,0.18429326667716764,0.42217893997809464
1-2-2026,good,6400,11988.961240310078,821.7420177880948,10248,18544,12016.872180074482,0.3798449612403101,84240,658.125,10964.651162790698,774.9575457239051,6984,14936,10991.79142913954,0.31007751937984496,82088,641.3125,2714.7906976744184,1140.3914464616046,-2224,6568,2942.8727198030906,0.3643410852713178,131616,1028.25,168.24031007751938,896.905511460044,-2763,3304,909.1250372381861,0.24806201550387597,82239,642.4921875,140.64341085271317,1139.1846851370392,-3541,4241,1143.4431784420167,0.3643410852713178,120991,945.2421875,137.25581395348837,996.8940615659544,-1611,6157,1002.4635004664468,0.26356589147286824,81811,639.1484375,658.125,641.3125,1028.25,642.4921875,945.2421875,639.1484375,8.494686383569016,0.14748332409541384,0.5046533717487267,-0.13454176005804389,-0.5155247314500924,0.07565404903532036,0.10402700830973653,0.3406411338757733
1-2-2026,good,6499,12026.809160305344,534.0302946535439,9988,13708,12038.569263980837,0.37404580152671757,57912,445.4769230769231,10943.847328244276,651.596931490183,8324,12744,10963.08039956509,0.31297709923664124,69128,531.7538461538461,2837.557251908397,1007.1342524540787,-432,7392,3009.7022550614765,0.31297709923664124,102008,784.6769230769231,142.93893129770993,791.7019423196429,-4418,3442,801.5228206739149,0.2748091603053435,75219,578.6076923076923,210.03053435114504,1099.406104983898,-4238,3772,1115.1591540812897,0.3435114503816794,109317,840.9,52.48091603053435,805.9060104689155,-3151,3294,804.5376606028112,0.26717557251908397,68510,527.0,445.4769230769231,531.7538461538461,784.6769230769231,578.6076923076923,840.9,527.0,9.558710943825204,-0.19120148826984876,0.3854329926921109,-0.25649780628197844,-0.48593732932246114,0.06657957461817958,0.10171950887305442,0.26731470163950255
1-2-2026,good,5199,12097.980952380953,728.8342902955533,9828,14400,12119.706411657087,0.29523809523809524,70356,676.5,10913.67619047619,870.3705278085051,8360,14252,10947.997905248856,0.4380952380952381,85712,824.1538461538462,2733.714285714286,1044.9916977429286,-1308,6436,2924.8592054026417,0.42857142857142855,101460,975.5769230769231,223.98095238095237,872.2388740934754,-2186,2859,896.5056608856411,0.3047619047619048,69759,670.7596153846154,244.3904761904762,1116.1444927761722,-2627,2869,1137.3832582689427,0.37142857142857144,93195,896.1057692307693,160.01904761904763,1162.3146914417764,-5378,4739,1167.7821306912967,0.2571428571428571,81661,785.2019230769231,676.5,824.1538461538462,975.5769230769231,670.7596153846154,896.1057692307693,785.2019230769231,8.118436625599422,-0.14974239204289166,0.5550620364666021,-0.10348946134587428,-0.48564182895097135,0.07397090575967953,0.10388961232991754,0.3992609723350006
1-2-2026,good,5649,11972.807017543859,800.8546195909902,10444,16584,11999.327063002836,0.35964912280701755,80388,711.3982300884956,11107.964912280702,873.5105039596652,8332,15020,11141.95727553398,0.40350877192982454,85628,757.7699115044247,3028.9122807017543,1076.7360755115558,656,7320,3213.0204404698693,0.32456140350877194,109048,965.0265486725664,224.28947368421052,859.8421621332728,-1793,2743,884.9570462368275,0.2719298245614035,70637,625.1061946902655,264.4035087719298,1171.5376909871525,-3172,3930,1195.9808937627784,0.41228070175438597,115656,1023.5044247787611,140.43859649122808,938.4972174544229,-1746,4972,944.8671400153049,0.2631578947368421,72433,641.0,711.3982300884956,757.7699115044247,965.0265486725664,625.1061946902655,1023.5044247787611,641.0,8.709848808293682,0.09676811709032453,0.5298361209459083,-0.00859506042190725,-0.3315412658645205,0.07375055630341458,0.1073402871757216,0.2940744253662619
1-2-2026,good,4351,12051.272727272728,1110.4864495571064,9260,17064,12101.749505377687,0.3522727272727273,90460,1039.7701149425288,10982.818181818182,1161.560925072003,7216,13656,11043.377513654548,0.29545454545454547,94696,1088.4597701149426,3314.181818181818,1596.0144509000268,-2456,9288,3674.5227024620617,0.3522727272727273,129504,1488.551724137931,111.75,1308.6680448930272,-3940,3938,1306.001000626096,0.3977272727272727,111146,1277.5402298850574,124.625,1622.0859942374047,-3536,5522,1617.651008125952,0.42045454545454547,123648,1421.2413793103449,248.8181818181818,1227.3067471580382,-1995,4543,1245.421816092845,0.26136363636363635,86326,992.2528735632184,1039.7701149425288,1088.4597701149426,1488.551724137931,1277.5402298850574,1421.2413793103449,992.2528735632184,6.432999472265067,-0.2259077151730205,0.5314704044517257,-0.10100379978195467,-0.43544994575494333,0.107918363368687,0.1464815457027826,0.3389343097321003
1-2-2026,good,3500,11757.69014084507,896.0529734268631,9812,15308,11791.30526170228,0.5352112676056338,70888,1012.6857142857143,11212.61971830986,1105.0222281694116,7604,13812,11266.175786178308,0.4225352112676056,73088,1044.1142857142856,3009.4647887323945,1549.107206757547,-1104,7360,3379.7651389358693,0.352112676056338,99180,1416.857142857143,320.0281690140845,1172.7650595534712,-2390,3426,1207.652431110126,0.4507042253521127,74650,1066.4285714285713,172.29577464788733,1461.439978674323,-4064,4119,1461.3045059654505,0.38028169014084506,104075,1486.7857142857142,175.77464788732394,1413.8877728466398,-5879,4374,1414.8566443084126,0.30985915492957744,76698,1095.6857142857143,1012.6857142857143,1044.1142857142856,1416.857142857143,1066.4285714285713,1486.7857142857142,1095.6857142857143,6.473666256671615,-0.000470146485719286,0.4527087124958612,0.21358435246251328,-0.2945126725701052,0.10241889292189874,0.12970723460826136,0.41862572863132713
1-2-2026,good,3450,11581.657142857142,944.1347221127739,9388,14144,11619.528320891515,0.38571428571428573,61772,895.2463768115942,11384.114285714286,1150.183344462924,7928,13872,11441.244727488602,0.35714285714285715,74936,1086.0289855072465,3292.9142857142856,1521.9045537770935,-408,9996,3623.035948719566,0.35714285714285715,103684,1502.6666666666667,213.81428571428572,1336.230088371132,-3895,3845,1343.770851001018,0.4142857142857143,87163,1263.231884057971,213.07142857142858,1727.8146566045907,-3217,4722,1728.6107592928076,0.45714285714285713,128059,1855.927536231884,213.0,1540.7575494174794,-3590,5835,1544.4706166561687,0.32857142857142857,85950,1245.6521739130435,895.2463768115942,1086.0289855072465,1502.6666666666667,1263.231884057971,1855.927536231884,1245.6521739130435,5.779654119219668,-0.2354477064690741,0.4688173297427666,0.10799996751277458,-0.34110821153435456,0.11564762473785757,0.1510859002070449,0.42629182765236306
1-2-2026,good,6447,12150.246153846154,567.4787440821835,10176,14656,12163.389188620338,0.36153846153846153,62384,483.5968992248062,10769.846153846154,583.7053847172245,8148,12296,10785.530923061122,0.2923076923076923,59564,461.73643410852713,2834.4,1049.6801255103733,-168,6312,3021.121666381035,0.19230769230769232,74328,576.1860465116279,126.86923076923077,646.3953645122848,-2469,2331,656.284020363604,0.34615384615384615,62158,481.84496124031006,80.46923076923076,967.8071127931677,-3821,2403,967.4300491508417,0.3384615384615385,99992,775.1317829457364,22.50769230769231,815.1990031084753,-1799,4966,812.3694309288677,0.3153846153846154,67657,524.4728682170543,483.5968992248062,461.73643410852713,576.1860465116279,481.84496124031006,775.1317829457364,524.4728682170543,10.660571266410182,0.06198858448251553,0.3335202100863333,-0.2896589441195347,-0.42131056177432924,0.053955687032003034,0.08969702613272663,0.26889662859327956
1-2-2026,good,5700,12208.417391304349,555.9480914587654,10708,15356,12220.959284912058,0.3565217391304348,50720,444.9122807017544,10779.965217391304,577.8815505783654,8800,12532,10795.308855561128,0.3391304347826087,54732,480.10526315789474,2327.3739130434783,1015.1621896245574,-720,5364,2537.373102417058,0.28695652173913044,86048,754.8070175438596,183.9391304347826,740.2007229782222,-2141,2856,759.5830377939911,0.28695652173913044,57949,508.32456140350877,65.4608695652174,938.0306104210867,-3381,1570,936.2346045637325,0.34782608695652173,92071,807.640350877193,54.904347826086955,861.6497840883655,-2274,5129,859.6504142863008,0.3391304347826087,63496,556.9824561403509,444.9122807017544,480.10526315789474,754.8070175438596,508.32456140350877,807.640350877193,556.9824561403509,9.99959329033799,-0.04642285845670303,0.42673810556010516,-0.15166607149962516,-0.4189208650988031,0.062154125549670626,0.0867260600881013,0.33879543104189813
1-2-2026,good,5000,12043.841584158416,677.8676970128207,9256,15228,12062.714253778742,0.3069306930693069,59348,593.48,10907.60396039604,669.5841109107641,8804,12864,10927.933381934574,0.33663366336633666,63256,632.56,2398.2574257425745,1170.3425024621242,-256,8236,2666.041794774633,0.26732673267326734,86764,867.64,163.37623762376236,847.6479440367344,-2706,3368,859.1186768951651,0.27722772277227725,53730,537.3,199.78217821782178,769.6677023749976,-2345,2188,791.4771376394524,0.42574257425742573,67280,672.8,41.51485148514851,887.0288452340361,-2004,4338,883.602487793942,0.40594059405940597,55537,555.37,593.48,632.56,867.64,537.3,672.8,555.37,10.124183808658145,-0.0994534339551155,0.4036726498185085,0.061274155134572746,-0.09716951927435588,0.0712210087008252,0.07242697314347189,0.33142859545351067
1-2-2026,good,4904,12048.080808080807,647.3508917711409,9996,14092,12065.28413978458,0.40404040404040403,60148,613.7551020408164,10907.070707070707,694.9567194352973,8460,13380,10928.965084498248,0.26262626262626265,55240,563.6734693877551,2273.4141414141413,1129.918951492025,-2012,4348,2536.184647389966,0.26262626262626265,83816,855.265306122449,271.1212121212121,981.3742683326554,-3264,3362,1013.3478816738748,0.26262626262626265,68537,699.3571428571429,50.93939393939394,1023.4329366799085,-3700,1892,1019.5243246165579,0.35353535353535354,81344,830.0408163265306,106.53535353535354,946.3551056460104,-2192,4411,947.5713293691532,0.31313131313131315,63058,643.4489795918367,613.7551020408164,563.6734693877551,855.265306122449,699.3571428571429,830.0408163265306,643.4489795918367,8.565984746111557,-0.2819251805953518,0.38928200052224277,-0.10936485355534781,-0.5043896431245486,0.0839887291380424,0.09328644721990875,0.37362079688113226
1-2-2026,good,3444,11991.257142857143,858.6131839110795,8632,13892,12021.51957116903,0.3,54056,783.4202898550725,10807.257142857143,1033.7956051411272,7840,13836,10855.886545359355,0.32857142857142857,65820,953.9130434782609,3179.2571428571428,1186.263659205296,1044,5884,3390.3973639846827,0.35714285714285715,76640,1110.7246376811595,239.2,1226.551470646433,-4180,3176,1241.0291351478072,0.4,75413,1092.9420289855072,-0.02857142857142857,1202.7899689125986,-3731,2996,1194.1677077721179,0.34285714285714286,76143,1103.5217391304348,110.71428571428571,1484.9511204843557,-4849,6082,1478.457420035201,0.34285714285714286,75873,1099.608695652174,783.4202898550725,953.9130434782609,1110.7246376811595,1092.9420289855072,1103.5217391304348,1099.608695652174,6.711835463454279,-0.09614952620597944,0.5861466036311164,0.1036234555366439,-0.33885293250218795,0.10323396536498668,0.11000185960607663,0.43607201778304844
1-2-2026,good,3050,11679.41935483871,1350.1877167412395,5424,16820,11755.953385412857,0.46774193548387094,78896,1293.377049180328,11233.548387096775,934.4426878972134,8440,14212,11271.721647699867,0.3387096774193548,53060,869.8360655737705,3417.4193548387098,1238.8792601616162,940,7152,3631.641733076014,0.27419354838709675,63196,1036.0,165.5483870967742,1134.3469078973912,-3926,2815,1137.2753659798122,0.3225806451612903,60356,989.4426229508197,127.08064516129032,1403.9166560007393,-3313,3822,1398.3352371601993,0.3548387096774194,74771,1225.7540983606557,113.03225806451613,1137.7427316983935,-2945,3890,1134.1765522231992,0.3225806451612903,59315,972.3770491803278,1293.377049180328,869.8360655737705,1036.0,989.4426229508197,1225.7540983606557,972.3770491803278,7.264540320809327,-0.18174140733371988,0.521273620243752,-0.039026583134375945,-0.26406012045583027,0.09674037728783763,0.12405693475596868,0.31230408594028447
1-2-2026,good,4300,11530.758620689656,1012.2695312263618,7624,14872,11574.597441424668,0.3333333333333333,66252,770.3720930232558,11381.333333333334,950.9622381012683,8024,14008,11420.537773436186,0.3103448275862069,72600,844.1860465116279,3140.0459770114944,1113.4236318257513,212,6304,3329.4671279833715,0.28735632183908044,88556,1029.7209302325582,270.7931034482759,1182.6897324352226,-3567,5118,1206.650846089214,0.3333333333333333,78344,910.9767441860465,122.32183908045977,1278.7012169353434,-3305,4322,1277.2021955336054,0.4827586206896552,95046,1105.1860465116279,134.66666666666666,1130.0402922088679,-3616,4716,1131.5688732651356,0.28735632183908044,75943,883.0581395348837,770.3720930232558,844.1860465116279,1029.7209302325582,910.9767441860465,1105.1860465116279,883.0581395348837,7.281197867159261,-0.13322260872538352,0.4738596523706437,0.028010410850572973,-0.3232801188408782,0.10424991902236233,0.1118338050938813,0.33986485807735006
1-2-2026,good,2398,11582.775510204081,1975.474829685534,7452,21904,11746.63979395723,0.3877551020408163,83428,1738.0833333333333,11437.551020408164,2260.3006903693927,6744,23356,11654.281105312015,0.42857142857142855,89392,1862.3333333333333,4379.591836734694,2285.4323070115147,772,13732,4929.242289746002,0.3877551020408163,97632,2034.0,181.42857142857142,1756.6055927080881,-6539,5182,1748.0294094569836,0.4897959183673469,76688,1597.6666666666667,-24.183673469387756,1696.9313685968243,-4029,3649,1679.7005867786347,0.5102040816326531,99554,2074.0416666666665,468.2857142857143,1579.4686078973943,-2203,6326,1631.900707263572,0.3673469387755102,66161,1378.3541666666667,1738.0833333333333,1862.3333333333333,2034.0,1597.6666666666667,2074.0416666666665,1378.3541666666667,5.599255132162734,0.5089105387745043,0.5696885985310776,-0.18138991229379353,-0.006033023029781599,0.14881101659449905,0.14412734440298516,0.33106522483734446
1-2-2026,good,2346,11652.75,1318.529330634962,8320,17724,11725.565359503993,0.2916666666666667,51132,1087.9148936170213,11131.666666666666,1457.8657284775932,7660,16868,11224.753746370861,0.3541666666666667,64776,1378.212765957447,3966.0,1405.4742820296672,1072,7008,4202.780111624526,0.3541666666666667,62756,1335.2340425531916,285.1666666666667,1658.5825444449813,-5774,4642,1665.8048355074493,0.3958333333333333,72279,1537.8510638297873,178.08333333333334,1826.9572755061413,-3776,5630,1816.5763471431637,0.375,80773,1718.5744680851064,241.89583333333334,1583.204295087109,-5318,5140,1585.190820532342,0.3333333333333333,64402,1370.2553191489362,1087.9148936170213,1378.212765957447,1335.2340425531916,1537.8510638297873,1718.5744680851064,1370.2553191489362,5.35820688785206,-0.315170675373124,0.5089527482632595,0.023980504344269227,-0.20875549358165715,0.1420660568844289,0.1618366325023972,0.3771767206594189
1-2-2026,good,2850,11086.965517241379,1159.7634508588262,7300,12644,11146.41938487191,0.41379310344827586,56284,987.438596491228,11567.241379310344,1178.4410652309368,8740,15560,11626.085023150194,0.27586206896551724,61196,1073.6140350877192,3831.310344827586,1253.2055488268495,160,6808,4027.7022113667085,0.4827586206896552,79336,1391.859649122807,242.51724137931035,1683.450333693664,-4444,4358,1686.403712863151,0.43103448275862066,93057,1632.578947368421,454.7586206896552,1688.7797246111504,-3744,5600,1734.8228569014148,0.4827586206896552,102918,1805.578947368421,58.37931034482759,1540.620094199783,-3716,5562,1528.3964889995682,0.3620689655172414,72765,1276.578947368421,987.438596491228,1073.6140350877192,1391.859649122807,1632.578947368421,1805.578947368421,1276.578947368421,5.4145954744008185,-0.44914462759199514,0.38337565475500085,0.07643505043843357,-0.24656422561835234,0.15129555550374035,0.1492181463749635,0.3794710751720323
1-2-2026,bad,2550,11649.76923076923,1916.1200033583455,8580,22204,11803.306016666556,0.4807692307692308,94188,1846.8235294117646,11177.615384615385,1769.338728295107,7452,20180,11314.12577947789,0.4807692307692308,86552,1697.0980392156862,4689.7692307692305,1738.811749052362,2128,9600,4995.924154132662,0.5,107736,2112.470588235294,468.5192307692308,1551.4754962000532,-4494,3500,1606.3301521456626,0.4807692307692308,88833,1741.8235294117646,130.19230769230768,1626.418850117675,-3567,3564,1615.9574085209815,0.46153846153846156,90864,1781.6470588235295,412.9807692307692,1359.1701114208583,-1729,5354,1407.9668579469203,0.34615384615384615,59823,1173.0,1846.8235294117646,1697.0980392156862,2112.470588235294,1741.8235294117646,1781.6470588235295,1173.0,6.0716654858510815,0.35933967760502733,0.49492081239899277,-0.07152043728944399,-0.10995277280643964,0.136091545007932,0.14282653736351922,0.28182310504061947
1-2-2026,bad,2655,11476.888888888889,1093.9842823655617,9188,14960,11527.949392029146,0.37037037037037035,57524,1085.3584905660377,11175.333333333334,955.2889911454928,8624,13180,11215.33559875016,0.4444444444444444,56620,1068.301886792453,4059.4814814814813,1449.4507579254266,1252,7992,4305.971632942292,0.4444444444444444,76700,1447.1698113207547,451.94444444444446,1559.5722492494315,-4974,3008,1609.8066424033434,0.48148148148148145,83649,1578.2830188679245,261.35185185185185,1556.5212198446557,-3108,4407,1564.0323537905806,0.5185185185185185,89304,1684.9811320754718,279.6296296296296,1516.5999123697256,-3059,5356,1528.2912147352797,0.37037037037037035,70378,1327.8867924528302,1085.3584905660377,1068.301886792453,1447.1698113207547,1578.2830188679245,1684.9811320754718,1327.8867924528302,5.752553715994128,-0.42978271203562585,0.39441247523267625,0.31093011879889515,-0.458792839403689,0.1396437985212513,0.13945479739593544,0.3549236605945931
1-2-2026,bad,3200,11386.030769230769,1276.8065873649232,7948,14528,11456.3018116668,0.4307692307692308,79616,1244.0,11509.846153846154,1132.7071724243378,9180,15232,11564.594466267754,0.4307692307692308,72636,1134.9375,3091.4461538461537,1626.8550760475066,-3148,8128,3487.546265477514,0.46153846153846156,99724,1558.1875,373.8,1643.8994722914172,-6416,4661,1673.4863148988838,0.4307692307692308,99936,1561.5,81.23076923076923,1459.1644523625368,-4921,3115,1450.17344320761,0.5230769230769231,99753,1558.640625,361.3076923076923,1703.792148443041,-3237,5836,1728.8119664626963,0.35384615384615387,88632,1384.875,1244.0,1134.9375,1558.1875,1561.5,1558.640625,1384.875,5.4628741891953325,-0.5856840042730781,0.34334331657292483,0.1715840869586117,-0.17304557299034948,0.14607561342776193,0.12539769097067416,0.49571011661698416
1-2-2026,good,7249,11445.534246575342,675.9078917496291,9560,15004,11465.338047695986,0.3082191780821918,74260,512.1379310344828,11168.90410958904,577.5119563326224,9364,13052,11183.722756083123,0.3424657534246575,67912,468.3586206896552,4461.095890410959,1167.9774698391918,1364,9388,4610.445127530812,0.2534246575342466,102368,705.9862068965517,225.42465753424656,717.9080897432815,-4066,2332,750.1188033758933,0.3082191780821918,75813,522.8482758620689,168.3835616438356,715.1352826951716,-1812,3462,732.3036461311566,0.3561643835616438,79417,547.7034482758621,86.28082191780823,739.711068879443,-1707,4361,742.2055571343399,0.3013698630136986,76249,525.8551724137931,512.1379310344828,468.3586206896552,705.9862068965517,522.8482758620689,547.7034482758621,525.8551724137931,12.253511974890213,-0.41588054461613716,0.43849328067482235,-0.09162656150456006,-0.3536391347774935,0.0654249181480705,0.06547941700963195,0.1609834921451185
1-2-2026,good,6741,11691.35294117647,620.1243785565717,9872,13796,11707.6667289129,0.39705882352941174,83528,618.7259259259259,11037.235294117647,627.7987910185534,8772,12824,11054.94442479446,0.36764705882352944,78144,578.8444444444444,3955.8823529411766,1136.7649945011992,364,7608,4114.819329891297,0.27205882352941174,113848,843.3185185185185,251.71323529411765,758.591022474617,-3284,2710,796.6106741542386,0.25735294117647056,72301,535.562962962963,144.1985294117647,760.710942521465,-3262,2282,771.5045985528766,0.47058823529411764,100399,743.6962962962963,-2.0,823.0527547108004,-1952,5368,820.0236815088294,0.33088235294117646,72563,537.5037037037036,618.7259259259259,578.8444444444444,843.3185185185185,535.562962962963,743.6962962962963,537.5037037037036,11.254550504649464,-0.36205823369661483,0.3170470954267992,0.030959708292649404,-0.47364471596137303,0.0680417962461223,0.06978819330405026,0.19928546445591014
1-2-2026,good,5789,11880.68376068376,807.5355938517258,9272,15360,11907.862391505989,0.28205128205128205,82004,706.9310344827586,10947.623931623932,773.4251599495776,8420,14464,10974.677376641535,0.358974358974359,78016,672.551724137931,3475.7948717948716,1159.1131980249143,828,10572,3662.404963908022,0.28205128205128205,95528,823.5172413793103,338.0854700854701,1005.6141593372058,-3562,4445,1056.8435911090987,0.27350427350427353,85057,733.25,141.33333333333334,888.5195067037658,-4276,2447,895.9321650908871,0.358974358974359,87772,756.6551724137931,77.54700854700855,960.8368972046021,-2305,5188,959.8595828575234,0.29914529914529914,76627,660.5775862068965,706.9310344827586,672.551724137931,823.5172413793103,733.25,756.6551724137931,660.5775862068965,9.113720611359273,-0.09776730079084388,0.5433792604734464,-0.09248239864259719,-0.3443493690218984,0.08875174706202561,0.08163631004918191,0.26208450241155384
1-2-2026,good,6240,11781.174603174602,667.5651887792243,9776,14556,11799.92294298219,0.3888888888888889,77720,621.76,10912.539682539682,664.3296248194102,8872,13400,10932.582198355954,0.36507936507936506,74376,595.008,4006.6666666666665,896.5509734532666,1272,7688,4104.97284177935,0.29365079365079366,93828,750.624,225.3095238095238,834.6267905049365,-3976,2333,861.2999910618684,0.30158730158730157,83837,670.696,246.6904761904762,750.132473252939,-1953,3884,786.8221244700453,0.42857142857142855,80677,645.416,118.55555555555556,851.656724795201,-2592,4193,856.5150875717808,0.30158730158730157,66072,528.576,621.76,595.008,750.624,670.696,645.416,528.576,10.715115921438018,-0.2479633555469529,0.3883539274072044,0.039500892147901374,-0.2996980491301513,0.07299200131651032,0.07197038267102145,0.20865304604350582
1-2-2026,good,4149,12029.761904761905,874.1122535374276,9588,14488,12061.100597335535,0.38095238095238093,73248,882.5060240963855,10669.761904761905,881.2069163225182,7900,12832,10705.65740069018,0.35714285714285715,72120,868.9156626506024,4159.666666666667,1062.0801972457289,480,7368,4291.5512790775765,0.34523809523809523,88728,1069.012048192771,294.9761904761905,1235.2411303177555,-4649,3921,1262.801279469011,0.4166666666666667,92122,1109.9036144578313,272.3809523809524,1037.671894945858,-2302,3348,1066.8344473699929,0.5,92282,1111.8313253012047,95.5,1346.202194842064,-4741,6363,1341.568511641717,0.2619047619047619,80495,969.8192771084338,882.5060240963855,868.9156626506024,1069.012048192771,1109.9036144578313,1111.8313253012047,969.8192771084338,7.370417855294968,-0.15293359018497085,0.23592426614058165,0.012964483853291164,-0.22251179361704576,0.10470033552686568,0.09965146532725436,0.31260689295957006
1-2-2026,good,4148,11944.47619047619,751.5446980461085,9496,15072,11967.815458852248,0.36904761904761907,62044,747.5180722891566,10885.57142857143,801.8210641613716,8040,12736,10914.711566112435,0.40476190476190477,70012,843.5180722891566,3202.5238095238096,1197.8663408371626,-2344,5776,3416.7178068182,0.39285714285714285,86388,1040.8192771084337,349.6666666666667,1286.3025870227916,-5208,4914,1325.5730117665378,0.4166666666666667,91395,1101.144578313253,120.98809523809524,1016.1034537743841,-2591,3329,1017.2576287909241,0.47619047619047616,86034,1036.55421686747,101.0,1316.0419208176454,-2170,7006,1312.0780047223527,0.32142857142857145,73773,888.8313253012049,747.5180722891566,843.5180722891566,1040.8192771084337,1101.144578313253,1036.55421686747,888.8313253012049,7.195595670647428,-0.15894251842437604,0.17377419099659486,0.2672245155784211,-0.36029857458260184,0.11076148493543891,0.09320059651013268,0.3840170826282552
1-2-2026,good,4551,11881.782608695652,803.5322818940551,10380,16260,11908.6272928495,0.358695652173913,58688,644.9230769230769,11144.130434782608,824.0126855071661,8524,13004,11174.222999930416,0.2826086956521739,61800,679.1208791208791,2923.217391304348,1111.8700594695265,-24,7084,3125.382759167963,0.33695652173913043,93372,1026.065934065934,303.44565217391306,1158.237334180081,-5247,3240,1191.222613627441,0.358695652173913,90856,998.4175824175824,315.19565217391306,1024.8230856611133,-3145,3015,1066.8621095856602,0.45652173913043476,88418,971.6263736263736,141.34782608695653,1199.0695975069805,-3179,5098,1200.8826735581515,0.30434782608695654,75907,834.1428571428571,644.9230769230769,679.1208791208791,1026.065934065934,998.4175824175824,971.6263736263736,834.1428571428571,7.5768950782348705,-0.15466181926906816,0.336336005558406,-0.14391701751457386,0.02213208857294409,0.10003022046400568,0.09547528356081925,0.38423539313745186
1-2-2026,bad,3999,12435.506172839507,1838.8791567382618,8024,21564,12569.070916487968,0.4567901234567901,148940,1861.75,10965.086419753086,1851.0178834733802,5248,15936,11118.322166697146,0.5061728395061729,152700,1908.75,2198.1234567901233,2160.244994107821,-3132,8832,3072.587199538108,0.5432098765432098,204564,2557.05,110.87654320987654,1742.7190420626903,-5259,3769,1735.4735896137727,0.4691358024691358,134212,1677.65,233.2962962962963,2233.550589557154,-4629,7395,2231.946664591304,0.5308641975308642,196988,2462.35,533.1111111111111,2576.3555703745556,-8034,9491,2615.3144559887446,0.3333333333333333,178858,2235.725,1861.75,1908.75,2557.05,1677.65,2462.35,2235.725,4.065176777854705,0.3442235034975656,0.5066349872492036,0.041466059835539956,-0.5743649306723274,0.1380749302002205,0.20074491734696603,0.8511766421245001
1-2-2026,bad,4050,12046.341463414634,1217.3233460658037,8296,15856,12106.946234371046,0.5121951219512195,106732,1317.679012345679,10726.926829268292,1893.481376453174,4764,14160,10890.753330121886,0.4268292682926829,152816,1886.6172839506173,1842.7317073170732,1944.635762326209,-3876,7480,2670.4215434107396,0.524390243902439,171928,2122.567901234568,428.5975609756098,1656.1737314170737,-5010,4514,1700.928322574642,0.45121951219512196,128962,1592.1234567901236,278.4878048780488,1974.6796286111608,-5884,4689,1982.261820958389,0.5975609756097561,179751,2219.1481481481483,34.46341463414634,1985.007324644395,-6926,6297,1973.1674857521011,0.47560975609756095,152021,1876.8024691358025,1317.679012345679,1886.6172839506173,2122.567901234568,1592.1234567901236,2219.1481481481483,1876.8024691358025,4.537924011464912,0.04498344584389913,0.4694740109944164,-0.05042739033992309,-0.5151035123463727,0.14049193657152745,0.18201328784977547,0.7388973811576645
1-2-2026,bad,4943,12168.64,1489.686642664602,6712,19260,12258.579611031615,0.47,147308,1487.959595959596,10855.32,1828.6855514441531,4596,18428,11006.753483202938,0.51,182800,1846.4646464646464,1477.72,1694.7483712988785,-2736,6812,2242.121031523499,0.47,192232,1941.7373737373737,302.93,1522.9296942526153,-4948,2992,1545.2793566213197,0.48,151377,1529.060606060606,361.98,1628.2957439909342,-4068,5254,1660.0792390726415,0.55,194219,1961.8080808080808,83.05,1791.2831717836104,-4675,7869,1784.2381427376783,0.43,164756,1664.20202020202,1487.959595959596,1846.4646464646464,1941.7373737373737,1529.060606060606,1961.8080808080808,1664.20202020202,5.11212738379807,0.05970414839339298,0.4694921390594946,-0.05527457376594916,-0.5333178120317962,0.12605696626586743,0.15082369578415766,0.7957813681135335
1-2-2026,good,5386,11282.201834862386,1220.3698876116187,8500,16904,11347.410170518278,0.3761467889908257,126276,1169.2222222222222,10995.853211009175,1567.2298681862098,6732,16308,11105.965210915036,0.45871559633027525,165648,1533.7777777777778,5569.761467889908,1604.5267843931003,792,8820,5794.232450296881,0.3944954128440367,164760,1525.5555555555557,295.0183486238532,1319.386585737165,-3836,5102,1346.048409642431,0.28440366972477066,117001,1083.3425925925926,173.32110091743118,1891.7516470424086,-5320,6281,1891.0135285443134,0.44036697247706424,215920,1999.2592592592594,43.93577981651376,1355.1262362628622,-5658,4367,1349.6110788742747,0.41284403669724773,129095,1195.3240740740741,1169.2222222222222,1533.7777777777778,1525.5555555555557,1083.3425925925926,1999.2592592592594,1195.3240740740741,6.158626900260628,0.01807593192783396,0.48515158823333693,0.008436915084919385,-0.644321194399811,0.11862164047096661,0.17027007490673024,0.23292318529129788
1-2-2026,good,5789,11691.213675213676,1395.5091755777607,6700,19644,11773.498979582162,0.4700854700854701,144980,1249.8275862068965,10812.0,1608.3278958874198,2944,14744,10929.956720615592,0.4700854700854701,170508,1469.896551724138,4952.239316239316,1475.729093034055,540,9612,5165.640050197568,0.4358974358974359,173360,1494.4827586206898,179.7094017094017,1444.1063879272278,-5675,3463,1449.1081489490105,0.42735042735042733,159444,1374.5172413793102,218.16239316239316,1550.980168158771,-4534,5448,1559.6711657587139,0.47863247863247865,172653,1488.3879310344828,168.2991452991453,1672.3753768577055,-7042,6709,1673.6963264470628,0.3333333333333333,157695,1359.4396551724137,1249.8275862068965,1469.896551724138,1494.4827586206898,1374.5172413793102,1488.3879310344828,1359.4396551724137,5.951786593292448,0.40842362639702434,0.38148132490592235,0.023856593758390943,-0.7237474873972596,0.12308219938176414,0.142696920535306,0.32400560431210146
1-2-2026,good,9799,12120.79187817259,799.8832200065114,10808,20416,12147.022727279958,0.39086294416243655,110020,561.3265306122449,10782.274111675128,751.2194344964397,7088,15984,10808.27928189927,0.3553299492385787,117084,597.3673469387755,3371.0659898477156,1004.504518285396,756,6948,3516.815784041474,0.350253807106599,166372,848.8367346938776,193.21319796954316,833.6868051064491,-3643,2856,853.7194732968754,0.30456852791878175,117273,598.3316326530612,192.78680203045684,772.1017005209701,-2802,2390,793.9028217328176,0.4213197969543147,143203,730.6275510204082,102.45685279187818,788.2786363894455,-2799,4569,792.9226858823009,0.3197969543147208,111261,567.6581632653061,561.3265306122449,597.3673469387755,848.8367346938776,598.3316326530612,730.6275510204082,567.6581632653061,10.84680593450143,0.3839794210910144,0.36045776482251174,-0.2219439953186275,-0.4489383027700683,0.07028219938284118,0.07345321127933113,0.22546608476194324
1-2-2026,good,9449,12269.894736842105,613.8657019024215,8292,15460,12285.160342119225,0.4631578947368421,108604,574.6243386243386,10752.673684210526,695.2967687673462,8064,14324,10775.01204395468,0.4631578947368421,114056,603.4708994708994,2235.3473684210526,971.3981171369261,-892,6576,2436.272925684036,0.3105263157894737,146164,773.3544973544973,182.3421052631579,761.5359749052631,-2770,2721,781.1103534139887,0.3631578947368421,100448,531.4708994708994,318.86315789473684,798.1062719881359,-2948,3263,857.4933481405341,0.4631578947368421,150094,794.1481481481482,46.61578947368421,860.8968958927887,-3799,4679,859.8928666440158,0.3,123943,655.7830687830688,574.6243386243386,603.4708994708994,773.3544973544973,531.4708994708994,794.1481481481482,655.7830687830688,10.204714957818265,0.10980148214994441,0.4094437774080487,-0.1052825089469006,-0.47340984673499337,0.06358161648671354,0.07958166028612923,0.35295424302662154
1-2-2026,good,10998,12411.945701357467,443.04261722166126,9644,14200,12419.814599209323,0.4434389140271493,92104,418.6545454545454,10664.307692307691,561.8315303820785,8112,12880,10679.030148991851,0.37104072398190047,104176,473.5272727272727,1757.1221719457014,782.1528614296146,-776,5716,1922.621457013399,0.3936651583710407,143244,651.1090909090909,177.00452488687782,641.0095552949522,-2694,2194,663.5997335252944,0.2669683257918552,102159,464.3590909090909,282.4343891402715,664.5863385275582,-2484,2662,720.7257842679123,0.3393665158371041,124933,567.8772727272727,44.782805429864254,620.1516661073565,-3155,3846,620.3655140646714,0.31221719457013575,94370,428.95454545454544,418.6545454545454,473.5272727272727,651.1090909090909,464.3590909090909,567.8772727272727,428.95454545454544,12.481457638658707,0.0034825223931733663,0.3664959714494992,-0.025463804302300993,-0.3390786836307184,0.05343072782375592,0.0674898164107592,0.3226664882361611
1-2-2026,good,8093,12296.245398773006,838.3629778428833,9240,16388,12324.617292680652,0.4539877300613497,127748,788.5679012345679,10846.01226993865,954.8221861979991,7544,16620,10887.702898449606,0.4294478527607362,136808,844.4938271604939,1049.644171779141,1150.9494292340103,-1888,4864,1555.0918225902665,0.32515337423312884,173168,1068.9382716049383,202.75460122699386,1013.2993847384957,-4390,3710,1030.3328755095745,0.34355828220858897,135305,835.216049382716,238.079754601227,1005.9150798754968,-3094,3270,1030.6984795895553,0.48466257668711654,166751,1029.3271604938273,57.08588957055215,1257.9740198242382,-4893,6894,1255.4078431970768,0.3619631901840491,150436,928.6172839506173,788.5679012345679,844.4938271604939,1068.9382716049383,835.216049382716,1029.3271604938273,928.6172839506173,7.468073595010129,-0.027205521761866334,0.3771920527532405,0.014366571925658106,-0.47567532153318787,0.08359958374024883,0.09466629362578023,0.807288562741392
1-2-2026,good,8295,11802.179640718563,681.0142268509256,9708,15716,11821.693936190282,0.3772455089820359,98204,591.5903614457832,11066.850299401198,753.9743502455658,7992,13288,11092.350914678604,0.38323353293413176,114352,688.8674698795181,3464.2395209580836,1271.929959471896,-376,7320,3689.0478202863246,0.2694610778443114,145712,877.7831325301205,258.52694610778445,938.3839724181248,-2923,3713,970.6326907534494,0.3413173652694611,113292,682.4819277108434,151.2574850299401,1036.6316628322752,-3477,3404,1044.5330389514147,0.46107784431137727,159316,959.7349397590361,32.31736526946108,1080.5679346173183,-4340,6061,1077.8124579957214,0.3413173652694611,134164,808.2168674698795,591.5903614457832,688.8674698795181,877.7831325301205,682.4819277108434,959.7349397590361,808.2168674698795,8.601125209464099,-0.02166078805719614,0.3380250893520507,-0.25262460868461034,-0.37082535255969706,0.08210605822740022,0.09416696666844611,0.29216548828036115
1-2-2026,bad,3345,12450.117647058823,1232.444283254105,7616,16196,12510.076390418952,0.4264705882352941,76176,1136.955223880597,10462.764705882353,1675.203993972764,5684,14916,10594.077801799845,0.45588235294117646,114136,1703.5223880597016,2086.4117647058824,2027.0136421670102,-4888,6064,2898.529809890443,0.4264705882352941,144208,2152.3582089552237,438.6029411764706,1589.0537702567965,-3597,4179,1637.1715611347013,0.38235294117647056,99021,1477.9253731343283,97.54411764705883,2045.6268785833824,-5693,6147,2032.8713936058957,0.5294117647058824,162890,2431.194029850746,205.3235294117647,1449.9702358363215,-2694,5380,1453.8409776297042,0.3088235294117647,80894,1207.3731343283582,1136.955223880597,1703.5223880597016,2152.3582089552237,1477.9253731343283,2431.194029850746,1207.3731343283582,5.0747995739641265,-0.6509151325108049,-0.002284378651844492,-0.2561744776580447,-0.04643878272696223,0.13086823052956637,0.19188752730026584,0.5015787562947565
1-2-2026,bad,3299,12049.910447761195,1106.2056049142655,8976,14124,12099.825147373615,0.40298507462686567,77636,1176.3030303030303,10971.641791044776,1706.9257470979323,4796,15436,11101.668009673813,0.4626865671641791,121616,1842.6666666666667,2074.9253731343283,2112.34393229082,-4540,8628,2949.697480061404,0.43283582089552236,145188,2199.818181818182,416.2835820895522,1591.664783174867,-2761,4790,1633.6697678685744,0.417910447761194,103741,1571.8333333333333,236.6865671641791,1903.4642279113198,-4577,5161,1903.9746172897321,0.4925373134328358,157578,2387.5454545454545,299.55223880597015,1747.390602493989,-3930,8226,1759.980885242198,0.5074626865671642,107632,1630.7878787878788,1176.3030303030303,1842.6666666666667,2199.818181818182,1571.8333333333333,2387.5454545454545,1630.7878787878788,4.936398725347251,-0.41254473001638947,0.20806322571261265,-0.28599596124363524,-0.07773334713184123,0.13501598145723306,0.17150347276275385,0.5966648771754368
1-2-2026,bad,3550,11472.388888888889,1172.565101415654,8168,14656,11531.327754329845,0.4722222222222222,84484,1189.9154929577464,11598.777777777777,1264.8529193816298,8800,15844,11666.58813306901,0.4861111111111111,96080,1353.2394366197184,2098.4444444444443,2094.8306119218228,-4856,6560,2954.798733510551,0.4027777777777778,150492,2119.605633802817,369.5416666666667,1559.532675917219,-4455,5352,1592.1442957010315,0.3333333333333333,98953,1393.7042253521126,299.47222222222223,1422.3566238516662,-3818,3205,1443.8432701955185,0.4722222222222222,107845,1518.943661971831,83.20833333333333,1516.8759309148302,-4323,4481,1508.6017026446118,0.3472222222222222,98533,1387.7887323943662,1189.9154929577464,1353.2394366197184,2119.605633802817,1393.7042253521126,1518.943661971831,1387.7887323943662,5.7546926839331025,-0.5908296238172043,0.2465069308471698,-0.04398572177552377,-0.25019688720686084,0.13807120302908166,0.12375882765409174,0.5105598851877486
1-2-2026,good,7400,12257.395973154362,604.059407526704,9924,14984,12272.171564125432,0.3691275167785235,86136,582.0,10553.31543624161,730.3437832415443,7396,13084,10578.387819467596,0.42953020134228187,105232,711.027027027027,3438.55033557047,1141.1846111414084,524,8464,3621.7662048996235,0.3422818791946309,144412,975.7567567567568,172.60402684563758,724.1526345265777,-2138,2563,742.0712532947513,0.2684563758389262,81055,547.668918918919,156.4765100671141,1118.3345881862388,-5115,3643,1125.5058310994777,0.40939597315436244,155504,1050.7027027027027,47.41610738255034,808.2875216014639,-1970,3854,806.9648371039148,0.2751677852348993,84967,574.1013513513514,582.0,711.027027027027,975.7567567567568,547.668918918919,1050.7027027027027,574.1013513513514,9.89789143546731,-0.45865697861332944,0.1661392315280785,-0.19447927106935683,-0.05744549435243632,0.06046780305806185,0.10639672606082681,0.222809753923216
1-2-2026,good,7253,12312.931506849314,616.6121528160731,9916,13832,12328.255702147577,0.3904109589041096,84404,582.096551724138,10639.04109589041,695.4085961079714,8320,13436,10661.5888250285,0.363013698630137,97268,670.8137931034482,2734.301369863014,1039.7569833436578,-936,7432,2924.0543442657113,0.4452054794520548,144968,999.7793103448275,228.97260273972603,816.7478059686223,-2331,2731,845.5391244400842,0.2808219178082192,90197,622.048275862069,218.3835616438356,998.736645141554,-3999,2956,1018.986872621695,0.3972602739726027,132907,916.6,102.38356164383562,816.7748709386708,-1999,4067,820.3866529106704,0.3082191780821918,78055,538.3103448275862,582.096551724138,670.8137931034482,999.7793103448275,622.048275862069,916.6,538.3103448275862,9.651672974186338,-0.44925127876237886,0.20330859898364656,-0.20627379063028434,0.030626486149913534,0.06858546292353476,0.09557551780031205,0.28056477617761966
1-2-2026,good,7454,12335.226666666667,740.8656930395971,8376,15964,12357.30713707481,0.4066666666666667,96944,650.6308724832214,10734.613333333333,703.562705348956,8608,14136,10757.491524204577,0.42,104804,703.3825503355705,1957.0133333333333,855.1458055877475,-1592,4892,2134.549220171166,0.43333333333333335,125920,845.1006711409397,233.20666666666668,706.5298817323727,-2381,2649,741.7829377025779,0.3333333333333333,83751,562.0872483221476,282.6333333333333,960.8512125051968,-2305,2850,998.4797210426125,0.4533333333333333,133770,897.7852348993289,76.41333333333333,722.0216322278175,-2824,2960,723.6565483708414,0.31333333333333335,74167,497.76510067114094,650.6308724832214,703.3825503355705,845.1006711409397,562.0872483221476,897.7852348993289,497.76510067114094,10.247636285427058,-0.5117980358635416,0.3299688592721203,-0.1534096039316127,-0.14584591350202677,0.06002787900423935,0.09281715153604309,0.3390207830268687
1-2-2026,good,8793,12310.598870056498,476.460652051417,10736,13964,12319.763663445978,0.4180790960451977,86224,489.90909090909093,10694.418079096045,562.000996147951,8420,12088,10709.091405645171,0.3615819209039548,83728,475.72727272727275,2329.446327683616,989.3845129333996,-2936,5220,2529.7572023466714,0.3333333333333333,144624,821.7272727272727,149.3276836158192,728.1670052040942,-1761,3203,741.3031166361459,0.3446327683615819,87724,498.4318181818182,232.43502824858757,821.6797841189027,-2529,3184,851.6861275651997,0.3333333333333333,114791,652.2215909090909,70.75141242937853,774.4840183446585,-2371,3070,775.5271835528259,0.2768361581920904,92302,524.4431818181819,489.90909090909093,475.72727272727275,821.7272727272727,498.4318181818182,652.2215909090909,524.4431818181819,10.790979518297675,-0.4696501706815282,0.41925368224803483,-0.12157305539326813,-0.1808471884054155,0.06017186180084749,0.07952926118799529,0.3065619034612745
1-2-2026,good,4549,12305.782608695652,885.9747946962576,10240,16056,12337.289202639502,0.358695652173913,77252,848.9230769230769,10516.739130434782,1081.66333928394,7380,13444,10571.616724697933,0.32608695652173914,98188,1078.989010989011,2757.217391304348,1214.871763920432,-720,5368,3010.335298383828,0.40217391304347827,112672,1238.1538461538462,342.4891304347826,1288.4677286578203,-2865,4230,1326.4248163685197,0.34782608695652173,103412,1136.3956043956043,239.2391304347826,1354.209281223948,-3426,4686,1367.9125083260196,0.41304347826086957,121058,1330.3076923076924,101.56521739130434,1323.8063692973606,-4992,4767,1320.503798786166,0.31521739130434784,100110,1100.10989010989,848.9230769230769,1078.989010989011,1238.1538461538462,1136.3956043956043,1330.3076923076924,1100.10989010989,6.45585726111983,-0.47437377326430474,0.45268865304058914,-0.23277445219837684,-0.11359530777525104,0.10751347354143438,0.129394826148099,0.4386567167638947
1-2-2026,good,5149,12038.26923076923,880.9484323178549,7776,14080,12070.150537586513,0.3942307692307692,86448,839.3009708737864,11004.76923076923,922.3468718729258,8620,15660,11042.983724449725,0.3173076923076923,86660,841.3592233009708,1655.9615384615386,1415.6585069200432,-2704,6800,2174.1728400616034,0.4519230769230769,147888,1435.8058252427184,278.50961538461536,1137.2945925299693,-3787,3415,1165.57697416014,0.3557692307692308,96292,934.8737864077669,296.8942307692308,1320.6396208359542,-2622,6915,1347.3919644146727,0.4326923076923077,131084,1272.6601941747572,95.77884615384616,1205.2180961776153,-3001,4817,1203.2279141798276,0.33653846153846156,94180,914.3689320388349,839.3009708737864,841.3592233009708,1435.8058252427184,934.8737864077669,1272.6601941747572,914.3689320388349,6.804619910419693,-0.6763319361101501,0.15175732358695956,-0.29905694346791795,0.09688427412085027,0.09656689619851552,0.12201339763903347,0.5534187031755564
1-2-2026,good,5547,11860.464285714286,834.169165643994,9360,14804,11889.501185019135,0.35714285714285715,84536,761.5855855855856,11196.785714285714,827.2201296252063,8380,13644,11227.02960334058,0.25892857142857145,76604,690.1261261261261,1253.2142857142858,1418.9957458149502,-6656,5792,1888.416494617344,0.3125,121660,1096.036036036036,217.4375,1203.5907671618693,-2647,4038,1217.7748553054812,0.35714285714285715,109110,982.972972972973,206.66071428571428,1203.6911740171115,-2614,3460,1215.9953668262297,0.4017857142857143,129050,1162.6126126126126,146.75892857142858,1314.4816622760861,-3062,5156,1316.8040415827145,0.2767857142857143,108528,977.7297297297297,761.5855855855856,690.1261261261261,1096.036036036036,982.972972972973,1162.6126126126126,977.7297297297297,6.666964981396249,-0.3846694842077489,0.4433315539813199,-0.030850403515059934,-0.27361120384262183,0.10242438570404137,0.1083096250459786,0.6973059410563117
1-2-2026,bad,15199,10941.088524590165,2069.2206823510146,5808,23560,11134.408563503335,0.5639344262295082,685308,2254.3026315789475,11010.793442622951,2308.1552927002153,4100,28044,11249.34156353672,0.5639344262295082,776600,2554.6052631578946,6021.534426229508,2242.737637681994,-248,19988,6424.3488054253785,0.5606557377049181,794692,2614.1184210526317,266.7409836065574,2031.5766114238852,-5976,5695,2045.7082239911238,0.4852459016393443,641211,2109.246710526316,289.0852459016393,2001.0131330150498,-5292,5910,2018.5380336874068,0.46557377049180326,657114,2161.559210526316,59.02950819672131,2020.464847450778,-8813,6763,2018.013420157167,0.4557377049180328,653881,2150.9243421052633,2254.3026315789475,2554.6052631578946,2614.1184210526317,2109.246710526316,2161.559210526316,2150.9243421052633,4.736413841833871,0.2597448762266664,0.6140354458636805,-0.01242737692578245,-0.3550062233425613,0.18372850359675796,0.17943610495842705,0.31411952883673283
1-2-2026,bad,16191,10722.461538461539,2105.588670781242,5628,27276,10926.620865785331,0.5538461538461539,663548,2047.9876543209878,11099.335384615384,1896.4222979683925,3672,16756,11259.68905486771,0.5415384615384615,685228,2114.901234567901,6133.858461538462,1839.520023858571,516,12760,6402.940086217605,0.5692307692307692,705540,2177.5925925925926,176.35692307692307,2069.689856139752,-9855,5035,2074.014828223826,0.5015384615384615,677737,2091.7808641975307,332.4153846153846,1892.3678786203775,-7482,7035,1918.4727106577413,0.5446153846153846,661917,2042.9537037037037,103.39692307692307,1951.1850101457992,-6708,6488,1950.922767071245,0.4646153846153846,670305,2068.8425925925926,2047.9876543209878,2114.901234567901,2177.5925925925926,2091.7808641975307,2042.9537037037037,2068.8425925925926,4.810243367082687,0.1081664564820127,0.4196776410359289,0.025856367991581686,-0.34171568719947615,0.18981301296253467,0.17038416435292025,0.3046917104481322
1-2-2026,bad,16299,11102.74006116208,2090.0906318632333,4008,26424,11297.165859302915,0.5045871559633027,662476,2032.1349693251534,11239.204892966362,2114.2421413175985,4688,20884,11435.736822469415,0.5107033639143731,743188,2279.717791411043,5822.324159021407,1787.0402112668003,256,15428,6089.598117731088,0.5351681957186545,672248,2062.1104294478528,164.29663608562691,1888.2042953072823,-6248,5418,1892.46023473709,0.4801223241590214,638924,1959.8895705521472,335.62079510703364,1755.6407347475415,-6164,6832,1784.7940475161076,0.4617737003058104,599484,1838.9079754601228,207.2446483180428,1869.3835065509777,-8700,6871,1877.9931322805646,0.45565749235474007,582390,1786.4723926380368,2032.1349693251534,2279.717791411043,2062.1104294478528,1959.8895705521472,1838.9079754601228,1786.4723926380368,5.188337916131154,0.03540053107416518,0.5316365057648501,-0.1631390710879056,-0.12277978062197495,0.16751637164034225,0.1560716266094195,0.308393607536106
1-2-2026,good,22750,11739.342105263158,1559.7803245100718,7796,22424,11842.285775388335,0.5263157894736842,715884,1573.3714285714286,11024.429824561403,1345.9572579096,6216,15084,11106.110079038443,0.4451754385964912,669712,1471.8945054945054,4312.377192982456,1350.5700864863193,60,8760,4518.477235343317,0.44956140350877194,636932,1399.8505494505494,157.0701754385965,1367.7337651046864,-7052,4676,1375.2324492512835,0.44298245614035087,588057,1292.432967032967,264.26973684210526,1559.9429024647857,-10372,4594,1580.4821736785866,0.4232456140350877,658873,1448.0725274725276,121.62938596491227,1649.901334623289,-4720,7676,1652.5732784931124,0.4232456140350877,713944,1569.1076923076923,1573.3714285714286,1471.8945054945054,1399.8505494505494,1292.432967032967,1448.0725274725276,1569.1076923076923,5.960320551007316,0.2349467889020629,0.3797612541023128,0.08681940910129227,-0.2514371181668121,0.11612896996568702,0.1423074471879461,0.3657367719374626
1-2-2026,good,24182,11246.465979381443,1327.7514039454259,7384,21156,11324.411062905192,0.5237113402061856,663512,1370.892561983471,11314.061855670103,1290.0727781894614,6044,16040,11387.223187668415,0.465979381443299,661452,1366.6363636363637,4757.352577319588,1279.4077212397658,600,10128,4926.044320070514,0.5010309278350515,661504,1366.7438016528927,143.43092783505153,1237.388202593481,-4257,3591,1244.4054913106595,0.4556701030927835,587197,1213.2169421487604,331.9340206185567,1389.1649238734656,-3461,5050,1426.8778691984285,0.44948453608247424,638372,1318.9504132231405,119.14845360824742,1373.9523426594765,-4055,6546,1377.6970407467943,0.4268041237113402,651769,1346.6301652892562,1370.892561983471,1366.6363636363637,1366.7438016528927,1213.2169421487604,1318.9504132231405,1346.6301652892562,6.825836587217324,0.16888002715149403,0.37109810639693114,-0.032438371693632485,-0.23332360593188733,0.10988699405985089,0.12530516400331335,0.2796761358508031
1-2-2026,good,22600,11537.342163355408,1242.2920437826815,8052,18240,11603.884991512421,0.4856512141280353,576952,1276.4424778761063,10922.728476821192,1216.2505014620735,6296,15380,10990.086313327705,0.45474613686534215,575148,1272.4513274336284,4969.783664459161,1299.4203462626065,388,11328,5136.488640079804,0.5011037527593819,647396,1432.2920353982302,228.55849889624724,1247.852897307249,-4372,4170,1267.2562694808937,0.4260485651214128,557669,1233.7809734513273,288.63134657836645,1386.315676033777,-4580,4793,1414.5446852845148,0.4613686534216336,632103,1398.4579646017698,34.205298013245034,1488.0406639248783,-4558,6717,1486.790845297362,0.44370860927152317,678860,1501.9026548672566,1276.4424778761063,1272.4513274336284,1432.2920353982302,1233.7809734513273,1398.4579646017698,1501.9026548672566,6.6522368387929305,0.18087845440584024,0.45550387192155567,-0.09316262637983108,-0.2734387528258511,0.10920965437856456,0.12871097139977708,0.28945665982915625
1-2-2026,good,22699,11417.52967032967,1382.6355406305195,7664,23584,11500.759249470693,0.5208791208791209,631860,1391.7621145374449,11038.804395604395,1197.002296111806,6752,16224,11103.37191750603,0.4857142857142857,588680,1296.6519823788547,5197.854945054945,1464.0407200669108,-3804,11020,5399.666698708621,0.47912087912087914,699224,1540.1409691629956,100.82637362637362,1462.8219358633462,-8543,5163,1464.6880251401699,0.4087912087912088,592786,1305.6960352422907,366.96043956043957,1462.3405770165969,-5975,8912,1506.1208647849812,0.43736263736263736,613584,1351.5066079295154,121.37142857142857,1376.393306269363,-4555,5568,1380.2267611113443,0.4087912087912088,619763,1365.1167400881056,1391.7621145374449,1296.6519823788547,1540.1409691629956,1305.6960352422907,1351.5066079295154,1365.1167400881056,6.436122363782105,0.22121284685713122,0.397486808359616,0.03766165574589171,-0.16774792525268448,0.12735576784465116,0.13564535853065715,0.25561332539021797
1-2-2026,good,17548,10888.022727272728,1692.3754204030981,7096,21536,11018.395378968424,0.5369318181818182,628288,1789.994301994302,11328.102272727272,1825.0384254770515,5000,18996,11473.7615433887,0.5198863636363636,697768,1987.9430199430199,5477.034090909091,1933.3507983229038,-1652,12400,5807.334058209185,0.5369318181818182,762736,2173.037037037037,225.01704545454547,1692.1390396841375,-5483,4785,1704.650324046761,0.4943181818181818,611527,1742.2421652421651,263.375,1930.832126902596,-11247,5417,1945.992770705062,0.4318181818181818,633819,1805.7521367521367,93.18181818181819,1847.807969361073,-7805,7581,1847.532722062294,0.45170454545454547,678986,1934.4330484330485,1789.994301994302,1987.9430199430199,2173.037037037037,1742.2421652421651,1805.7521367521367,1934.4330484330485,5.1470691222488405,-0.04674008222002998,0.45774914952466944,0.07926335371131477,-0.273431260508988,0.15470948947301671,0.1696037313636485,0.3181378414304415
1-2-2026,good,19098,10962.109660574413,1706.9849658995101,7108,24808,11093.87389767169,0.5326370757180157,647004,1693.7277486910996,11166.955613577024,1697.3761567184852,5644,17528,11294.88650123223,0.5091383812010444,702028,1837.7696335078533,5587.028720626632,1624.6490903306574,352,12272,5817.858969324125,0.5195822454308094,699896,1832.1884816753927,194.10443864229765,1656.8720275765377,-5799,5064,1666.0533484228897,0.4621409921671018,649090,1699.1884816753927,305.2193211488251,1679.7697591988344,-6212,9716,1705.1152767627202,0.46475195822454307,653476,1710.6701570680627,60.947780678851174,1735.1199778632429,-4351,7688,1733.9248216708436,0.4621409921671018,682658,1787.0628272251308,1693.7277486910996,1837.7696335078533,1832.1884816753927,1699.1884816753927,1710.6701570680627,1787.0628272251308,5.525191586859501,0.028283754318192026,0.49051538723279603,-0.004767404159419632,-0.2933274041893427,0.15017777952410044,0.15096347151657832,0.29803486652311256
1-2-2026,good,18198,10931.232876712329,1749.1057504875682,5892,26112,11069.907013753578,0.5095890410958904,642536,1765.2087912087911,11020.328767123288,1681.7720838938565,6124,17404,11147.567203359873,0.5178082191780822,684704,1881.0549450549452,5604.77808219178,1678.375734813453,-1556,12004,5850.022632434852,0.4958904109589041,666112,1829.978021978022,214.1917808219178,1679.6070761199,-6498,6056,1690.9255048681769,0.44931506849315067,571416,1569.8241758241759,312.7917808219178,1911.153440467087,-5964,8436,1933.9956828726022,0.4520547945205479,697351,1915.7994505494505,6.071232876712329,1840.2748511782065,-8504,5722,1837.762226187055,0.4684931506849315,698297,1918.3983516483515,1765.2087912087911,1881.0549450549452,1829.978021978022,1569.8241758241759,1915.7994505494505,1918.3983516483515,5.13804200566492,0.20373323966427284,0.4759636769633321,0.050601929864568636,-0.31727202244978353,0.15274974781762587,0.17349038112245746,0.3141461736718118
1-2-2026,bad,12800,8768.66926070039,1924.620966019145,2380,17384,8976.598095584419,0.48638132295719844,520544,2033.375,13281.898832684825,1940.0642077906068,7240,19584,13422.296390881453,0.5214007782101168,548916,2144.203125,5026.8793774319065,1905.3562302886069,-1984,11096,5374.548598545955,0.5408560311284046,554640,2166.5625,94.0,2327.0270061819224,-8493,6252,2324.3967896634313,0.45525291828793774,582230,2274.3359375,270.3112840466926,1958.2638905989497,-14426,4664,1973.0545518539116,0.490272373540856,491797,1921.08203125,104.59922178988327,2086.843446264751,-6963,8508,2085.404365980326,0.38910505836575876,537103,2098.05859375,2033.375,2144.203125,2166.5625,2274.3359375,1921.08203125,2098.05859375,4.351256608861812,-0.18699669863643265,0.3463707523320228,0.36213196226304567,-0.28653024449145975,0.2589396077059371,0.14699828511068525,0.38801479368081293
1-2-2026,bad,13351,8459.537313432837,1855.6965949570197,3568,26764,8659.9383438569,0.4925373134328358,467404,1750.5767790262173,13590.23880597015,1881.2664798550695,8148,23548,13719.349421066345,0.48134328358208955,544792,2040.4194756554307,4937.626865671642,1837.0164488330047,-1364,10872,5267.086158115788,0.5223880597014925,538324,2016.194756554307,97.45522388059702,2593.142483900145,-17127,6006,2590.1340626860547,0.45149253731343286,636995,2385.749063670412,334.40671641791045,1555.5358153747288,-5960,5236,1588.2351288857913,0.5,460120,1723.2958801498128,236.30597014925374,1916.7003178063155,-4592,8596,1927.6598855421457,0.44029850746268656,513156,1921.9325842696628,1750.5767790262173,2040.4194756554307,2016.194756554307,2385.749063670412,1723.2958801498128,1921.9325842696628,4.527717370710318,0.04844982445139217,0.3315350013750137,0.2715507074712119,-0.4896245126549695,0.29909382255871647,0.11576606732759917,0.36598222001854464
1-2-2026,good,20701,11269.05060240964,839.1690477311029,8452,14504,11300.177400889168,0.43855421686746987,356504,861.1207729468599,10844.693975903614,1061.5533875075903,6892,14196,10896.40159017911,0.43855421686746987,434996,1050.7149758454107,5749.879518072289,1177.531740524134,376,9960,5868.931275219792,0.46265060240963857,457300,1104.5893719806763,181.86746987951807,1293.7641797965898,-4886,4517,1304.939927528402,0.38313253012048193,501769,1212.002415458937,365.60481927710845,1300.6500392551409,-3720,4027,1349.5484599610095,0.43132530120481927,524968,1268.038647342995,87.60240963855422,1235.358116043039,-3326,4595,1236.9747306785816,0.3710843373493976,463004,1118.3671497584542,861.1207729468599,1050.7149758454107,1104.5893719806763,1212.002415458937,1268.038647342995,1118.3671497584542,7.2120715028872135,-0.13732202252285505,0.2610451990298974,0.12887864850299763,-0.3860035248032174,0.11547959656900976,0.1238526727074285,0.21076660680806664
1-2-2026,good,21699,11477.27816091954,894.8716682477743,9020,17352,11512.031461779954,0.4827586206896552,405216,933.6774193548387,10766.63908045977,955.6670967715103,7860,14252,10808.872149740013,0.4413793103448276,407872,939.7972350230415,5513.27816091954,1129.4838849719622,2140,11104,5627.524962592143,0.4482758620689655,496292,1143.5299539170508,190.57471264367817,1213.8051380612792,-4215,3535,1227.2956795562638,0.39080459770114945,471380,1086.1290322580646,346.8758620689655,1272.882075127541,-3062,4195,1317.8873157487685,0.4367816091954023,541520,1247.741935483871,97.39540229885057,1144.2256129955463,-3121,6355,1147.0520225904036,0.38850574712643676,436455,1005.6566820276498,933.6774193548387,939.7972350230415,1143.5299539170508,1086.1290322580646,1247.741935483871,1005.6566820276498,7.569515058245974,-0.190745593881475,0.19063605248680857,-0.010849067051503233,-0.316728848964996,0.10660982672991179,0.12192644129466748,0.20382886437845688
1-2-2026,good,19451,11585.661538461538,882.4898337902417,7680,16524,11619.137003127034,0.5025641025641026,367152,943.8354755784062,10763.589743589744,957.8187708736868,8052,14372,10806.013539478128,0.43846153846153846,380004,976.8740359897172,4934.871794871795,1205.680726548086,168,8324,5079.655332543331,0.4076923076923077,463336,1191.095115681234,184.52820512820512,1302.4584694934133,-4407,3743,1313.8108633343631,0.39487179487179486,482809,1241.1542416452442,411.6307692307692,1287.8016648924101,-3304,4840,1350.4149827519782,0.4282051282051282,506529,1302.1311053984575,61.88461538461539,1307.5747716927442,-5730,6227,1307.3628074319731,0.3871794871794872,465182,1195.840616966581,943.8354755784062,976.8740359897172,1191.095115681234,1241.1542416452442,1302.1311053984575,1195.840616966581,6.9253913906359355,-0.17650130360969044,0.23701872646427882,0.23780446334483427,-0.41126075711269566,0.11307301591053681,0.12496884051583625,0.25737234548156196
1-2-2026,good,19256,11142.42487046632,1044.7488411547242,8148,17268,11191.170824114328,0.5233160621761658,434160,1127.6883116883116,11003.492227979275,1023.685397691074,8088,15704,11050.884948973111,0.4378238341968912,412432,1071.2519480519481,5530.621761658031,1244.0444335585676,1424,9420,5668.457830500797,0.45595854922279794,497736,1292.8207792207793,195.06735751295338,1298.762704147662,-4170,3613,1311.6653260116088,0.40932642487046633,487445,1266.090909090909,385.1839378238342,1375.3583126432618,-3320,5023,1426.5611128894163,0.4637305699481865,542682,1409.5636363636363,73.7720207253886,1319.4968993411735,-6161,4409,1319.849926702102,0.3601036269430052,443499,1151.9454545454546,1127.6883116883116,1071.2519480519481,1292.8207792207793,1266.090909090909,1409.5636363636363,1151.9454545454546,6.8777694361013575,-0.17643822703150716,0.2747447729782553,0.21771822184496267,-0.44199251042815985,0.1172053707792642,0.12909021488753147,0.2328410946920028
1-2-2026,good,14251,10677.636363636364,1491.072871931445,5440,19220,10780.88321303718,0.541958041958042,460052,1614.2175438596491,11647.244755244756,1499.937173967493,7920,16768,11743.093946680297,0.493006993006993,453216,1590.2315789473685,5312.181818181818,1515.4019170949098,756,11396,5523.376604838848,0.5174825174825175,472700,1658.5964912280701,256.94405594405595,1700.5598594156493,-5046,4571,1716.919488930256,0.47202797202797203,494559,1735.2947368421053,426.8041958041958,1691.9261058010497,-3799,5416,1742.0581590092304,0.4755244755244755,513769,1802.6982456140352,112.83566433566433,1680.7716223756402,-5418,5881,1681.620508606218,0.3741258741258741,441759,1550.0315789473684,1614.2175438596491,1590.2315789473685,1658.5964912280701,1735.2947368421053,1802.6982456140352,1550.0315789473684,5.456048674683236,-0.05895973095705044,0.39201181601184754,0.18541932987473414,-0.41677487430114313,0.1592559213232875,0.14834745994290136,0.3044551600607046
1-2-2026,good,15300,9899.674267100978,1541.0297374552106,5348,20444,10018.512256349188,0.5179153094462541,482068,1575.3856209150326,12452.781758957655,1295.89978377991,8276,18688,12519.810684272848,0.44625407166123776,412416,1347.764705882353,5114.397394136808,1508.845201325111,-996,9832,5331.628162808197,0.495114006514658,498416,1628.81045751634,188.59934853420197,1526.3945147866643,-4576,4811,1535.5327227613907,0.4234527687296417,463231,1513.826797385621,421.9706840390879,1331.870374779842,-3080,4743,1395.0483313869586,0.43322475570032576,434174,1418.8692810457517,151.8110749185668,1616.4790178567314,-4556,5638,1620.9687235125368,0.40716612377850164,478537,1563.8464052287582,1575.3856209150326,1347.764705882353,1628.81045751634,1513.826797385621,1418.8692810457517,1563.8464052287582,6.123178358741329,-0.010570445207005777,0.47374709121305225,0.1917562730296969,-0.4257711123813039,0.15326953576714786,0.11142727046407858,0.3040288395420912
1-2-2026,good,16400,9649.835866261397,1400.685262535913,4812,18788,9750.655781546837,0.5075987841945289,466308,1421.6707317073171,12686.419452887538,1219.0149688394224,8708,17888,12744.674155079405,0.44376899696048633,400512,1221.0731707317073,4960.68085106383,1329.6698007140649,-628,8820,5135.270427023548,0.5349544072948328,476556,1452.9146341463415,132.16413373860183,1463.5032634901347,-4221,5586,1467.2419715369083,0.3768996960486322,467637,1425.7225609756097,334.209726443769,1290.07806122399,-4395,3846,1330.7662749030924,0.48024316109422494,442566,1349.2865853658536,100.23404255319149,1573.586966776321,-4945,4658,1574.3876379883247,0.3768996960486322,487888,1487.4634146341464,1421.6707317073171,1221.0731707317073,1452.9146341463415,1425.7225609756097,1349.2865853658536,1487.4634146341464,6.319327226460205,-0.13859356465131709,0.3034446856646049,0.14334727966758473,-0.3554819844581341,0.15047623506135807,0.10441744203152471,0.30658319947412616
1-2-2026,good,15500,9125.260450160771,1457.4384797546254,4740,15800,9240.545179556999,0.41479099678456594,455084,1468.0129032258064,13061.221864951769,1233.1578970287026,9608,17932,13119.119839506919,0.41479099678456594,375584,1211.5612903225806,4942.893890675241,1367.1197360053943,488,10660,5127.885206213464,0.48231511254019294,438900,1415.8064516129032,158.59163987138263,1547.0958716026241,-5014,4343,1552.7268866629174,0.39228295819935693,465389,1501.2548387096774,350.66881028938906,1285.3922018357637,-3368,4933,1330.371782768205,0.4758842443729904,415046,1338.858064516129,199.36977491961414,1575.3211167536444,-4612,5517,1585.3723187527667,0.35691318327974275,444359,1433.4161290322581,1468.0129032258064,1211.5612903225806,1415.8064516129032,1501.2548387096774,1338.858064516129,1433.4161290322581,6.151444261764726,-0.15700114025168752,0.3355266408890773,0.27734439887676593,-0.4534931915058887,0.16803412096615306,0.10140709124864583,0.30916688940747006
12-31-2025,bad,4750,-995.5,1382.1473757964643,-5288,1920,1697.48411872787,0.4270833333333333,131288,1381.9789473684211,12634.791666666666,1537.4337737840708,8292,18308,12727.020121248597,0.4375,135828,1429.7684210526315,11563.208333333334,1065.7529872463701,9372,17464,11611.708954040027,0.4791666666666667,96956,1020.5894736842105,203.76041666666666,2246.710464304795,-7681,5179,2244.247296329737,0.3333333333333333,164197,1728.3894736842105,470.2604166666667,2068.8928147291053,-7185,4955,2111.131378649057,0.4583333333333333,188573,1984.9789473684211,218.09375,1491.6369678142198,-8406,2667,1499.7895998272559,0.375,114944,1209.9368421052632,1381.9789473684211,1429.7684210526315,1020.5894736842105,1728.3894736842105,1984.9789473684211,1209.9368421052632,4.446706220485563,-0.3017793741628362,-0.05924793319995847,0.6486438728344799,0.2895164746433986,1.322102086403919,0.16587790059029656,0.12916183187456456
12-31-2025,bad,5014,-615.2079207920792,1240.1581860136366,-3812,2640,1378.8565789619074,0.49504950495049505,130364,1303.64,12210.217821782178,1415.1340261894657,8196,15344,12291.142981919143,0.40594059405940597,134984,1349.84,11960.594059405941,1051.4004962735924,8020,15232,12006.261211435794,0.37623762376237624,99204,992.04,-155.20792079207922,1874.1845497006516,-6563,6431,1871.3308971779077,0.3564356435643564,165419,1654.19,305.5049504950495,1891.9275864776769,-6855,6597,1907.1664223072505,0.38613861386138615,171785,1717.85,-19.623762376237625,1413.7641730605933,-4710,3293,1406.8847968768332,0.40594059405940597,123764,1237.64,1303.64,1349.84,992.04,1654.19,1717.85,1237.64,4.951662228776955,-0.26822087970974695,-0.18907794081131837,0.6699032109700296,0.44533658508942753,1.3571613787632686,0.15516591296331164,0.11717925938672866
12-31-2025,bad,4563,-793.3478260869565,1389.8793088150296,-4360,2444,1593.7903959074908,0.44565217391304346,127144,1397.1868131868132,12448.95652173913,1626.9266510077205,8488,16700,12553.670310346275,0.44565217391304346,147620,1622.1978021978023,12007.347826086956,1199.281730410466,9248,16616,12066.442932508247,0.391304347826087,107980,1186.5934065934066,-297.60869565217394,1977.9148969821158,-7503,4990,1989.521282817203,0.391304347826087,167260,1838.021978021978,218.08695652173913,2051.6449077558,-7125,5048,2052.085784078578,0.40217391304347827,171066,1879.8461538461538,32.48913043478261,1569.6147878693475,-3821,4397,1561.3990138445658,0.40217391304347827,116710,1282.5274725274726,1397.1868131868132,1622.1978021978023,1186.5934065934066,1838.021978021978,1879.8461538461538,1282.5274725274726,4.678542777990297,-0.233455775553229,0.055597320239978855,0.7008398645272906,0.3072780795648523,1.2482954387713516,0.16346500530795835,0.12940010759165776
12-31-2025,bad,3948,-64.5,1738.392142327596,-4072,6336,1728.6967345373218,0.4375,149448,1891.746835443038,12046.0,1894.4141207137086,6840,18372,12192.213121496852,0.5,146860,1858.987341772152,12368.6,1307.7589837174396,9728,16752,12436.684509948782,0.5125,118228,1496.5569620253164,-220.2375,2631.4902609572123,-11400,5939,2624.2496618081136,0.375,165966,2100.8354430379745,363.9,2400.9523511317466,-7859,6415,2413.4908845902028,0.4375,177937,2252.3670886075947,95.125,1580.922582552769,-4302,3650,1573.8880281011097,0.35,112848,1428.4556962025317,1891.746835443038,1858.987341772152,1496.5569620253164,2100.8354430379745,2252.3670886075947,1428.4556962025317,3.9865509783256345,-0.30396671858837904,0.023797561753015156,0.7910514766119197,0.25000509607030197,1.518050915386516,0.1979534691808227,0.12655205868698516
12-31-2025,bad,4099,148.72289156626505,1305.2125358491921,-3176,3752,1305.8228075888692,0.39759036144578314,113252,1381.121951219512,13001.060240963856,1805.3873940703788,8456,17296,13124.317920085214,0.40963855421686746,149312,1820.878048780488,11502.313253012047,1228.1622392997303,8816,16380,11566.910537109465,0.5542168674698795,110196,1343.8536585365853,-82.37349397590361,2345.4047064099277,-6211,5516,2332.687815757422,0.39759036144578314,176896,2157.268292682927,323.95180722891564,2009.2539624084384,-4234,5102,2023.2168647793817,0.4457831325301205,168527,2055.2073170731705,113.08433734939759,1717.3465579543179,-5930,3631,1710.7114844802236,0.3855421686746988,124696,1520.6829268292684,1381.121951219512,1820.878048780488,1343.8536585365853,2157.268292682927,2055.2073170731705,1520.6829268292684,4.285263902207882,-0.34213835687120464,0.07274371812069877,0.6329122378275426,0.3519221059454703,1.7863739248652188,0.154157867627462,0.14789701008267916
12-31-2025,good,5700,-710.6086956521739,924.4171676920125,-3180,2620,1162.7901676196973,0.3565217391304348,85816,752.7719298245614,13102.365217391305,995.5796894662944,10496,15804,13139.807238345225,0.3391304347826087,97124,851.9649122807018,10969.11304347826,659.4674188940354,8948,13080,10988.746813069229,0.4,73724,646.7017543859649,-60.982608695652175,1699.4050506017331,-4579,4061,1693.0988029414407,0.26956521739130435,131738,1155.5964912280701,294.1478260869565,1249.014982025508,-2248,3163,1277.887247526676,0.4,117603,1031.6052631578948,114.37391304347825,940.2287465317837,-2963,2338,943.0929273222323,0.34782608695652173,87439,767.0087719298245,752.7719298245614,851.9649122807018,646.7017543859649,1155.5964912280701,1031.6052631578948,767.0087719298245,6.4616335940289265,-0.13647076201322522,-0.19423202775727827,0.6712136548028991,0.3530794754499509,1.456065633020661,0.09725311979465194,0.08582351957684216
12-31-2025,good,5643,-1099.8947368421052,815.8956137511868,-4336,1228,1367.3385596998664,0.41228070175438597,94588,837.0619469026549,13132.982456140351,1067.7483461298082,10404,15356,13175.93692930079,0.3508771929824561,99780,883.0088495575221,10788.771929824561,700.430184314538,8580,12456,10811.285708308085,0.40350877192982454,76004,672.6017699115044,-25.482456140350877,1546.6936201319077,-4676,3454,1540.1057636272565,0.2631578947368421,135093,1195.513274336283,381.4824561403509,1237.0470851345683,-2978,3548,1289.3373485033364,0.3508771929824561,118459,1048.3097345132744,152.1140350877193,953.3847179964853,-2198,2676,961.3053214523633,0.32456140350877194,85593,757.4601769911504,837.0619469026549,883.0088495575221,672.6017699115044,1195.513274336283,1048.3097345132744,757.4601769911504,6.688537009208884,-0.19900813867785436,-0.18831021330366746,0.6578312954798877,0.4043737327372192,1.126352907679982,0.09785545842574875,0.08891683628568967
12-31-2025,good,5448,376.1090909090909,1072.761807787205,-3116,3172,1132.172232319961,0.39090909090909093,107048,982.0917431192661,12421.345454545455,1153.565994392829,9700,14976,12474.31120342923,0.34545454545454546,110508,1013.8348623853211,11840.618181818181,868.806066575139,9240,16680,11872.160749953113,0.4909090909090909,90356,828.954128440367,52.27272727272727,1733.3123558962432,-6092,5069,1726.2073140005782,0.3,147125,1349.7706422018348,363.05454545454546,1596.3909918413972,-6463,4814,1630.0628654915567,0.4,152858,1402.366972477064,246.9,1181.8103897189712,-3501,3141,1202.0558866148672,0.3181818181818182,104103,955.0733944954128,982.0917431192661,1013.8348623853211,828.954128440367,1349.7706422018348,1402.366972477064,955.0733944954128,5.589473813546787,-0.31500486861740845,-0.1098263326054572,0.7148151182580655,0.3839030999587397,1.5246861415587623,0.13067357698377555,0.10124996719896709
12-31-2025,good,5129,1309.8252427184466,924.6628259584675,-1548,4336,1600.7318714487585,0.33980582524271846,87492,857.7647058823529,12302.912621359223,1133.8243726329024,9156,15756,12354.543113121608,0.33980582524271846,104988,1029.2941176470588,11896.776699029126,889.9584582950811,9492,16336,11929.695398906026,0.4368932038834951,85232,835.6078431372549,-66.0,1921.0066295013755,-6509,4880,1912.7975953499886,0.30097087378640774,167327,1640.4607843137255,343.0485436893204,1634.7149681311944,-6097,4754,1662.5374395375516,0.3300970873786408,143207,1403.9901960784314,138.11650485436894,929.796090875452,-2304,2697,935.5231338564442,0.3106796116504854,74639,731.7549019607843,857.7647058823529,1029.2941176470588,835.6078431372549,1640.4607843137255,1403.9901960784314,731.7549019607843,5.738369376607002,-0.3203051531103222,-0.1825905191738946,0.8013260806084165,0.2352406221863609,1.194951901859641,0.13456891316662467,0.07841969995845943
12-31-2025,good,6500,2644.3969465648856,925.6290474747788,244,5008,2800.5506546866186,0.35877862595419846,108596,835.3538461538461,11969.862595419847,810.7243177778059,9208,13936,11997.07744054792,0.3435114503816794,88288,679.1384615384616,11967.114503816794,672.7865891055861,10376,14928,11985.867347049554,0.3893129770992366,78244,601.876923076923,11.419847328244275,1543.9616573268138,-4555,4763,1538.0997793698918,0.24427480916030533,131577,1012.1307692307693,244.53435114503816,1232.9301015667447,-3670,4147,1252.3217399925688,0.35877862595419846,132167,1016.6692307692308,129.54198473282443,977.3461811656642,-2780,2199,982.1889014685204,0.24427480916030533,96143,739.5615384615385,835.3538461538461,679.1384615384616,601.876923076923,1012.1307692307693,1016.6692307692308,739.5615384615385,7.099459643989723,-0.34916122809827516,-0.1795035783670094,0.6893701897673454,0.03294187098109836,0.5492133399718105,0.1043855677429876,0.08194558415735768
12-31-2025,bad,17850,5912.558659217877,1433.3261939775518,1156,11556,6083.34079783221,0.4692737430167598,502024,1406.2296918767506,12425.64245810056,1728.3893201804474,6760,20704,12544.94223352416,0.44972067039106145,624172,1748.3809523809523,9637.027932960895,1193.069667584656,4552,17124,9710.393740326845,0.44692737430167595,424232,1188.3249299719887,101.75698324022346,2249.768132377402,-8723,8399,2248.927074414268,0.3715083798882682,716135,2005.9803921568628,298.4217877094972,1522.4011803101312,-3879,4127,1549.2859258020349,0.3547486033519553,481877,1349.7955182072828,95.91061452513966,1832.352535053271,-6789,9116,1832.303501853617,0.4022346368715084,566826,1587.7478991596638,1406.2296918767506,1748.3809523809523,1188.3249299719887,2005.9803921568628,1349.7955182072828,1587.7478991596638,5.033051009837577,-0.058792328001438125,0.15278988333856125,0.15635787497393341,-0.19083541750566374,0.3696861886886205,0.1234988489256125,0.1886950777346386
12-31-2025,bad,14973,6039.1466666666665,1605.9121930317306,1548,11220,6248.33177096095,0.47333333333333333,510544,1707.505016722408,12930.92,1822.6627018409836,7572,20160,13058.319865383397,0.47,577648,1931.933110367893,8936.666666666666,1673.0581482563734,4332,15600,9091.413766112873,0.4533333333333333,492456,1647.0100334448161,62.95333333333333,2765.401345161607,-9368,6783,2761.5061542571293,0.4166666666666667,803820,2688.361204013378,399.8,1642.31452020543,-4308,5307,1687.6155861648904,0.41,473081,1582.2107023411372,-34.14666666666667,2051.9069322667888,-5838,7092,2048.768812400918,0.45666666666666667,643630,2152.608695652174,1707.505016722408,1931.933110367893,1647.0100334448161,2688.361204013378,1582.2107023411372,2152.608695652174,4.370351449786984,-0.10587643894472985,-0.06084935800839009,0.09752585615356583,-0.10358934179710007,0.4419589508113571,0.12923680867317341,0.22535205908371472
12-31-2025,bad,14109,6716.904593639576,1857.2980531517378,212,15672,6968.082529238271,0.4664310954063604,526716,1867.787234042553,12465.625441696113,2465.3027810942394,828,22772,12706.221288034249,0.508833922261484,725504,2572.709219858156,9241.667844522968,1654.263844737263,4536,16868,9388.042580387357,0.44876325088339225,479244,1699.4468085106382,115.33568904593639,2422.4790575103816,-12235,7652,2420.9441737841676,0.43462897526501765,657525,2331.648936170213,299.65724381625444,1898.017132320956,-7048,5559,1918.211126491308,0.37809187279151946,451844,1602.2836879432625,80.81625441696113,2111.344746808702,-5210,15539,2109.160033268314,0.4098939929328622,545361,1933.904255319149,1867.787234042553,2572.709219858156,1699.4468085106382,2331.648936170213,1602.2836879432625,1933.904255319149,4.506967306944831,0.030048492425404593,0.2513842971444785,0.11960036702918986,-0.09852536192571087,0.3474333381211236,0.15096629303526823,0.2246645149916463
12-31-2025,bad,16300,7152.28134556575,1493.8368170383565,872,12560,7306.151693944189,0.40672782874617736,486000,1490.79754601227,11989.19877675841,1728.1011761730051,4640,17228,12112.724237958684,0.4709480122324159,604944,1855.6564417177915,9337.908256880733,1416.2685887513576,1900,17700,9444.374692552881,0.45871559633027525,455256,1396.4907975460123,141.55963302752295,2208.4909698172373,-8237,5405,2209.6506054499064,0.44036697247706424,715082,2193.5030674846626,349.9510703363914,1796.9339609944577,-6983,6670,1827.994223386372,0.382262996941896,472204,1448.478527607362,73.77675840978593,1937.7348048524852,-6275,10087,1936.1757579696207,0.41590214067278286,571463,1752.9539877300613,1490.79754601227,1855.6564417177915,1396.4907975460123,2193.5030674846626,1448.478527607362,1752.9539877300613,4.831623280312947,-0.21094889008301254,-0.08489578072025263,0.07199795961779898,-0.1287104607549418,0.30243700072350954,0.15091520184261392,0.2050083590278702
12-31-2025,bad,17751,6788.449438202248,1450.013221979433,2504,13556,6941.158268787678,0.45786516853932585,530940,1495.605633802817,11840.280898876405,1786.2688944072997,-108,18736,11973.890158511138,0.44662921348314605,618212,1741.4422535211268,9871.101123595505,1514.266190861919,4788,18760,9986.250471118283,0.4606741573033708,535116,1507.369014084507,55.62359550561798,2167.188785631848,-8101,6689,2164.8575516881297,0.3792134831460674,679740,1914.7605633802816,275.67977528089887,1395.238990578046,-6278,3957,1420.2897393913063,0.38764044943820225,401420,1130.7605633802816,146.08426966292134,1809.976768563004,-5201,14759,1813.326838912142,0.4101123595505618,551861,1554.538028169014,1495.605633802817,1741.4422535211268,1507.369014084507,1914.7605633802816,1130.7605633802816,1554.538028169014,5.353605147888072,-0.1142639625413704,0.20045801058114995,0.1919524223387602,-0.3228015819432002,0.3118870752610501,0.1186155644047843,0.18158235105107465
12-31-2025,good,22396,6069.799554565701,879.8835377986605,2464,9016,6133.101777043356,0.40089086859688194,389880,870.2678571428571,13070.734966592428,992.1399147318248,9560,18844,13108.251671360782,0.4142538975501114,422628,943.3660714285714,8711.55456570156,815.5822729820367,1864,11892,8749.564328447399,0.46325167037861914,355828,794.2589285714286,66.22939866369711,1481.6539332996626,-5916,5678,1481.4841900422737,0.32293986636971045,525537,1173.0736607142858,306.6971046770601,1113.86433677006,-4060,2990,1154.120287045959,0.36971046770601335,406898,908.2544642857143,44.23162583518931,1178.9790206153566,-3276,7125,1178.4957438458598,0.3986636971046771,442786,988.3616071428571,870.2678571428571,943.3660714285714,794.2589285714286,1173.0736607142858,908.2544642857143,988.3616071428571,7.338799755675435,-0.21741680941186656,0.0587817209965951,0.22135666592195538,-0.13061356748655598,0.24155545491614383,0.08804532563861761,0.13469193430346385
12-31-2025,good,20601,6473.220338983051,1129.7438073585238,1804,11532,6570.8304088221,0.43099273607748184,465860,1130.7281553398059,12861.85956416465,1361.6554564836342,9504,20068,12933.562837466798,0.4261501210653753,517356,1255.7184466019417,8733.307506053268,1081.797512981985,4328,15360,8799.89273982618,0.4600484261501211,418320,1015.3398058252427,75.75060532687651,2048.9945564851314,-12570,4981,2047.913885121069,0.34382566585956414,669593,1625.2257281553398,346.0484261501211,1361.8636030738803,-4519,4233,1403.5423948842044,0.3220338983050847,462927,1123.6092233009708,108.57869249394673,2053.254673465519,-5825,16838,2053.6397458685733,0.4092009685230024,650471,1578.8131067961165,1130.7281553398059,1255.7184466019417,1015.3398058252427,1625.2257281553398,1123.6092233009708,1578.8131067961165,5.14146998489109,-0.09469682823807204,0.14186717827548415,0.16405206158760807,-0.16640103301513381,0.3116674388764988,0.10851939348914831,0.2333709973919258
12-31-2025,good,18800,6693.0185676392575,1233.1461502376008,1896,13108,6805.373863481026,0.4854111405835544,466704,1241.2340425531916,12828.689655172413,1425.560013783362,7548,20092,12907.443941929725,0.40583554376657827,510876,1358.712765957447,8624.159151193633,1119.285570071146,3312,15176,8696.297958043198,0.4880636604774536,410468,1091.6702127659576,52.827586206896555,1995.9346206947866,-8269,5801,1993.9856505340776,0.3687002652519894,649982,1728.6755319148936,314.7586206896552,1343.4172101858842,-5392,3230,1378.0622635142493,0.3978779840848806,437901,1164.6303191489362,84.315649867374,2093.7956075932457,-7776,11884,2092.7160774701038,0.4244031830238727,633875,1685.837765957447,1241.2340425531916,1358.712765957447,1091.6702127659576,1728.6755319148936,1164.6303191489362,1685.837765957447,5.198598842026413,-0.08478661180677448,0.13344268456820033,0.2009226405746757,-0.13211335371631727,0.2930016322749283,0.10676492337346982,0.24064447737717035
12-31-2025,good,22447,6515.937777777778,1068.161276598042,1532,12304,6602.717482303109,0.37555555555555553,441480,983.2516703786191,12667.697777777777,1116.7906520803776,9024,17908,12716.721933999606,0.39111111111111113,476868,1062.0668151447662,8866.07111111111,998.8044944304821,404,13952,8922.029503052168,0.46444444444444444,405600,903.3407572383073,55.602222222222224,1814.2059941761374,-8993,4823,1813.0418914079178,0.3377777777777778,655152,1459.1358574610244,181.07777777777778,1366.653095021972,-7373,5762,1377.0908862122678,0.32222222222222224,455911,1015.3919821826281,102.67333333333333,1474.5462697095932,-4457,8136,1476.4812110781047,0.45111111111111113,570410,1270.400890868597,983.2516703786191,1062.0668151447662,903.3407572383073,1459.1358574610244,1015.3919821826281,1270.400890868597,6.051811652238409,-0.09592427963181786,0.013866432778932855,0.23014702331808418,-0.13498457744785136,0.27459025711651625,0.10828976942730567,0.16548714733654746
12-31-2025,good,19998,6873.536159600997,1420.7970841447468,-752,11940,7018.48485187224,0.42144638403990026,566028,1415.07,12534.374064837904,1638.5642586501408,8228,20068,12640.756723142244,0.40399002493765584,630464,1576.16,9149.665835411472,1134.1145877092238,5220,16212,9219.511553049217,0.47880299251870323,430580,1076.45,20.630922693266832,1999.6129058998888,-7342,5740,1997.2246260705238,0.34663341645885287,658297,1645.7425,241.40897755610973,1381.682169429425,-3824,4493,1400.9151292998613,0.39650872817955113,480142,1200.355,95.85286783042395,1601.6773226208845,-5800,6663,1602.548154045585,0.4613466334164589,581501,1453.7525,1415.07,1576.16,1076.45,1645.7425,1200.355,1453.7525,5.774956095122818,0.015226975449680106,0.16856060200040077,0.14542491280602057,-0.1591467059188704,0.28456635127639845,0.11082525831893361,0.17382137271054718
12-31-2025,bad,12499,4692.223107569721,1730.4531331486282,-2220,11884,4999.9495583113,0.4581673306772908,436200,1744.8,12176.318725099602,1893.1996265602759,5892,22384,12322.039718354958,0.450199203187251,465696,1862.784,10806.517928286852,1580.9408953775885,6864,17580,10921.091803627829,0.44223107569721115,406804,1627.216,29.44223107569721,2529.3248315804362,-11473,6049,2524.453002957953,0.36254980079681276,505086,2020.344,407.49800796812747,1640.2703810640537,-5390,5230,1686.9565726738936,0.41434262948207173,397573,1590.292,86.41434262948208,1904.0153034136742,-7343,7208,1902.1825334174023,0.3784860557768924,424924,1699.696,1744.8,1862.784,1627.216,2020.344,1590.292,1699.696,4.6197195645207305,0.05159913499775166,-0.0403623908863948,0.33340941546647374,-0.07899010550258027,0.5048956940488963,0.1369056269169536,0.17417512529391516
12-31-2025,bad,12157,5123.206611570248,1572.8880217354194,-688,13112,5358.264613605928,0.45867768595041325,356336,1478.5726141078837,12020.826446280991,1770.860787374419,4376,18848,12150.03118997459,0.47107438016528924,422752,1754.1576763485477,10633.173553719009,1427.0190889149198,7436,15952,10728.110201515818,0.45041322314049587,346440,1437.5103734439833,99.38429752066116,2224.336148120467,-9586,6443,2221.9594091032536,0.38016528925619836,465187,1930.2365145228216,470.8305785123967,1539.8191520337018,-6578,6743,1607.1486416005046,0.384297520661157,330001,1369.298755186722,42.96280991735537,1526.6044667107728,-5788,5729,1524.052737910957,0.47520661157024796,349537,1450.3609958506224,1478.5726141078837,1754.1576763485477,1437.5103734439833,1930.2365145228216,1369.298755186722,1450.3609958506224,5.274716586110354,0.12142955524660788,0.11138934922120604,0.230785159144496,-0.112246666025626,0.41467892478592466,0.13227526879061371,0.14206162214418303
12-31-2025,bad,11143,5152.571428571428,1675.0486812511388,852,12136,5416.849136853321,0.45089285714285715,391996,1757.8295964125562,12060.69642857143,1722.1400017008025,6220,17616,12182.48433202358,0.5,430860,1932.1076233183855,10814.767857142857,1636.6141083315904,7108,16936,10937.355801498434,0.45535714285714285,394020,1766.9058295964126,96.13839285714286,2226.2799036646497,-10819,5326,2223.384438554687,0.4017857142857143,464105,2081.188340807175,460.77232142857144,1791.3121119612742,-6502,8492,1845.7478751850156,0.40625,350682,1572.5650224215246,169.73660714285714,1906.659033551467,-5746,10165,1909.9554840081632,0.46875,410180,1839.372197309417,1757.8295964125562,1932.1076233183855,1766.9058295964126,2081.188340807175,1572.5650224215246,1839.372197309417,4.7727496619720915,-0.14846894478658193,0.0035973231996721637,0.4297392746783436,-0.21870999453664178,0.4104571462065504,0.15150833152985618,0.1746268036349215
12-31-2025,bad,11850,5548.924369747899,1743.8501907924363,544,15252,5815.393175144102,0.42016806722689076,423360,1786.3291139240507,11787.126050420167,1875.8442017599216,4108,17888,11934.837542240106,0.49159663865546216,475408,2005.9409282700421,10886.319327731093,1473.3540823678218,4752,16596,10985.153611376867,0.4789915966386555,367076,1548.84388185654,-27.42016806722689,2268.4098409855615,-13196,6214,2263.805326131611,0.4117647058823529,458285,1933.691983122363,301.2647058823529,1867.137087714421,-7565,4208,1887.4091830786847,0.40756302521008403,367012,1548.5738396624472,185.3403361344538,2204.178679602694,-9227,18139,2207.338041871348,0.47478991596638653,424001,1789.0337552742617,1786.3291139240507,2005.9409282700421,1548.84388185654,1933.691983122363,1548.5738396624472,1789.0337552742617,4.519170690718561,-0.007586082332044158,0.07361559015473461,0.34000219794118586,-0.15844327965167598,0.3892781205952144,0.15814284662364034,0.20093829542668948
12-31-2025,bad,14401,4258.186851211072,1832.15228047624,-3844,11616,4634.363179135248,0.43252595155709345,463016,1607.6944444444443,12028.622837370242,1978.1020644530224,3500,22924,12189.6314848737,0.4359861591695502,550192,1910.388888888889,11415.044982698962,1772.9617174213754,4948,20292,11551.440101356407,0.41522491349480967,475120,1649.7222222222222,-85.47404844290658,2244.8277866818426,-12393,5426,2242.5701209560525,0.3356401384083045,508965,1767.2395833333333,251.83044982698962,1833.9902049485886,-7961,5523,1848.0530754148197,0.3944636678200692,443150,1538.7152777777778,206.7681660899654,2032.970728825396,-5581,12243,2039.9564026143976,0.4083044982698962,510200,1771.5277777777778,1607.6944444444443,1910.388888888889,1649.7222222222222,1767.2395833333333,1538.7152777777778,1771.5277777777778,4.628507680649563,-0.09292038418562677,0.15262671675450282,0.4342098325461732,-0.24361606305406583,0.48390038367485166,0.15160860913281,0.17659758303194262
12-31-2025,bad,12100,4580.82304526749,1156.4637381468299,932,9016,4723.964903714107,0.4691358024691358,296196,1223.9504132231405,11769.333333333334,1520.6480132382014,5872,16148,11866.762893215066,0.4897119341563786,381308,1575.6528925619834,11489.909465020575,1349.8932342358275,6032,17276,11568.609788753549,0.49382716049382713,339212,1401.702479338843,17.954732510288064,1969.8444022350513,-9759,5421,1965.8690399679544,0.39094650205761317,396642,1639.01652892562,382.238683127572,1383.9882991616803,-4790,4327,1433.055344848613,0.39094650205761317,265684,1097.8677685950413,121.94238683127573,1476.717586872233,-6250,5370,1478.7125225275654,0.41975308641975306,335235,1385.2685950413222,1223.9504132231405,1575.6528925619834,1401.702479338843,1639.01652892562,1097.8677685950413,1385.2685950413222,5.773151654136202,-0.023223646118872666,-0.09433142102177183,0.2986622126735363,0.036035215902197236,0.41614810431935845,0.12076211159045015,0.12782110810214017
12-31-2025,good,15201,4186.727868852459,1151.5929505373638,-204,9468,4341.717227692967,0.4163934426229508,336244,1106.0657894736842,13256.904918032787,1288.0054631741757,8824,18888,13319.123352237983,0.39672131147540984,371308,1221.407894736842,9633.416393442623,1087.3218609664916,5296,16424,9694.385176355487,0.4131147540983607,319880,1052.2368421052631,80.58032786885246,1895.1011032968656,-8708,5410,1893.7070185567638,0.36721311475409835,474013,1559.2532894736842,276.4754098360656,1309.5710829383545,-4698,3443,1336.3353621003973,0.3737704918032787,349243,1148.8256578947369,41.35409836065574,1379.2027824041581,-4655,7020,1377.5607986939672,0.4131147540983607,392562,1291.3223684210527,1106.0657894736842,1221.407894736842,1052.2368421052631,1559.2532894736842,1148.8256578947369,1291.3223684210527,5.936975187650988,-0.3129044301731685,-0.07633771854814077,0.28396730409068505,-0.1970483520371818,0.43616544302836746,0.10033208092299287,0.1420988307656401
12-31-2025,good,16045,4421.490683229814,1180.6064290911556,-832,10924,4575.92424903639,0.38509316770186336,355240,1106.6666666666667,13129.627329192546,1146.1252008173485,7488,17640,13179.402007188366,0.4161490683229814,344012,1071.6884735202493,9741.217391304348,994.4117044524627,7208,15592,9791.685244403327,0.43478260869565216,304944,949.981308411215,95.67701863354037,1748.194659714775,-9639,5442,1748.0982248508544,0.30124223602484473,422055,1314.8130841121495,332.38198757763973,1220.5028712032397,-3735,4068,1263.1226673093977,0.2795031055900621,306422,954.5856697819314,34.08074534161491,1324.7010782553575,-6958,6768,1323.0814986892958,0.37888198757763975,353153,1100.165109034268,1106.6666666666667,1071.6884735202493,949.981308411215,1314.8130841121495,954.5856697819314,1100.165109034268,6.355581362396159,-0.07935019610724367,0.06727352527925938,0.047708003539755135,-0.04225484823625409,0.3820207960909651,0.0958406661034104,0.13512296050472128
12-31-2025,good,14201,5698.00701754386,1233.286031936752,1020,12932,5829.488964391725,0.44912280701754387,350264,1233.3239436619717,12636.056140350876,1269.6833351214195,9192,18840,12699.46274758082,0.4807017543859649,354820,1249.3661971830986,9818.20350877193,1132.3881908499302,6156,16820,9883.06247301989,0.4842105263157895,317392,1117.5774647887324,92.88070175438597,1692.2800270472874,-6810,5836,1691.859938834057,0.32280701754385965,374620,1319.0845070422536,307.4035087719298,1192.9197737515142,-3883,4673,1229.8623172120715,0.3929824561403509,311522,1096.9084507042253,169.68070175438598,1380.6275771708226,-3791,5830,1388.60932704555,0.45263157894736844,356909,1256.7218309859154,1233.3239436619717,1249.3661971830986,1117.5774647887324,1319.0845070422536,1096.9084507042253,1256.7218309859154,6.591607543571322,-0.09308336578009772,0.09080379193812482,0.2291822184398816,-0.04457099668589247,0.29022440026531016,0.09684364933859191,0.14050395114832653
12-31-2025,good,15891,6699.972789115646,1079.8314616666637,2148,11016,6786.1406743229745,0.4489795918367347,306300,1045.3924914675767,12382.013605442176,1154.0561262245333,8500,17516,12435.496627837281,0.42857142857142855,320648,1094.3617747440273,9476.69387755102,952.4368216019764,5204,13480,9524.273056338772,0.4897959183673469,291640,995.358361774744,131.8639455782313,1602.2303743695215,-8013,3840,1604.9294366415738,0.30952380952380953,353130,1205.221843003413,439.2040816326531,1066.7837787309518,-4951,3159,1151.979606419073,0.41836734693877553,293985,1003.3617747440273,106.80272108843538,1402.1146761387831,-3202,7097,1403.796838800348,0.391156462585034,339066,1157.221843003413,1045.3924914675767,1094.3617747440273,995.358361774744,1205.221843003413,1003.3617747440273,1157.221843003413,6.908902279517219,-0.09764112708596985,0.047546006662322705,0.35824735301096894,-0.3051314646314615,0.23650105611245525,0.09263639730701957,0.1473914943795816
12-31-2025,good,15697,5976.817891373802,1016.9981699234227,1636,10412,6062.45271803966,0.476038338658147,324532,1040.1666666666667,12519.309904153355,1110.7125613930045,8376,17280,12568.327708687868,0.41214057507987223,338060,1083.525641025641,9739.233226837061,1053.1388127366872,5580,16252,9795.826751775407,0.45686900958466453,295792,948.0512820512821,110.04153354632588,1567.1602855001536,-6059,4730,1568.5196466060404,0.29073482428115016,381287,1222.073717948718,411.4121405750799,995.647592109099,-2466,3748,1075.8284897218164,0.41214057507987223,305115,977.9326923076923,116.6741214057508,1198.3052679754182,-3670,4927,1202.0651864437568,0.40894568690095845,356367,1142.201923076923,1040.1666666666667,1083.525641025641,948.0512820512821,1222.073717948718,977.9326923076923,1142.201923076923,7.390419277829749,-0.1060865284446206,-0.0026095490382790337,0.2097534610670152,-0.16298455152573946,0.25872690795261266,0.08559837987774226,0.12271196875783671
12-31-2025,bad,16912,1603.244299674267,1402.69766316205,-3544,5420,2128.7423578391613,0.40716612377850164,411152,1343.6339869281046,13971.765472312703,1292.306909147898,10364,19212,14031.209770906398,0.4820846905537459,416844,1362.235294117647,9433.889250814333,1101.0696763325104,4052,12852,9497.719294205897,0.41368078175895767,326608,1067.3464052287582,98.74267100977198,2046.0456350616753,-6265,5511,2045.0957656192402,0.4006514657980456,589161,1925.362745098039,257.95765472312706,2167.6887894122397,-5963,6103,2179.474950218956,0.40716612377850164,612510,2001.6666666666667,112.35504885993485,1748.5904428787892,-4735,6797,1749.3520764261314,0.3778501628664495,505177,1650.9052287581699,1343.6339869281046,1362.235294117647,1067.3464052287582,1925.362745098039,2001.6666666666667,1650.9052287581699,4.294945266430426,-0.16303159176656626,-0.32456222517410727,0.767645227821497,-0.26191417997062066,0.960706098193332,0.15533050860537695,0.18418654226906248
12-31-2025,bad,22848,2515.511982570806,1354.2497130649333,-2516,8760,2856.1857772035387,0.4357298474945534,623900,1362.2270742358078,14477.925925925925,1387.2094774182601,9224,23232,14544.088034898734,0.45751633986928103,626456,1367.8078602620087,8442.614379084967,1158.467349509742,1408,12756,8521.552693318918,0.42701525054466233,496144,1083.2838427947597,2.161220043572985,1873.5024412933474,-11864,5992,1871.4617240941518,0.37254901960784315,714322,1559.6550218340612,274.37254901960785,2325.2703600586037,-9257,9269,2338.8849572258264,0.3790849673202614,864825,1888.264192139738,57.87363834422658,2018.396071180053,-6129,7964,2017.026625899137,0.39215686274509803,851562,1859.3056768558952,1362.2270742358078,1367.8078602620087,1083.2838427947597,1559.6550218340612,1888.264192139738,1859.3056768558952,4.162561841476344,-0.16741510430174047,-0.05986123457398614,0.6578136503422379,-0.23912219978043048,0.6552310911901709,0.16081344883589999,0.2366970783674004
12-31-2025,bad,24450,2548.081632653061,1476.3445466138137,-2288,8992,2944.1238217084247,0.37755102040816324,653988,1337.398773006135,14496.212244897959,1481.2000067419847,8620,25036,14571.535452829301,0.45918367346938777,696740,1424.8261758691206,8416.14693877551,1002.8408455961128,4312,14384,8475.56290924511,0.44081632653061226,470424,962.0122699386503,13.075510204081633,1689.8314107450294,-9282,5981,1688.156850846871,0.36122448979591837,703591,1438.8364008179958,273.8142857142857,1890.4698813767538,-8199,6867,1908.286406754521,0.4061224489795918,794230,1624.1922290388547,86.76530612244898,1750.4560901485788,-8085,9050,1750.820231683844,0.3836734693877551,766525,1567.5357873210635,1337.398773006135,1424.8261758691206,962.0122699386503,1438.8364008179958,1624.1922290388547,1567.5357873210635,4.860658583778972,-0.24585673439421335,0.02907547692208768,0.6645437957760578,-0.4178234372417126,0.5733987265840823,0.13095987123670183,0.20657273743641066
12-31-2025,bad,19398,2230.7043701799485,1805.4250113632827,-5504,9112,2868.313464134404,0.5115681233933161,773776,1994.2680412371135,14676.439588688945,2323.566516205813,7424,32767,14858.767152009448,0.5141388174807198,884842,2280.520618556701,8232.359897172237,1781.9953816559932,-216,20204,8422.534877241813,0.506426735218509,690420,1779.4329896907216,-55.74293059125964,2099.3863489106575,-11757,5722,2097.427038051285,0.37789203084832906,729403,1879.9046391752577,214.54241645244215,2096.841505786007,-11321,6431,2105.1057133235263,0.4138817480719794,721181,1858.7139175257732,122.1388174807198,1952.752185823061,-5873,11919,1954.061491771607,0.43958868894601544,707871,1824.409793814433,1994.2680412371135,2280.520618556701,1779.4329896907216,1879.9046391752577,1858.7139175257732,1824.409793814433,4.247415771836558,-0.05845564864309826,0.2302110282801075,0.6432553988008176,-0.27292724812475533,0.7312405228878996,0.141674318713391,0.23200396555431224
12-31-2025,bad,20399,3753.0171149144253,1529.4522350868772,-2048,9668,4051.9923778098164,0.48655256723716384,649320,1591.4705882352941,14710.787286063569,2244.837916380234,8136,30572,14880.666612299527,0.511002444987775,920364,2255.794117647059,7528.449877750611,1293.7790341750087,2904,15024,7638.542346128228,0.42053789731051344,538848,1320.7058823529412,-20.063569682151588,1907.8473974685246,-9446,6602,1905.6192622389544,0.38386308068459657,721685,1768.8357843137255,242.6356968215159,1772.328816313265,-7456,5449,1786.7124677862375,0.44254278728606355,668517,1638.5220588235295,58.68215158924205,1632.388006757929,-7967,11384,1631.4469233075536,0.4156479217603912,591752,1450.3725490196077,1591.4705882352941,2255.794117647059,1320.7058823529412,1768.8357843137255,1638.5220588235295,1450.3725490196077,4.991041713316285,-0.1067609160440242,0.2542598275756589,0.6046905788894275,-0.1988830952997826,0.4702919166888187,0.12006938359800169,0.21358092279489807
12-31-2025,good,32703,-108.77557251908397,930.4366983063871,-3784,3744,936.0677733667994,0.4076335877862595,582896,891.2782874617737,13037.392366412214,927.3469788637339,8704,17792,13070.28152718984,0.4259541984732824,567332,867.480122324159,11056.134351145038,673.5270486670038,6828,13444,11076.599338141194,0.47480916030534354,466628,713.4984709480123,13.225954198473282,1682.8988181251607,-9182,9351,1681.6656823446128,0.2824427480916031,763795,1167.8822629969418,268.43969465648854,1350.6023457262513,-5698,3995,1376.0093167179707,0.3251908396946565,691796,1057.7920489296637,13.774045801526718,1125.800327323274,-10488,6738,1125.0249327177783,0.3450381679389313,561767,858.9709480122324,891.2782874617737,867.480122324159,713.4984709480123,1167.8822629969418,1057.7920489296637,858.9709480122324,5.996831960648075,-0.3326191450624743,-0.07010231601532887,0.6438705540199656,-0.06547819679291327,1.7965212865939875,0.10527771064075467,0.10156771932178647
12-31-2025,good,31142,102.03685092127303,1046.8877134372012,-4872,4720,1050.9755474510496,0.4271356783919598,583980,979.8322147651006,12938.96147403685,1001.988208173444,8568,16700,12977.635481348949,0.4103852596314908,561796,942.6107382550335,11125.353433835846,700.8803601452605,7180,14244,11147.371863837985,0.48911222780569513,445624,747.6912751677852,28.390284757118927,1646.3422025076695,-9783,5734,1645.207753169422,0.304857621440536,745578,1250.9697986577182,266.1038525963149,1475.3779595157066,-4142,5071,1497.9670400016562,0.3149078726968174,688226,1154.741610738255,21.629815745393635,1226.2010679502835,-4865,7978,1225.3645852701027,0.3685092127303183,564531,947.1996644295302,979.8322147651006,942.6107382550335,747.6912751677852,1250.9697986577182,1154.741610738255,947.1996644295302,5.7630207046132815,-0.3595613935907463,-0.08021534890304433,0.6023288809863959,-0.0849008309059651,1.5654101140546652,0.11542680806831573,0.10992407897822577
12-31-2025,good,30560,538.0261437908497,974.4163451615548,-3440,4872,1112.388374366092,0.4068627450980392,537604,879.8756137479542,12976.627450980392,1057.821062109093,8240,19676,13019.601260924394,0.39705882352941174,596984,977.0605564648118,11082.281045751633,804.0355819985147,6124,14876,11111.36220565955,0.4673202614379085,479320,784.4844517184943,23.666666666666668,1674.615012551203,-6482,5722,1673.4136679021026,0.315359477124183,793066,1297.9803600654664,281.66503267973854,1500.3297315341065,-4669,5153,1525.3348507336823,0.3300653594771242,699907,1145.5106382978724,7.197712418300654,1218.3648100109388,-3782,5115,1217.3902850808158,0.3464052287581699,589311,964.5024549918166,879.8756137479542,977.0605564648118,784.4844517184943,1297.9803600654664,1145.5106382978724,964.5024549918166,5.716159060487228,-0.34615856019737273,-0.10268457256050445,0.6524464678165719,-0.11641366317677965,1.5043430019226645,0.11715680227431377,0.10956264969484819
12-31-2025,good,29787,1385.1859296482412,914.0197598588509,-2128,6364,1659.1482143919309,0.4556113902847571,536892,900.8255033557047,13083.303182579564,1102.8253390251307,9476,17372,13129.623325519156,0.4036850921273032,618712,1038.1073825503356,10914.96147403685,756.5802034272095,8808,14300,10941.107748631724,0.4388609715242881,470160,788.8590604026846,-28.7571189279732,1781.379859640449,-7690,5548,1780.11958644456,0.2814070351758794,781034,1310.4597315436242,269.6398659966499,1474.0243637009105,-5014,4501,1497.2688597997233,0.3165829145728643,667603,1120.1392617449665,9.438860971524289,1391.8247890160262,-5325,5298,1390.6906500322427,0.36348408710217756,642358,1077.7818791946308,900.8255033557047,1038.1073825503356,788.8590604026846,1310.4597315436242,1120.1392617449665,1077.7818791946308,5.511877316636358,-0.40100762096595777,-0.08081192582555698,0.6314916528493739,-0.10845340512084589,1.072911732617,0.11403745732564513,0.1271069330323571
12-31-2025,good,34149,1324.859649122807,953.3527970669754,-3188,4348,1631.8106113593665,0.36988304093567254,574084,840.5329428989751,13076.350877192983,955.3875374371901,9512,21224,13111.154913198712,0.3757309941520468,592860,868.0234260614934,10887.035087719298,715.3855907292088,8248,17184,10910.479427290687,0.4269005847953216,468040,685.2708638360176,29.864035087719298,1534.9806911931078,-5981,4696,1534.1489159135858,0.3128654970760234,787812,1153.4582723279648,301.266081871345,1213.065685205216,-3792,4173,1249.054943331953,0.3508771929824561,668927,979.3953147877013,-9.06140350877193,1222.3136436156792,-3183,4955,1221.4534243417786,0.3157894736842105,640768,938.1669106881405,840.5329428989751,868.0234260614934,685.2708638360176,1153.4582723279648,979.3953147877013,938.1669106881405,6.405902709972439,-0.31225460790840637,-0.05677329389758642,0.6855544512266648,0.041870274847696835,0.9401513290169281,0.09526658418010835,0.11195231450366613
12-31-2025,bad,3350,-2401.9411764705883,1408.8080267338203,-8528,88,2779.3657761523687,0.45588235294117646,93376,1393.6716417910447,12512.823529411764,1824.234150828792,7392,16260,12643.165910296919,0.4117647058823529,116496,1738.7462686567164,11369.941176470587,958.9194148881028,9432,14652,11409.713684091339,0.5294117647058824,75948,1133.55223880597,-111.75,2252.4034683706996,-5861,3747,2238.571370184959,0.29411764705882354,136994,2044.686567164179,263.79411764705884,2021.1206774462285,-4762,5461,2023.4731644029341,0.45588235294117646,135532,2022.865671641791,28.33823529411765,1518.1422623277094,-4509,3300,1507.2045364534576,0.36764705882352944,96510,1440.44776119403,1393.6716417910447,1738.7462686567164,1133.55223880597,2044.686567164179,2022.865671641791,1440.44776119403,4.650907775948472,-0.14870846154976108,0.1747111369882382,0.6820125053330397,0.4836176878818254,0.8054252479421811,0.16004481619551642,0.13209836618624948
12-31-2025,bad,3213,-813.4153846153846,1534.1113764602019,-4100,4352,1725.9590511231274,0.35384615384615387,90136,1408.375,13319.076923076924,1705.2295694760235,9224,16428,13426.126860027,0.38461538461538464,108416,1694.0,10655.63076923077,892.0486878744128,8212,12748,10692.332562671685,0.49230769230769234,58676,916.8125,-198.06153846153848,2412.6868248705314,-10515,3635,2402.234658364198,0.3076923076923077,130111,2032.984375,137.2923076923077,1842.6754302768986,-6699,3451,1833.593244047159,0.46153846153846156,121768,1902.625,319.53846153846155,1317.6638190008277,-4166,3843,1345.9685788994539,0.3230769230769231,72007,1125.109375,1408.375,1694.0,916.8125,2032.984375,1902.625,1125.109375,4.630125543940015,-0.25027983678888044,-0.4087065676088561,0.736932399395643,-0.021360331736588477,1.3918259853321397,0.1365690390852528,0.12588166060907258
12-31-2025,bad,3171,-1174.5,1206.8527086258125,-4188,1232,1677.2554963391833,0.453125,83616,1327.2380952380952,13293.0,2148.191709100382,9016,23912,13462.78097199832,0.5,129512,2055.746031746032,10791.125,1249.2200932060937,8044,16972,10862.069139901476,0.53125,80748,1281.7142857142858,80.078125,2548.4019972977867,-7411,5737,2529.6819927364386,0.34375,147864,2347.0476190476193,437.03125,1926.7541170526574,-4560,5360,1960.9619530347854,0.421875,124582,1977.4920634920634,228.8125,1452.649717716199,-4023,3988,1459.306213582331,0.34375,81519,1293.952380952381,1327.2380952380952,2055.746031746032,1281.7142857142858,2347.0476190476193,1977.4920634920634,1293.952380952381,4.37013838897331,-0.17657916053801745,0.5115358911461858,0.6823157474131555,0.23072096614538926,1.5082269795803644,0.14565801500951375,0.1343488238430803
12-31-2025,bad,3113,-1582.4126984126983,1674.5144759477985,-5360,3404,2294.236422408284,0.4603174603174603,110800,1787.0967741935483,12840.190476190477,2003.9941315439705,7908,17252,12993.180443284316,0.42857142857142855,125976,2031.8709677419354,11217.142857142857,1341.4533146523233,8004,16292,11295.805744990988,0.5873015873015873,88072,1420.516129032258,-383.63492063492066,3204.309670013422,-11102,7335,3201.842973752996,0.3333333333333333,173327,2795.5967741935483,151.61904761904762,2778.193805384444,-11909,6459,2760.2238119513954,0.3968253968253968,153020,2468.064516129032,45.25396825396825,1410.4084053718896,-3831,2659,1399.9015554957302,0.36507936507936506,71782,1157.774193548387,1787.0967741935483,2031.8709677419354,1420.516129032258,2795.5967741935483,2468.064516129032,1157.774193548387,3.610885210997688,-0.1593879708018805,-0.17804189005663798,0.8363495693311804,0.5655827081140898,1.395602886034032,0.21243634872827571,0.12393109327261327
12-31-2025,bad,2801,-1586.6666666666667,1563.174121246041,-6096,1420,2217.691545159895,0.47368421052631576,95700,1708.9285714285713,12969.40350877193,1866.6744289133276,7948,16388,13100.716380572878,0.49122807017543857,105600,1885.7142857142858,10874.947368421053,1143.3908283986564,8004,13836,10933.841366031604,0.5964912280701754,71056,1268.857142857143,-16.75438596491228,2918.176346384243,-7496,5862,2892.5135642375553,0.3333333333333333,147468,2633.3571428571427,325.49122807017545,2405.741229128524,-7137,5542,2406.6571669638047,0.47368421052631576,126432,2257.714285714286,133.78947368421052,1464.831179166612,-3400,3411,1458.0759973455044,0.3157894736842105,73175,1306.6964285714287,1708.9285714285713,1885.7142857142858,1268.857142857143,2633.3571428571427,2257.714285714286,1306.6964285714287,3.8850511669158525,-0.33925294055384586,0.11692967770748112,0.8262356982028765,0.47878686573120804,1.3042902964779601,0.18370424157483062,0.13335441300090428
12-31-2025,bad,4449,-1085.3333333333333,914.1881890200837,-3484,1328,1415.7692216208434,0.4888888888888889,94072,1056.9887640449438,13022.666666666666,1268.389193452631,8596,16636,13083.607399252614,0.37777777777777777,97272,1092.943820224719,11084.133333333333,589.0224085319751,9596,12580,11099.599280054113,0.3333333333333333,45824,514.876404494382,52.94444444444444,2425.226862369282,-11538,3813,2412.296819308197,0.25555555555555554,150939,1695.943820224719,335.3888888888889,1890.9351808832903,-8099,4035,1910.0765109748295,0.3888888888888889,146118,1641.7752808988764,195.5888888888889,1090.0520438502567,-2465,2920,1101.4835904360991,0.32222222222222224,83950,943.2584269662922,1056.9887640449438,1092.943820224719,514.876404494382,1695.943820224719,1641.7752808988764,943.2584269662922,4.719699702700457,-0.27305539399337964,-0.2576208315025133,0.7676080418428265,0.19949970822369936,1.7038771437922642,0.14599005095016457,0.09923633840693866
12-31-2025,good,3900,313.26582278481015,1192.492506119127,-2816,3872,1225.6318236275556,0.3670886075949367,85736,1099.179487179487,13098.93670886076,1843.9453475254695,6644,20876,13226.459755765563,0.4050632911392405,120440,1544.1025641025642,10969.87341772152,1077.1946157411664,8208,16196,11021.968203937426,0.569620253164557,86520,1109.2307692307693,-56.91139240506329,2721.2803273924515,-8236,6455,2704.601025818921,0.2911392405063291,166840,2138.974358974359,234.60759493670886,2410.098095767811,-6808,5692,2406.260026775098,0.43037974683544306,163717,2098.9358974358975,258.9493670886076,1662.2134910146572,-4561,4336,1671.8356280115004,0.31645569620253167,112270,1439.3589743589744,1099.179487179487,1544.1025641025642,1109.2307692307693,2138.974358974359,2098.9358974358975,1439.3589743589744,3.7557421449223094,-0.507372902684625,0.17563170382072518,0.8215216002071843,0.29377939707919254,2.2066994112532883,0.18192774718452187,0.15168213126060198
12-31-2025,good,5337,588.6666666666666,747.2097379741276,-2096,3316,948.5152530060785,0.3888888888888889,70596,659.7757009345794,13093.481481481482,817.2459962247892,11012,14632,13118.725705957426,0.3611111111111111,72572,678.2429906542056,10901.111111111111,616.8727482544036,9720,15316,10918.389624848529,0.4722222222222222,55432,518.0560747663551,-40.638888888888886,1993.125237955321,-7343,5990,1984.2925388232527,0.17592592592592593,132663,1239.8411214953271,305.30555555555554,1326.6178023883544,-3454,3226,1355.2972989416448,0.2962962962962963,110124,1029.196261682243,82.21296296296296,907.4879371606398,-2558,2939,907.0104791342045,0.32407407407407407,77684,726.018691588785,659.7757009345794,678.2429906542056,518.0560747663551,1239.8411214953271,1029.196261682243,726.018691588785,5.8836784046992765,-0.42244402242676216,-0.20840215906406823,0.6958326748046766,-0.004065102501127519,2.0919985529410754,0.10331013310407673,0.08307181830065125
12-31-2025,good,4608,400.86021505376345,806.516470510244,-2096,2392,896.7516048829883,0.3870967741935484,62596,680.3913043478261,13196.086021505376,944.0432890764616,10856,15140,13229.449007130193,0.3763440860215054,74428,809.0,10789.505376344086,679.590903534202,8500,14016,10810.656964310725,0.44086021505376344,57568,625.7391304347826,66.03225806451613,1771.4200791382584,-5544,4091,1763.1075358002695,0.16129032258064516,111181,1208.4891304347825,394.4731182795699,1248.5297404773646,-2988,3154,1302.9481871872817,0.3548387096774194,95994,1043.4130434782608,120.38709677419355,867.8126555018014,-2128,3454,871.4895418221473,0.27956989247311825,55189,599.8804347826087,680.3913043478261,809.0,625.7391304347826,1208.4891304347825,1043.4130434782608,599.8804347826087,6.333097372328495,-0.30338119647058504,-0.1623398227561215,0.6665114784404796,0.14512252651431864,1.9661046874448829,0.09848846965482473,0.08061392981190561
12-31-2025,good,4499,722.8571428571429,939.2939732873667,-2304,4552,1181.1436439706679,0.37362637362637363,80784,897.6,13129.582417582418,967.5491841180085,10292,14556,13164.793902887144,0.37362637362637363,74384,826.4888888888889,10841.494505494506,521.9064704124331,9336,12528,10853.911563108491,0.5054945054945055,46176,513.0666666666667,79.5934065934066,1983.5468511287327,-5628,6186,1974.2232441095452,0.2087912087912088,134392,1493.2444444444445,442.6263736263736,1496.7627040334723,-3999,4614,1552.9320760957426,0.32967032967032966,119071,1323.0111111111112,99.72527472527473,972.23438036005,-2619,2716,972.0069811624664,0.32967032967032966,68440,760.4444444444445,897.6,826.4888888888889,513.0666666666667,1493.2444444444445,1323.0111111111112,760.4444444444445,5.601009124899648,-0.33839940241908484,-0.28589074789464397,0.7363970863379388,-0.06960741768220527,1.6714505915650693,0.11796098650942125,0.08955361165615912
12-31-2025,good,3924,2105.15,801.5896090056449,244,4220,2250.815541087274,0.45,66796,845.5189873417721,12687.55,969.3740626908282,10076,14916,12724.066370465065,0.3875,72428,916.8101265822785,11082.7,657.9855025142934,9836,13700,11101.971554638392,0.525,55780,706.0759493670886,166.9625,1854.4819362130509,-4696,5806,1850.4029122058796,0.3,114811,1453.3037974683543,412.8125,1374.493527838389,-3504,4146,1426.8956557856638,0.4125,96976,1227.5443037974683,230.3625,1097.1584615337888,-2759,2880,1114.3503095974802,0.3375,69690,882.1518987341772,845.5189873417721,916.8101265822785,706.0759493670886,1453.3037974683543,1227.5443037974683,882.1518987341772,5.937827496484387,-0.09775606165346541,-0.16424569824842078,0.8284775621544977,-0.065291682005291,0.8221033121576568,0.11214148167174086,0.10037409157579148
12-31-2025,bad,1805,11621.081081081082,3365.184974100222,7812,28544,12085.856554197913,0.5135135135135135,108212,3005.8888888888887,11550.054054054053,2548.468755350357,4724,18776,11820.444551936505,0.6216216216216216,115776,3216.0,2714.162162162162,2912.2120793642753,-2188,9728,3952.017179085104,0.5675675675675675,133144,3698.4444444444443,208.94594594594594,2058.394937619897,-2819,5535,2041.1111904773566,0.5135135135135135,90316,2508.777777777778,248.59459459459458,2492.7394954531837,-3246,5765,2471.3579810036163,0.5945945945945946,113657,3157.1388888888887,268.43243243243245,2251.312512742296,-4604,5243,2236.8459938046694,0.5405405405405406,84712,2353.1111111111113,3005.8888888888887,3216.0,3698.4444444444443,2508.777777777778,3157.1388888888887,2353.1111111111113,4.127577035426962,0.3487029392151781,0.48303271896927563,-0.03269844490490791,-0.25463495239489004,0.1688842806594052,0.20907487615511608,0.5660010804296404
12-31-2025,bad,2304,11376.08510638298,2171.801334394494,6344,20012,11577.205086592414,0.48936170212765956,110176,2395.1304347826085,11838.127659574468,1980.132600050697,5536,16008,11999.11528653569,0.5319148936170213,105572,2295.0434782608695,2377.021276595745,3050.102489292719,-3828,13096,3841.27797882922,0.5106382978723404,164312,3572.0,542.6170212765958,2581.561556021871,-5005,5533,2610.9569656728822,0.48936170212765956,134219,2917.804347826087,33.93617021276596,2557.5988773801723,-8486,5307,2530.471661526213,0.6808510638297872,136397,2965.1521739130435,202.14893617021278,2233.2071009193637,-6582,6584,2218.5507009680796,0.46808510638297873,101813,2213.3260869565215,2395.1304347826085,2295.0434782608695,3572.0,2917.804347826087,2965.1521739130435,2213.3260869565215,3.7252276298253935,0.026251579873445705,0.538913328218075,-0.022890792255918366,-0.20853996726638335,0.22552567272658158,0.21088818641110887,0.5775553637663876
12-31-2025,bad,2398,10387.591836734693,1621.6500331242783,6120,14056,10510.85841656433,0.46938775510204084,86288,1797.6666666666667,12686.612244897959,1805.4501841222145,8220,17432,12811.840505675098,0.40816326530612246,94552,1969.8333333333333,1670.1224489795918,3085.8843251209546,-7344,8216,3481.0415987524334,0.5510204081632653,168580,3512.0833333333335,513.0204081632653,2127.908152092448,-3448,5187,2167.6657999812064,0.4489795918367347,114554,2386.5416666666665,-88.42857142857143,2337.476408080589,-6222,5548,2315.191035446588,0.5102040816326531,128400,2675.0,261.6734693877551,2194.2495716812,-6045,6070,2187.451569143175,0.46938775510204084,108723,2265.0625,1797.6666666666667,1969.8333333333333,3512.0833333333335,2386.5416666666665,2675.0,2265.0625,4.0183660021784995,-0.41414103415080217,0.5240328364189359,0.2708072560410828,-0.35106558099965773,0.20623109111230112,0.18070713838814573,0.6283899535411308
12-31-2025,bad,2551,10063.923076923076,1863.2216653847106,5104,14804,10231.685160850544,0.5384615384615384,110736,2171.294117647059,13052.076923076924,2380.7765403630992,6720,18596,13263.32564166782,0.5384615384615384,144328,2829.9607843137255,2015.6153846153845,2857.449103410628,-6940,7544,3474.2914717635927,0.4807692307692308,160152,3140.235294117647,212.48076923076923,2553.4462179294514,-4928,7675,2537.6858287393684,0.4423076923076923,139650,2738.235294117647,-18.134615384615383,2246.8713850016125,-6033,6193,2225.2358690882465,0.40384615384615385,115924,2273.0196078431372,241.25,2371.648701584088,-7230,6810,2361.0911631635977,0.36538461538461536,119197,2337.1960784313724,2171.294117647059,2829.9607843137255,3140.235294117647,2738.235294117647,2273.0196078431372,2337.1960784313724,3.785689722455645,-0.18378387937312726,0.615794004369206,0.04453166399877514,-0.34752316500458935,0.24802227478629651,0.1677735983447253,0.6795892577445409
12-31-2025,bad,2099,14061.581395348838,3744.0021509492076,8424,31444,14540.276264929256,0.4883720930232558,140316,3340.8571428571427,9714.418604651162,2387.571970818074,4304,15792,9996.892465998832,0.4883720930232558,112868,2687.3333333333335,2360.186046511628,2397.8194782503656,-2736,7624,3344.593582568462,0.5348837209302325,127796,3042.7619047619046,497.2325581395349,2144.3303076808243,-3053,5135,2176.8001532011945,0.5348837209302325,103766,2470.6190476190477,-40.372093023255815,3212.691499004236,-7074,6623,3175.371525598445,0.5813953488372093,162667,3873.0238095238096,537.6744186046511,1992.5071873077065,-2267,6891,2041.286632562676,0.4186046511627907,78234,1862.7142857142858,3340.8571428571427,2687.3333333333335,3042.7619047619046,2470.6190476190477,3873.0238095238096,1862.7142857142858,3.771139449975194,0.3132372273854479,0.36852189629536236,-0.10955074046759666,-0.18962687779660714,0.14970830769576696,0.317635858951249,0.6103242685721945
12-31-2025,good,1850,13411.157894736842,585.7095731889465,12136,16264,13423.605476920126,0.34210526315789475,14588,394.27027027027026,9017.578947368422,1520.131015540987,268,9976,9141.483353085365,0.07894736842105263,22224,600.6486486486486,-598.8421052631579,483.29401975462434,-1236,1544,765.5313943852817,0.3684210526315789,14316,386.9189189189189,-792.3947368421053,3466.894361766338,-19473,1175,3511.544827984881,0.05263157894736842,26654,720.3783783783783,419.4736842105263,3197.261368115769,-5905,18474,3182.6758850806164,0.18421052631578946,43023,1162.7837837837837,1057.7894736842106,3194.116839896942,-299,17253,3324.5777492076068,0.02631578947368421,23500,635.1351351351351,394.27027027027026,600.6486486486486,386.9189189189189,720.3783783783783,1162.7837837837837,635.1351351351351,2.3286844535216598,0.15294236249351678,-0.7669216800045472,-0.714905651775366,0.6358868899856235,0.2615947581118099,0.3481574884297378,4.342836582860708
12-31-2025,good,5368,12668.518518518518,1017.9113807660821,8456,16820,12708.96971084246,0.48148148148148145,113240,1058.3177570093458,10533.62962962963,1344.6068986923563,7300,17924,10618.313446326796,0.3888888888888889,123324,1152.5607476635514,2009.1851851851852,1743.622548476066,-8916,7424,2654.9754271025786,0.4537037037037037,154852,1447.214953271028,332.0462962962963,1267.9206274301202,-2915,6039,1304.9873810940912,0.25925925925925924,105884,989.5700934579439,164.89814814814815,1868.9893262613302,-8271,3777,1867.6104484171844,0.37037037037037035,178422,1667.4953271028037,74.57407407407408,1528.1148560083236,-3189,8867,1522.8508414106698,0.3611111111111111,115518,1079.607476635514,1058.3177570093458,1152.5607476635514,1447.214953271028,989.5700934579439,1667.4953271028037,1079.607476635514,5.533498585479532,-0.06452857383900104,0.21390535841194827,-0.01678920823694247,-0.5399588958360746,0.10268238973597356,0.17588578993092005,0.5735837798314389
12-31-2025,good,4400,12613.842696629214,970.5584252339709,9672,15640,12650.708563004186,0.48314606741573035,90876,1032.6818181818182,10604.449438202248,1385.2838814024888,6368,17912,10693.539984180095,0.39325842696629215,110460,1255.2272727272727,1482.2921348314608,2306.130634763895,-8248,11912,2730.5078261678805,0.34831460674157305,160408,1822.8181818181818,311.5168539325843,1294.3344824865117,-3439,3969,1324.2057572901763,0.42696629213483145,107765,1224.6022727272727,311.39325842696627,1711.3189730968647,-4905,3586,1729.9342846517272,0.39325842696629215,154874,1759.9318181818182,192.74157303370785,1554.864723201536,-3463,8803,1558.0723757546975,0.3707865168539326,96854,1100.6136363636363,1032.6818181818182,1255.2272727272727,1822.8181818181818,1224.6022727272727,1759.9318181818182,1100.6136363636363,5.653416192986362,-0.3019784797633725,0.39799266149264906,-0.060911216922694085,-0.35866639265521505,0.10467443389360954,0.1617737706175129,0.5706163374637718
12-31-2025,good,4551,12203.08695652174,1082.0537417558235,9560,17280,12250.44672832294,0.4891304347826087,102136,1122.3736263736264,10917.826086956522,1325.2665384719069,5416,16252,10997.098131068387,0.41304347826086957,115824,1272.7912087912089,1975.304347826087,1414.1355588775737,-2532,6944,2424.8443069697237,0.3804347826086957,117808,1294.5934065934066,325.4347826086956,1307.948895936409,-4166,4261,1340.911338378233,0.42391304347826086,113507,1247.3296703296703,149.75,1618.752033390042,-4567,3769,1616.8800370923707,0.43478260869565216,157312,1728.7032967032967,145.0,1626.0766374218747,-3016,11473,1623.7024786365373,0.358695652173913,99749,1096.142857142857,1122.3736263736264,1272.7912087912089,1294.5934065934066,1247.3296703296703,1728.7032967032967,1096.142857142857,5.6034974570015414,-0.2002608499630001,0.42201476239865826,-0.12915876795798473,-0.3990443303992541,0.10945815838442838,0.147027881144156,0.6696110233963981
12-31-2025,good,4401,12237.258426966293,1070.9093154894317,8152,16088,12283.503354161034,0.4606741573033708,98208,1116.0,10932.314606741573,1278.6663826345296,6472,16740,11006.00380384893,0.33707865168539325,100120,1137.7272727272727,1852.7640449438202,1617.6066356761314,-4392,5988,2453.565825166907,0.43820224719101125,141512,1608.090909090909,316.3258426966292,1279.420241352956,-2888,4829,1310.9484644350036,0.5168539325842697,106730,1212.840909090909,246.7191011235955,1846.1541782160657,-6041,3685,1852.2581420307217,0.39325842696629215,171529,1949.1931818181818,92.08988764044943,1243.9378970947048,-3044,4014,1240.3530668068179,0.38202247191011235,87704,996.6363636363636,1116.0,1137.7272727272727,1608.090909090909,1212.840909090909,1949.1931818181818,996.6363636363636,5.845968917732347,-0.07537154169395166,0.35892527152286685,-0.20271170209480033,-0.3575648204183868,0.10672431362052714,0.16829524820032044,0.5055307885277178
12-31-2025,bad,4349,13371.181818181818,1932.1206653345303,8124,21144,13508.485185245605,0.5795454545454546,188108,2162.1609195402298,9274.545454545454,2146.1065463426935,4436,14916,9516.860215619245,0.5113636363636364,220660,2536.32183908046,2963.181818181818,2753.1367713037257,-3688,12380,4034.1138939165944,0.5340909090909091,273904,3148.32183908046,375.02272727272725,1927.3727516013776,-4513,5146,1952.7402599238007,0.48863636363636365,187478,2154.919540229885,295.0113636363636,3269.999010489914,-9355,9938,3264.722818180045,0.4659090909090909,310083,3564.1724137931033,327.0,2467.938345696853,-8227,8711,2475.5678044734414,0.4659090909090909,209038,2402.735632183908,2162.1609195402298,2536.32183908046,3148.32183908046,2154.919540229885,3564.1724137931033,2402.735632183908,3.5173990205273546,0.22934996783683548,0.39159504422584157,-0.16684872459581923,-0.42596202873756833,0.1445565681866453,0.3430462089249642,0.6136583817310949
12-31-2025,bad,4550,13504.695652173914,2002.6073210139552,7188,21188,13650.774668255213,0.44565217391304346,195252,2145.6263736263736,9153.565217391304,2111.339886559971,2976,13584,9391.328896103181,0.44565217391304346,211356,2322.5934065934066,2668.2608695652175,2652.0248157788656,-3660,10640,3751.8533391193305,0.5217391304347826,275580,3028.3516483516482,404.55434782608694,1752.654083860588,-4963,5092,1789.433281067306,0.5217391304347826,176805,1942.9120879120878,235.56521739130434,3108.680166938268,-8071,10146,3100.7000892505325,0.5760869565217391,315772,3470.021978021978,196.58695652173913,2263.0501645567924,-8502,8331,2259.286420628155,0.43478260869565216,205760,2261.098901098901,2145.6263736263736,2322.5934065934066,3028.3516483516482,1942.9120879120878,3470.021978021978,2261.098901098901,3.7477106790766164,-0.06519250094871236,0.3387751566850807,-0.20203667456580335,-0.3874581115651162,0.13108657379698274,0.3301662760641856,0.6021787676157664
12-31-2025,bad,4751,13019.833333333334,2599.9601562399157,7416,31708,13274.239651796759,0.53125,222772,2344.9684210526316,10000.916666666666,2182.7263283704174,3948,16700,10233.914223469597,0.4375,231044,2432.0421052631577,3319.0416666666665,2216.351463277413,-1124,9664,3984.6056894001445,0.46875,240944,2536.2526315789473,318.625,1720.857517267726,-5467,5016,1741.2711113819507,0.4583333333333333,180155,1896.3684210526317,226.625,2391.9034096410815,-6284,9492,2390.1809467764847,0.5,242717,2554.915789473684,203.13541666666666,2422.565437146904,-7976,9575,2418.4610227890794,0.3645833333333333,201335,2119.315789473684,2344.9684210526316,2432.0421052631577,2536.2526315789473,1896.3684210526317,2554.915789473684,2119.315789473684,4.1974235719921875,0.2917981942606122,0.5213995873660575,-0.16986207351027466,-0.16371731389992122,0.1311767119569128,0.23355491304211734,0.6069511541921758
12-31-2025,bad,4898,12556.727272727272,1938.4791314915412,6468,19808,12703.981445423186,0.6262626262626263,224504,2290.8571428571427,10065.777777777777,2792.7745970832266,-1868,18704,10442.25495210917,0.494949494949495,287720,2935.918367346939,3446.4646464646466,2355.8218086573393,-3460,11800,4167.967777459346,0.5353535353535354,260600,2659.183673469388,292.1515151515151,1906.8735516848062,-5400,5189,1919.5807596788661,0.5353535353535354,212580,2169.183673469388,200.1010101010101,2720.140780776588,-7145,8769,2713.7551901973825,0.5252525252525253,293093,2990.7448979591836,196.87878787878788,2431.6658070965664,-5704,10107,2427.350942068245,0.4444444444444444,217927,2223.7448979591836,2290.8571428571427,2935.918367346939,2659.183673469388,2169.183673469388,2990.7448979591836,2223.7448979591836,3.8684910673897552,-0.3806419694188861,0.4676439475625075,-0.17707022922114182,-0.37433038464735374,0.1511007212797312,0.25988210423739605,0.5823823674005212
12-31-2025,bad,5047,12420.35294117647,2474.9166748532184,4452,27208,12662.161293691175,0.49019607843137253,211932,2098.3366336633662,10390.509803921568,2266.3526887499047,4796,19272,10632.435848780437,0.5098039215686274,248956,2464.910891089109,3673.607843137255,2810.4201164290303,-4072,13008,4616.970859943631,0.5490196078431373,307268,3042.2574257425745,55.509803921568626,1914.5180752082156,-5401,3782,1905.9185989654313,0.4803921568627451,214212,2120.910891089109,272.48039215686276,2801.194602768973,-7058,7247,2800.715698097297,0.5392156862745098,330279,3270.089108910891,354.8627450980392,2025.721081927778,-4245,7565,2046.7639403338578,0.3627450980392157,192889,1909.7920792079208,2098.3366336633662,2464.910891089109,3042.2574257425745,2120.910891089109,3270.089108910891,1909.7920792079208,4.132966399600639,-0.2490372467827637,0.6965487215872184,-0.3256666510353012,-0.4690592636970973,0.1505207961427975,0.26341242380081065,0.44331315964067697
12-31-2025,bad,2900,12070.237288135593,1634.9778901698464,9112,16404,12178.60719542013,0.6271186440677966,124976,2154.7586206896553,11482.440677966102,2005.1785393995465,5868,17296,11653.284375907193,0.559322033898305,125392,2161.9310344827586,2026.5762711864406,3153.883452919535,-7136,11460,3726.3117585668942,0.4915254237288136,219120,3777.9310344827586,565.0508474576271,2297.912624188405,-4850,5837,2347.3786533861303,0.5932203389830508,159389,2748.0862068965516,247.135593220339,3183.2924099906977,-7342,7377,3165.8608409730805,0.559322033898305,239411,4127.775862068966,-6.084745762711864,2201.9153910280147,-4184,5676,2183.183824181897,0.5932203389830508,142988,2465.310344827586,2154.7586206896553,2161.9310344827586,3777.9310344827586,2748.0862068965516,4127.775862068966,2465.310344827586,3.580650671841859,-0.20001150820201427,0.36884834510991965,0.027292089606138284,-0.38116561843945973,0.19274606821017562,0.27167112194110093,0.5858832982980593
12-31-2025,bad,3647,11184.81081081081,1668.0835010444973,5680,14644,11306.85164199363,0.5945945945945946,154072,2110.5753424657532,11865.18918918919,2184.2879763705932,6456,18664,12061.896780604033,0.4864864864864865,177516,2431.72602739726,2231.7837837837837,2853.8158942177047,-7100,8892,3607.6400012166373,0.47297297297297297,236608,3241.205479452055,335.0945945945946,2133.544578953376,-4086,5325,2145.4107242380596,0.5,164259,2250.123287671233,243.47297297297297,2427.413603123579,-5525,8904,2423.21887501237,0.527027027027027,197710,2708.3561643835615,-13.216216216216216,2309.798308637087,-4969,6439,2294.176546612537,0.47297297297297297,191487,2623.109589041096,2110.5753424657532,2431.72602739726,3241.205479452055,2250.123287671233,2708.3561643835615,2623.109589041096,3.930810203074931,-0.27365318382977194,0.27925141256292807,-0.1369647204461766,-0.13580932830768547,0.18974430654774518,0.20089865788837583,0.6359216954027922
12-31-2025,bad,3350,11843.808823529413,3852.7377482688735,5900,32767,12445.927347695617,0.4852941176470588,231546,3455.910447761194,12161.29411764706,3372.0453205060826,6420,30448,12613.506579666659,0.5147058823529411,217820,3251.044776119403,2075.1176470588234,2775.5441017176177,-3196,10308,3449.125890970741,0.5735294117647058,232608,3471.7611940298507,476.29411764705884,2331.701825864748,-4293,5812,2362.993029787335,0.4852941176470588,174942,2611.0746268656717,172.61764705882354,2300.169617557514,-6895,5976,2289.7099225473444,0.6029411764705882,192357,2871.0,68.77941176470588,2847.0437500666685,-8693,6264,2826.8689158938832,0.4852941176470588,219373,3274.223880597015,3455.910447761194,3251.044776119403,3471.7611940298507,2611.0746268656717,2871.0,3274.223880597015,3.8115229476728545,0.5665590094973688,0.4152935801583325,0.044242712293257075,-0.2695509923792714,0.1898607442887722,0.18152842018229057,0.8195899495795684
12-31-2025,bad,2849,11146.896551724138,1948.089380579018,4216,16408,11312.953771428696,0.6206896551724138,134096,2352.561403508772,11900.551724137931,2869.3689212176264,5192,18464,12235.785887137044,0.5689655172413793,205260,3601.0526315789475,1659.1724137931035,3303.4547580030544,-7328,14976,3671.1734476538454,0.46551724137931033,193844,3400.7719298245615,167.68965517241378,2607.4526468385084,-6660,7094,2590.310459358505,0.5862068965517241,181757,3188.719298245614,342.1551724137931,2843.538842874788,-7386,7338,2839.6081535164744,0.5172413793103449,194874,3418.842105263158,329.98275862068965,2451.5154531924495,-5204,8134,2452.589894306664,0.5172413793103449,154656,2713.2631578947367,2352.561403508772,3601.0526315789475,3400.7719298245615,3188.719298245614,3418.842105263158,2713.2631578947367,3.4532044054207742,-0.332528486207669,0.14954891620431457,-0.05095947686857436,-0.22966114332256085,0.22896853566850647,0.23207403100029383,0.6680670168842024
12-31-2025,bad,3500,10263.718309859154,2223.675138035478,1256,15540,10498.523732572132,0.5211267605633803,171616,2451.657142857143,12850.478873239437,2104.190253885633,7256,18576,13019.218989578121,0.4647887323943662,166276,2375.3714285714286,2196.9014084507044,2251.492781974595,-6364,7920,3134.3576829243725,0.5492957746478874,178912,2555.885714285714,83.67605633802818,2627.6810731389755,-6892,5681,2610.452087013196,0.5070422535211268,204975,2928.214285714286,295.5774647887324,1837.7253071739983,-5679,4306,1848.5220209594017,0.5774647887323944,150240,2146.285714285714,133.09859154929578,2360.9970300394552,-6211,9293,2348.0866349158464,0.5211267605633803,186529,2664.7,2451.657142857143,2375.3714285714286,2555.885714285714,2928.214285714286,2146.285714285714,2664.7,3.915361035819105,-0.08270021251235724,0.39818038279271817,0.17981332134711686,-0.4362870270666167,0.24864944379422643,0.1419840946140593,0.7491444409675428
12-31-2025,good,8848,12361.662921348314,702.9862523881849,9596,14988,12381.523472724104,0.4887640449438202,130976,739.9774011299435,10538.112359550561,934.7538355453362,7776,14552,10579.256497738574,0.4438202247191011,161432,912.0451977401129,3402.6067415730336,1263.9415850227315,-1196,8480,3628.5404748366923,0.4438202247191011,202972,1146.734463276836,115.57303370786516,1274.4654436085455,-4198,4106,1276.124690114215,0.4438202247191011,191688,1082.9830508474577,308.9719101123595,1541.1755452749026,-4702,5582,1567.591068623117,0.42696629213483145,266263,1504.3107344632767,56.51123595505618,1197.1829280230638,-2828,7290,1195.1520964746978,0.3595505617977528,167098,944.0564971751412,739.9774011299435,912.0451977401129,1146.734463276836,1082.9830508474577,1504.3107344632767,944.0564971751412,6.5833598404075895,-0.3414793393310105,0.5387794219790517,-0.33498236488177613,-0.3505202190101128,0.10306685544976665,0.14817592037871755,0.32937543467779895
12-31-2025,good,9051,12055.868131868132,877.2913513260049,9256,15212,12087.570795501622,0.5439560439560439,172520,953.1491712707183,10859.164835164835,1089.2854798707065,6236,14776,10913.36264895895,0.4175824175824176,189500,1046.9613259668508,3067.868131868132,1720.6130168592358,-5876,9628,3515.118418276331,0.44505494505494503,275244,1520.6850828729282,202.06593406593407,1028.2353311286122,-3438,4529,1045.12648690308,0.47802197802197804,174501,964.0939226519337,223.57142857142858,1367.6866959156575,-4643,5375,1382.1263479719362,0.3901098901098901,214347,1184.2375690607735,95.01648351648352,1271.2423274008036,-2637,5299,1271.3008112745201,0.4010989010989011,188080,1039.1160220994475,953.1491712707183,1046.9613259668508,1520.6850828729282,964.0939226519337,1184.2375690607735,1039.1160220994475,7.1693030282723464,-0.35457764282796395,0.5064903572838546,-0.24709231380170704,-0.4858379364295264,0.08646290511949348,0.12664532393021274,0.3616665669932813
12-31-2025,good,8203,11784.775757575757,837.7993120154727,8416,14284,11814.338464661309,0.5636363636363636,156772,955.9268292682926,11192.775757575757,881.3640090688366,8348,14336,11227.213535949968,0.4303030303030303,145776,888.8780487804878,2838.9333333333334,1527.8823306328804,-2856,8848,3221.7726270806356,0.4909090909090909,234364,1429.0487804878048,294.75757575757575,1063.2409390776263,-2423,4454,1100.2326668537528,0.36363636363636365,150140,915.4878048780488,220.02424242424243,1420.3366354302443,-4796,5380,1433.0179427496448,0.4121212121212121,224961,1371.7134146341464,-12.703030303030303,1204.4979736754738,-3927,4296,1200.9096198929856,0.41818181818181815,162406,990.280487804878,955.9268292682926,888.8780487804878,1429.0487804878048,915.4878048780488,1371.7134146341464,990.280487804878,7.033261297467335,-0.453263560630416,0.279637155556851,-0.13264961654526797,-0.3948143265561235,0.09312689576751237,0.12763789857861246,0.3727480981823429
12-31-2025,good,8999,11516.596685082874,870.4994720721198,8256,15892,11549.267594391033,0.5469613259668509,166604,925.5777777777778,11648.198895027625,897.575230024942,8664,14924,11682.539438615502,0.44751381215469616,160132,889.6222222222223,2771.8011049723755,1362.2573603312078,-3368,9440,3086.8063991537197,0.44751381215469616,225888,1254.9333333333334,234.35911602209944,1046.5309616311156,-3734,4421,1069.626229445703,0.5138121546961326,182389,1013.2722222222222,234.16022099447514,1367.8241203409953,-5175,4570,1383.9931837247916,0.4530386740331492,250486,1391.588888888889,123.10497237569061,1173.6944780514525,-2543,4844,1176.9038789686656,0.39226519337016574,183889,1021.6055555555556,925.5777777777778,889.6222222222223,1254.9333333333334,1013.2722222222222,1391.588888888889,1021.6055555555556,7.249261692356107,-0.15916491678869532,0.3613958705704297,-0.24734125065681675,-0.4098888129742488,0.09261420437366599,0.11846681030938097,0.3812690938149076
12-31-2025,good,8457,11295.176470588236,1211.4088739142207,7800,15616,11359.572639020205,0.48823529411764705,227012,1343.2662721893491,11804.847058823529,1179.2669822918992,8728,16616,11863.258586170705,0.4294117647058823,190104,1124.8757396449705,3035.6235294117646,1587.0968619297414,-2028,10796,3423.3126852767145,0.4823529411764706,245096,1450.2721893491125,168.01176470588234,1184.127072124312,-4524,4780,1192.5338125678647,0.47058823529411764,187919,1111.9467455621302,304.38823529411764,1586.1721971192242,-5356,4422,1610.5262420931203,0.4294117647058823,276492,1636.0473372781064,22.258823529411764,1655.1113632990634,-6025,7871,1650.386318411541,0.40588235294117647,231787,1371.5207100591715,1343.2662721893491,1124.8757396449705,1450.2721893491125,1111.9467455621302,1636.0473372781064,1371.5207100591715,5.983263673185454,-0.33596552088380194,0.4200416013966777,-0.12756611074962437,-0.511642485769286,0.1049805173450384,0.13575749278826252,0.48210212436262867
12-31-2025,good,5954,12247.0,908.2167216283667,8780,17328,12280.34986472291,0.5333333333333333,109360,918.9915966386554,10696.266666666666,1249.7963513660757,6272,14916,10768.430476784133,0.36666666666666664,143704,1207.5966386554621,3267.866666666667,2193.4795309418923,-5520,12104,3930.67556534497,0.4083333333333333,243368,2045.109243697479,197.70833333333334,1520.0393869058453,-5614,4399,1526.5497016693123,0.4583333333333333,171806,1443.7478991596638,333.98333333333335,1623.1463842161118,-4443,4497,1650.5132585552492,0.4083333333333333,200181,1682.1932773109243,62.516666666666666,1630.3355894335589,-4457,7554,1624.7315214110504,0.3333333333333333,143907,1209.3025210084033,918.9915966386554,1207.5966386554621,2045.109243697479,1443.7478991596638,1682.1932773109243,1209.3025210084033,5.618619456625205,-0.08422826461190848,0.40031409747640706,-0.02847085956316587,-0.38788273781211124,0.12430832332637687,0.15327333560451073,0.4133466357086919
12-31-2025,good,5950,12558.833333333334,1307.808265528152,9596,21164,12626.179316536469,0.625,165784,1393.142857142857,10610.866666666667,1236.938066514309,7200,15740,10682.12324712024,0.44166666666666665,158816,1334.5882352941176,2529.1,1955.1902544490233,-6904,8312,3191.7486325419386,0.425,212200,1783.1932773109243,312.39166666666665,1560.0731522163012,-4799,5771,1584.656079932383,0.44166666666666665,164225,1380.0420168067226,84.24166666666666,1545.0375535716855,-5150,3374,1540.8909300574564,0.48333333333333334,207419,1743.0168067226891,115.29166666666667,1546.9804222486878,-2959,8235,1544.8293406284938,0.3333333333333333,140402,1179.8487394957983,1393.142857142857,1334.5882352941176,1783.1932773109243,1380.0420168067226,1743.0168067226891,1179.8487394957983,5.67407189508745,-0.06330617596933061,0.4544461024389154,0.09217358909817726,-0.4632305548230599,0.12550558962293987,0.1442494993051696,0.4840072067060526
12-31-2025,good,5249,12137.88679245283,845.3617914778063,9776,15688,12167.012389677511,0.5943396226415094,104520,995.4285714285714,10670.566037735849,1000.4151806588715,7300,13184,10716.919720791362,0.42452830188679247,111576,1062.6285714285714,2505.509433962264,1660.7684236680952,-6992,6596,3001.6177273483836,0.4811320754716981,169124,1610.7047619047619,338.79245283018867,1384.202261004897,-3033,4392,1418.70384639416,0.49056603773584906,147643,1406.1238095238095,232.6509433962264,1529.192927766943,-4614,3707,1539.6417771308988,0.46226415094339623,170070,1619.7142857142858,66.94339622641509,1306.0983615711461,-3796,4532,1301.6455043013534,0.3867924528301887,117872,1122.5904761904762,995.4285714285714,1062.6285714285714,1610.7047619047619,1406.1238095238095,1619.7142857142858,1122.5904761904762,6.076432803499402,-0.18318772944261563,0.16385676184691114,0.02742212780304644,-0.43331509859096967,0.1166024822561359,0.1436645805977488,0.4336479932165025
12-31-2025,good,5901,12432.0,961.0598669160055,10104,16112,12468.78095164752,0.6302521008403361,141400,1198.3050847457628,10616.773109243697,1145.6570051756537,5812,14252,10677.891719015754,0.47058823529411764,136960,1160.677966101695,1556.436974789916,1633.0338026676538,-4120,6724,2250.974317523694,0.4789915966386555,192268,1629.3898305084747,191.96638655462183,1445.079699478064,-3724,3614,1451.7431133733305,0.47058823529411764,156549,1326.6864406779662,249.0924369747899,1652.4109914314092,-4105,4864,1664.2007292471935,0.31092436974789917,180314,1528.084745762712,-50.20168067226891,1436.7312215748634,-3212,5816,1431.5623010713643,0.3697478991596639,152990,1296.5254237288136,1198.3050847457628,1160.677966101695,1629.3898305084747,1326.6864406779662,1528.084745762712,1296.5254237288136,5.584961554770534,-0.22187317128514097,0.20113104324451136,0.2882858007171665,-0.4003214423559335,0.11643023635482817,0.15585480475772592,0.6359745152535803
12-31-2025,good,6650,12083.731343283582,1012.9788956687906,6692,15184,12125.800252403717,0.5895522388059702,151272,1137.3834586466166,10962.029850746268,1070.9316577838133,7756,16768,11013.829222811371,0.4626865671641791,143716,1080.5714285714287,1911.4925373134329,1606.4276471905525,-9372,6432,2493.0213043374897,0.44029850746268656,192408,1446.6766917293232,218.28358208955223,1449.5899270381715,-3394,7572,1460.5742890148872,0.40298507462686567,179754,1351.5338345864661,156.7910447761194,1453.6767285739277,-3093,5508,1456.7050121892605,0.43283582089552236,193692,1456.3308270676691,76.1044776119403,1491.4072996211528,-6007,6101,1487.7796889946692,0.4552238805970149,173399,1303.751879699248,1137.3834586466166,1080.5714285714287,1446.6766917293232,1351.5338345864661,1456.3308270676691,1303.751879699248,5.818912035177255,-0.35885271361193277,0.20524813114724416,0.027099505158892544,-0.38181343827533143,0.12045178532484101,0.13226144900085557,0.5967777675262438
12-31-2025,bad,2696,12797.527272727273,2351.046101715271,6636,21152,13007.829317900676,0.4909090909090909,150376,2784.740740740741,10398.545454545454,2779.2547216980324,2044,15536,10757.023907450171,0.4727272727272727,180276,3338.4444444444443,2312.2181818181816,2559.556375703423,-4916,8348,3431.9916507633134,0.5636363636363636,165208,3059.4074074074074,420.8545454545455,2098.706113018578,-5545,6433,2121.6981063632625,0.5636363636363636,126346,2339.740740740741,252.1090909090909,3731.5177711981596,-6884,10439,3706.0243044878353,0.4909090909090909,217688,4031.259259259259,415.3272727272727,2334.691581301046,-3294,8780,2350.35664218317,0.41818181818181815,127459,2360.3518518518517,2784.740740740741,3338.4444444444443,3059.4074074074074,2339.740740740741,4031.259259259259,2360.3518518518517,3.325578622610389,0.14898798103095331,0.42511213724452906,-0.4979671966275598,-0.4684584899802305,0.16310931319496838,0.34452134122120626,0.6848375172986179
12-31-2025,bad,2500,12405.333333333334,1908.1196887686756,6844,15880,12548.379387590334,0.5882352941176471,107212,2144.24,10465.725490196079,2253.843970450762,5624,15340,10701.010163054883,0.5098039215686274,139016,2780.32,2497.176470588235,2607.876842996098,-3676,9964,3592.152361500733,0.5294117647058824,155492,3109.84,464.47058823529414,2007.3984891191003,-3132,6939,2041.1685138568996,0.5098039215686274,111786,2235.72,-29.372549019607842,2831.251207228241,-6447,8346,2803.5102996065484,0.5098039215686274,158158,3163.16,339.9019607843137,2075.39602249693,-4749,8212,2082.869593877168,0.47058823529411764,108678,2173.56,2144.24,2780.32,3109.84,2235.72,3163.16,2173.56,3.8746090723565816,-0.47483066107620303,0.4020745991741556,-0.027749799495991184,-0.3306593916971588,0.1626639146496352,0.2619855748781223,0.5798388775544994
12-31-2025,bad,2570,12398.444444444445,2811.2227291170657,5364,25080,12707.401249607195,0.5370370370370371,149108,2813.3584905660377,10949.185185185184,2430.8816482298985,5484,18388,11210.90596002145,0.46296296296296297,140736,2655.396226415094,2120.962962962963,3016.3601141483455,-8212,11292,3664.481247709533,0.5370370370370371,170276,3212.754716981132,567.0,1730.2567265069774,-3623,4936,1805.5018180037412,0.6296296296296297,111859,2110.5471698113206,134.44444444444446,2643.6605244534444,-6223,8624,2622.516242932433,0.46296296296296297,151271,2854.169811320755,19.85185185185185,2673.288953086557,-7772,7344,2648.495009399643,0.42592592592592593,150552,2840.603773584906,2813.3584905660377,2655.396226415094,3212.754716981132,2110.5471698113206,2854.169811320755,2840.603773584906,3.8977937551002695,0.021670479419044895,0.42208157335834257,-0.16801453451709483,-0.29566701019443986,0.14208269514724492,0.2339254518814544,0.7227475949924222
12-31-2025,bad,2605,11948.754716981131,1784.4028618265077,6260,16148,12078.772935304376,0.41509433962264153,100100,1925.0,10936.603773584906,2530.922409682217,1916,17668,11220.250022438793,0.49056603773584906,150536,2894.923076923077,2779.8490566037735,2493.6107847875355,-5548,9672,3718.6466598928264,0.5283018867924528,143368,2757.076923076923,327.1132075471698,2767.8371635377443,-11396,5962,2761.0468858134914,0.6037735849056604,139568,2684.0,245.56603773584905,2417.4735899395373,-7337,4788,2407.1173043666013,0.5849056603773585,155627,2992.826923076923,-116.9622641509434,2520.9415286468493,-9695,6214,2499.7835793116624,0.4339622641509434,137173,2637.9423076923076,1925.0,2894.923076923077,2757.076923076923,2684.0,2992.826923076923,2637.9423076923076,3.5234550920660896,-0.45051354899884144,0.4060233102102021,0.057637096814419156,-0.15282994292066962,0.2285867033326534,0.21453330356615935,0.672229390762143
12-31-2025,bad,2397,11267.34693877551,2339.572232544342,5100,15480,11502.825704307332,0.42857142857142855,110912,2310.6666666666665,11210.204081632653,2520.788641308442,6564,17840,11484.483871551145,0.5102040816326531,139132,2898.5833333333335,1963.6734693877552,2602.099387896203,-4624,9400,3238.6343808866764,0.5510204081632653,144916,3019.0833333333335,196.73469387755102,1876.920192046781,-3058,3692,1868.0576729286906,0.6530612244897959,119199,2483.3125,184.69387755102042,3377.4469907268817,-7790,7682,3347.903980287441,0.5510204081632653,197523,4115.0625,427.7959183673469,2645.403285099708,-8304,6419,2652.9885650960905,0.4897959183673469,137502,2864.625,2310.6666666666665,2898.5833333333335,3019.0833333333335,2483.3125,4115.0625,2864.625,3.3328389716306277,-0.5615095404419455,0.24584126354450275,-0.1468226566172424,-0.214331960221734,0.16239989379885852,0.29151540612889054,0.8191689003037707
12-31-2025,good,5198,12613.52380952381,1135.8266905924825,9560,20424,12664.075113334984,0.37142857142857144,94656,910.1538461538462,10493.52380952381,982.9978293977726,7228,13132,10539.028606181158,0.34285714285714286,94236,906.1153846153846,2557.8285714285716,1864.6187507676432,-9364,8800,3160.0914031385987,0.4380952380952381,168540,1620.576923076923,126.57142857142857,1007.2610697517117,-3451,3085,1010.4120800092264,0.4857142857142857,98244,944.6538461538462,315.0190476190476,1523.6177404009409,-3622,3910,1548.721841667232,0.4380952380952381,154508,1485.6538461538462,139.2952380952381,1441.224372137278,-4711,6550,1441.0928789340005,0.2761904761904762,110375,1061.298076923077,910.1538461538462,906.1153846153846,1620.576923076923,944.6538461538462,1485.6538461538462,1061.298076923077,6.590425100907062,0.06337311135930865,0.33120249723549905,-0.0510636125347399,-0.5569022571062195,0.0797856985912457,0.14695109951708005,0.45602885949649435
12-31-2025,good,5402,12436.073394495414,1122.778957389193,10108,18244,12486.191918429462,0.42201834862385323,109708,1015.8148148148148,10647.743119266055,1048.6677650950464,7376,13748,10698.78724842942,0.3577981651376147,110072,1019.1851851851852,2867.1559633027523,1469.2473329736627,-2548,9192,3218.6125223156855,0.3853211009174312,132212,1224.1851851851852,165.73394495412845,1109.3006442349315,-4942,3008,1116.5689541438085,0.44036697247706424,113358,1049.611111111111,218.44036697247705,1680.0564884197631,-5219,4337,1686.5380751406362,0.41284403669724773,175726,1627.0925925925926,166.91743119266056,1440.047755949629,-2345,7371,1443.1125573603083,0.28440366972477066,117951,1092.138888888889,1015.8148148148148,1019.1851851851852,1224.1851851851852,1049.611111111111,1627.0925925925926,1092.138888888889,6.218140900202437,-0.31416970291340834,0.3590012952465501,-0.2189580912830273,-0.5530701412107829,0.0894242985650687,0.15763824775846266,0.4483647990885438
12-31-2025,good,4949,12363.84,1103.0130151159376,10208,20336,12412.453862149901,0.39,87688,885.7373737373738,10677.24,1121.8505195804066,7280,16100,10735.428129329543,0.39,95288,962.5050505050505,2633.48,1364.5004153294872,-200,9388,2962.846550194593,0.51,127572,1288.6060606060605,343.31,1166.579708404276,-2550,2924,1210.4383049127287,0.34,107338,1084.2222222222222,-0.95,1579.49552344597,-4182,3599,1571.5784899266089,0.39,160221,1618.3939393939395,190.94,1183.0462974111292,-2623,3788,1192.501840669439,0.35,99591,1005.969696969697,885.7373737373738,962.5050505050505,1288.6060606060605,1084.2222222222222,1618.3939393939395,1005.969696969697,6.569532295515853,-0.21889370030520322,0.21972707846627784,-0.14362496639059102,-0.5377244257570144,0.09751805068184612,0.146391785297003,0.40248518445500764
12-31-2025,good,4799,12084.41237113402,817.245064130314,10212,14976,12111.7309411889,0.4020618556701031,81096,844.75,10712.659793814433,991.9824730327264,8308,13552,10758.018611882406,0.38144329896907214,84304,878.1666666666666,3060.9484536082473,1648.9756186994678,-2884,11376,3472.822174495853,0.5567010309278351,165392,1722.8333333333333,347.63917525773195,1308.8874902753532,-2869,4681,1347.7305896461805,0.35051546391752575,110052,1146.375,214.1443298969072,1423.0554787563824,-3783,3345,1431.8056799561311,0.4639175257731959,137972,1437.2083333333333,69.84536082474227,1414.281946343902,-5424,5789,1408.7055218968515,0.36082474226804123,109226,1137.7708333333333,844.75,878.1666666666666,1722.8333333333333,1146.375,1437.2083333333333,1137.7708333333333,6.289649221003618,-0.44672546404241326,0.233654625261054,0.15981981198068596,-0.38538719590795845,0.11127481250030238,0.13309195043049904,0.4056371016738613
12-31-2025,good,4801,11590.103092783505,1236.9639031089396,9060,20372,11655.247546982573,0.4020618556701031,103104,1074.0,11526.350515463917,1019.3898097354319,8940,15984,11570.877185648495,0.4020618556701031,91564,953.7916666666666,2713.6907216494847,1972.4435636245335,-6520,8688,3348.8120805019003,0.3402061855670103,162604,1693.7916666666667,222.69072164948454,1178.2270964676188,-3595,4285,1193.1046523001266,0.4329896907216495,101585,1058.1770833333333,-1.9175257731958764,1495.315746130946,-4745,3225,1487.589200305642,0.5051546391752577,152542,1588.9791666666667,247.57731958762886,1255.3722956677993,-3113,5357,1273.187780223852,0.3402061855670103,96936,1009.75,1074.0,953.7916666666666,1693.7916666666667,1058.1770833333333,1588.9791666666667,1009.75,6.721227207652451,-0.003328178630637798,0.33827195329751575,0.023250690688842963,-0.44675347501091534,0.1023663073125069,0.1285632174907322,0.38019087044527244
12-31-2025,bad,2949,1935.2,950.6601595644213,-1060,3412,2152.601031310726,0.35,52244,885.4915254237288,13712.933333333332,1101.884331600186,10604,16348,13756.396834442756,0.2833333333333333,50992,864.271186440678,9819.266666666666,824.7475600770863,7712,11772,9853.266950610847,0.23333333333333334,40752,690.7118644067797,-101.08333333333333,2005.5769387746345,-8153,4563,1991.3607700933217,0.3,75726,1283.4915254237287,208.01666666666668,1880.78993043598,-7991,3535,1876.6154418704614,0.35,83526,1415.6949152542372,112.96666666666667,1192.0637988652168,-2680,2825,1187.4737751490206,0.3,55953,948.3559322033898,885.4915254237288,864.271186440678,690.7118644067797,1283.4915254237287,1415.6949152542372,948.3559322033898,5.095939011747867,-0.4806557978155862,-0.263314733447488,0.7462795571779535,0.4763922437487474,0.925095147778351,0.13641765822249644,0.12051574173121213
12-31-2025,bad,2351,2585.0,1154.2700742267034,-660,5224,2826.094006457204,0.3541666666666667,56444,1200.936170212766,13457.916666666666,1163.8094424946535,10644,16576,13507.100194589017,0.3125,47352,1007.4893617021277,9928.583333333334,805.6950437641399,8548,12148,9960.541534809574,0.375,37784,803.9148936170212,-20.291666666666668,1639.2876106917224,-4929,2626,1622.2487350382905,0.25,56827,1209.0851063829787,219.91666666666666,1664.4812345418147,-4268,3725,1661.6685640243263,0.3333333333333333,63687,1355.0425531914893,263.1666666666667,1299.3045166358634,-2388,5434,1312.3559920997047,0.3541666666666667,48932,1041.1063829787233,1200.936170212766,1007.4893617021277,803.9148936170212,1209.0851063829787,1355.0425531914893,1041.1063829787233,5.720664126019773,-0.24300644545017555,-0.11635050101965387,0.7007240954744114,0.3252152796202473,0.5740250433133748,0.12302185813110157,0.13175548612307844
12-31-2025,bad,2250,2810.3478260869565,1338.3839212919988,-1432,5252,3106.5069996912025,0.391304347826087,61436,1365.2444444444445,13702.521739130434,2404.195645016626,10216,27004,13907.321925174336,0.32608695652173914,75444,1676.5333333333333,10138.173913043478,1918.7934554395586,7576,21224,10314.276522079144,0.32608695652173914,60004,1333.4222222222222,-6.978260869565218,1905.805895317784,-5861,4155,1884.98970704144,0.34782608695652173,63204,1404.5333333333333,285.2391304347826,1837.181853755397,-5696,4067,1839.3541813222994,0.2826086956521739,71867,1597.0444444444445,264.10869565217394,1376.7452798903953,-3359,3723,1387.0746273143095,0.3695652173913043,54191,1204.2444444444445,1365.2444444444445,1676.5333333333333,1333.4222222222222,1404.5333333333333,1597.0444444444445,1204.2444444444445,5.346481677791751,-0.49029873322196704,0.6690922602510639,0.6161029322630893,0.4203408672829841,0.6067875290871796,0.132257971095106,0.1344810393836739
12-31-2025,bad,3148,3712.5625,1068.9978970831767,1308,7080,3861.0906814007876,0.453125,65520,1040.0,12732.625,1223.8736772141876,9816,16880,12790.394911807845,0.265625,56696,899.936507936508,10732.0,1574.6388449620733,8476,21328,10845.117311490918,0.125,45992,730.031746031746,37.765625,1831.7758470184713,-7039,4289,1817.8010969644065,0.25,78983,1253.6984126984128,220.484375,2128.6232825742236,-4663,10608,2123.405986705086,0.265625,90227,1432.1746031746031,223.171875,1203.3539709968504,-2387,3629,1214.5947948287117,0.28125,58000,920.6349206349206,1040.0,899.936507936508,730.031746031746,1253.6984126984128,1432.1746031746031,920.6349206349206,5.333137996252039,-0.3206404418117827,-0.02597484168370327,0.3728453008170857,0.0999058322932493,0.47079989735804806,0.1660156704449198,0.11199462023613115
12-31-2025,bad,2251,3198.2608695652175,1201.481352974691,-136,6004,3411.8980564820645,0.45652173913043476,50280,1117.3333333333333,13497.217391304348,1348.9095169892437,10744,17728,13562.996667724123,0.30434782608695654,44300,984.4444444444445,9806.347826086956,852.679989924351,8244,12312,9842.546171110134,0.2826086956521739,35636,791.9111111111112,-154.08695652173913,2065.812638875365,-7521,4069,2049.0366347224694,0.32608695652173914,70708,1571.2888888888888,247.3913043478261,2002.7797180503444,-6558,3775,1996.2792019589626,0.34782608695652173,81550,1812.2222222222222,207.69565217391303,1387.9259165238086,-3293,4150,1388.3799598969579,0.34782608695652173,54502,1211.1555555555556,1117.3333333333333,984.4444444444445,791.9111111111112,1571.2888888888888,1812.2222222222222,1211.1555555555556,4.935396071908906,-0.34663782239004726,0.07422438784920674,0.7938623830965582,0.45025054968014305,0.6005562300517945,0.14718570318330348,0.14105902432351042
12-31-2025,good,3350,2978.5882352941176,1008.5387720781481,-1268,5056,3142.3208358304405,0.4264705882352941,58340,870.7462686567164,13012.64705882353,933.870420950117,9744,16016,13045.622723170178,0.3088235294117647,47764,712.8955223880597,10541.117647058823,567.0754912868847,8420,12616,10556.135979776378,0.39705882352941174,34444,514.0895522388059,21.470588235294116,1701.2913924742907,-5110,4473,1688.8720478821501,0.29411764705882354,71379,1065.358208955224,203.9558823529412,1435.2259007153837,-3644,3571,1439.1591754746732,0.2647058823529412,79991,1193.8955223880596,172.25,932.545295206587,-2162,2423,941.5529490593468,0.35294117647058826,47381,707.179104477612,870.7462686567164,712.8955223880597,514.0895522388059,1065.358208955224,1193.8955223880596,707.179104477612,6.571698335539515,-0.30871834605696824,0.1105043432606323,0.6546515540337402,0.3617401460161766,0.5374600925810179,0.11031739962924744,0.08919484845344877
12-31-2025,good,3596,2386.082191780822,667.08790344936,-12,4100,2476.347818976152,0.4383561643835616,46528,646.2222222222222,13459.342465753425,1126.530566473627,10524,20400,13505.7612222259,0.3561643835616438,48832,678.2222222222222,10305.04109589041,598.5237496066692,8860,14028,10322.17009147109,0.4383561643835616,32976,458.0,23.19178082191781,1477.3647584046234,-5850,4149,1467.39420985749,0.2328767123287671,60531,840.7083333333334,281.1506849315069,1194.7412629151233,-3439,2714,1219.3846303411933,0.273972602739726,64790,899.8611111111111,170.13698630136986,878.6214472916032,-2161,2712,889.0147540264517,0.3972602739726027,43821,608.625,646.2222222222222,678.2222222222222,458.0,840.7083333333334,899.8611111111111,608.625,7.356207351508777,-0.5902320581657023,0.4013696050704809,0.6634450206464998,0.25094360846925123,0.5925638547300764,0.0902862571155348,0.0861267297537455
12-31-2025,good,2797,2320.7017543859647,633.1161585170912,1148,4148,2404.0508503831757,0.43859649122807015,35724,637.9285714285714,13586.947368421053,714.4878390710727,11036,16060,13605.391418445954,0.2982456140350877,27448,490.14285714285717,9997.754385964912,499.978295268253,9144,12296,10010.029244397052,0.45614035087719296,26212,468.07142857142856,-7.649122807017544,1386.9907236690012,-5352,2899,1374.7915822905093,0.24561403508771928,50693,905.2321428571429,300.9824561403509,1182.676391121125,-2669,3034,1210.2788427436806,0.24561403508771928,53475,954.9107142857143,276.43859649122805,1062.5264537470493,-1815,3580,1088.8408531593457,0.21052631578947367,36813,657.375,637.9285714285714,490.14285714285717,468.07142857142856,905.2321428571429,954.9107142857143,657.375,7.082226416457652,-0.33236207909924576,0.1191727149821957,0.509786533811521,0.52246223372084,0.5718646015742638,0.08895582680655917,0.10877499220694398
12-31-2025,good,3101,2957.714285714286,727.8985091558689,784,5388,3044.5853472201984,0.36507936507936506,37688,607.8709677419355,13425.650793650793,913.3763341038417,10676,17620,13456.19238108706,0.47619047619047616,42864,691.3548387096774,10094.984126984127,512.4342756303073,8708,12060,10107.775488866644,0.5238095238095238,30080,485.16129032258067,67.41269841269842,1767.0414004215893,-5162,6150,1754.2569131858418,0.2222222222222222,69609,1122.725806451613,189.57142857142858,1337.8250007825739,-3661,3397,1340.6356405209137,0.30158730158730157,64338,1037.7096774193549,246.44444444444446,917.5627389602934,-1949,2836,943.023018116956,0.31746031746031744,41910,675.9677419354839,607.8709677419355,691.3548387096774,485.16129032258067,1122.725806451613,1037.7096774193549,675.9677419354839,6.589675474211702,-0.3175922627601611,0.1837079277456503,0.5512062249195511,0.1583722255128793,0.576189107068831,0.09962964280338125,0.09329679107557994
12-31-2025,good,3150,2571.9375,882.4581805820549,-888,4996,2716.8782177344647,0.359375,46008,730.2857142857143,13583.0625,909.2036612437544,11328,17108,13612.98357267796,0.296875,44636,708.5079365079365,9922.375,583.8111104616053,8736,11760,9939.267352275016,0.328125,24704,392.12698412698415,-188.78125,1759.284617134846,-8077,2906,1755.6651339307277,0.234375,62087,985.5079365079365,110.46875,1390.5756369872656,-4642,2820,1384.0844898343453,0.234375,64141,1018.1111111111111,-28.703125,1206.7706306132554,-4046,3300,1197.6496187846426,0.296875,50298,798.3809523809524,730.2857142857143,708.5079365079365,392.12698412698415,985.5079365079365,1018.1111111111111,798.3809523809524,6.056424061435686,-0.4688688526198009,-0.316204404582238,0.7290287036279115,0.0951621315065832,0.6462067831470655,0.10167385293188838,0.12049677065885683
12-31-2025,bad,2647,12690.148148148148,2828.9127947463357,7864,27784,12995.938157462608,0.6481481481481481,140440,2649.811320754717,10015.925925925925,1660.0916529807312,6600,16908,10150.056215863298,0.37037037037037035,91268,1722.0377358490566,5131.037037037037,1702.4696707238136,1324,9620,5401.135984765235,0.5,99084,1869.5094339622642,305.537037037037,1816.3612049656485,-4638,5393,1825.2192207249254,0.42592592592592593,97913,1847.4150943396226,239.05555555555554,2149.6976304856744,-6222,4823,2143.074820248977,0.5740740740740741,136467,2574.8490566037735,234.42592592592592,1449.7056122999702,-2552,5887,1455.2259274765552,0.5925925925925926,84095,1586.698113207547,2649.811320754717,1722.0377358490566,1869.5094339622642,1847.4150943396226,2574.8490566037735,1586.698113207547,5.263579837244279,0.49794791054024024,0.3813193170982286,0.2756703045742692,-0.5002838893364354,0.1404453605787891,0.21113920696207314,0.26942960357077145
12-31-2025,bad,2557,13710.134615384615,3066.407632040643,9172,32767,14042.429376303146,0.4423076923076923,124762,2446.3137254901962,9440.076923076924,2195.5749423101347,4780,17348,9687.254449493455,0.4807692307692308,122176,2395.607843137255,2321.6153846153848,2406.698529096395,-3576,11216,3327.2672547625903,0.40384615384615385,113796,2231.294117647059,309.71153846153845,1230.9246378954233,-2933,3647,1257.7594012920204,0.5384615384615384,59803,1172.6078431372548,142.42307692307693,2498.5827460912433,-7986,6135,2478.53666505057,0.5769230769230769,150754,2955.9607843137255,281.7307692307692,1498.000171671822,-4581,5434,1510.040664251234,0.46153846153846156,70468,1381.7254901960785,2446.3137254901962,2395.607843137255,2231.294117647059,1172.6078431372548,2955.9607843137255,1381.7254901960785,5.15730355575925,0.3470797640451458,0.3284646821544153,-0.15833785746842471,0.0361045282033612,0.08956850467234279,0.2558554312490797,0.4538381044191599
12-31-2025,bad,2400,13839.510204081633,2633.6501454132767,9592,27516,14082.847810332241,0.4897959183673469,113920,2373.3333333333335,9016.897959183674,1889.7545282048534,3608,13404,9208.84031343618,0.40816326530612246,98248,2046.8333333333333,2502.4489795918366,2932.9959445734585,-5516,11436,3832.64342090896,0.6122448979591837,170132,3544.4166666666665,281.9387755102041,2077.9625679192277,-7777,3458,2075.8846110435297,0.5714285714285714,100517,2094.1041666666665,418.7755102040816,2451.532031755059,-3674,7974,2462.2609487200657,0.5306122448979592,136539,2844.5625,404.18367346938777,1813.143203958591,-3381,8067,1839.5002371429528,0.32653061224489793,78214,1629.4583333333333,2373.3333333333335,2046.8333333333333,3544.4166666666665,2094.1041666666665,2844.5625,1629.4583333333333,4.253031981421874,-0.2252358108909534,-0.027239158068518832,-0.3476189692948928,-0.2240408776508245,0.1474051725087236,0.26738013307279507,0.47995600807203087
12-31-2025,bad,2449,13751.66,3104.85990094397,10424,32767,14090.972452602411,0.46,112022,2286.1632653061224,9632.64,2231.0836184807285,5224,20736,9882.60759111683,0.4,106448,2172.408163265306,2380.32,2477.609755306884,-1948,8068,3417.8505526134404,0.52,142448,2907.1020408163267,223.8,1866.1443280360777,-5864,3902,1860.895268412492,0.48,101180,2064.8979591836733,232.68,2050.889547568696,-4723,6030,2043.5667251156738,0.56,110383,2252.714285714286,648.12,2112.1297467103614,-6546,7241,2189.0476833545677,0.46,92359,1884.8775510204082,2286.1632653061224,2172.408163265306,2907.1020408163267,2064.8979591836733,2252.714285714286,1884.8775510204082,4.495181273897669,0.6260424909002592,0.4505919892648825,-0.25671807846937245,-0.16187586042911303,0.13206294132927263,0.20678416157551255,0.6404749561212527
12-31-2025,bad,2649,12231.333333333334,1545.212106097473,8216,15116,12326.758668005927,0.6481481481481481,102440,1932.8301886792453,10276.74074074074,1818.875136370032,6364,14236,10433.524911269156,0.5555555555555556,122916,2319.169811320755,3549.4814814814813,2960.3723678372567,-5396,15716,4604.381681253919,0.5,151960,2867.169811320755,195.24074074074073,1918.1489891882666,-4754,5396,1910.3087155977928,0.5555555555555556,120015,2264.433962264151,-145.6851851851852,2339.136922142673,-6467,6322,2321.9518728862577,0.42592592592592593,134847,2544.2830188679245,490.4074074074074,2219.5026939037452,-6535,8541,2252.8794579053383,0.35185185185185186,103697,1956.5471698113208,1932.8301886792453,2319.169811320755,2867.169811320755,2264.433962264151,2544.2830188679245,1956.5471698113208,4.2195951144562756,-0.2903213528728089,0.25412774388314185,-0.065970958035831,-0.4917133896390498,0.15497250874238513,0.22254721126469837,0.48929033546205003
12-31-2025,good,7100,12290.90909090909,472.7993188475305,10828,14168,12299.935864293531,0.5384615384615384,75088,528.7887323943662,9527.272727272728,490.91685107917766,7792,11256,9539.823880152908,0.3986013986013986,62192,437.9718309859155,6157.062937062937,751.8865588767244,3564,9156,6202.483698323763,0.4195804195804196,95944,675.6619718309859,276.7832167832168,770.3418222429713,-3636,2405,816.0181593344822,0.2517482517482518,76062,535.6478873239437,350.8181818181818,879.6753773559019,-1962,3981,944.1878924365511,0.40559440559440557,114640,807.3239436619718,32.69230769230769,559.410394223922,-1434,2817,558.4087970433351,0.3776223776223776,55785,392.8521126760563,528.7887323943662,437.9718309859155,675.6619718309859,535.6478873239437,807.3239436619718,392.8521126760563,12.094394825865669,-0.4238210626074951,0.2607533407327743,0.08857715761489304,-0.11474830974971166,0.06634328571070224,0.09897330435018932,0.09002986934156983
12-31-2025,good,7301,12711.78231292517,545.3375543442569,10136,13896,12723.394969009449,0.4013605442176871,83936,574.9041095890411,9308.462585034014,527.6600227589062,7700,11376,9323.304497242343,0.40816326530612246,71656,490.7945205479452,5449.088435374149,743.0203533889734,492,8828,5499.171608610917,0.4965986394557823,100368,687.4520547945206,193.41496598639455,926.0470330635038,-4791,2456,942.9415113767932,0.2925170068027211,105101,719.8698630136986,315.4013605442177,1079.8933144913287,-4391,3587,1121.478694663895,0.3741496598639456,133160,912.054794520548,73.18367346938776,590.0579843855162,-1306,3005,592.5839875603501,0.3741496598639456,65585,449.21232876712327,574.9041095890411,490.7945205479452,687.4520547945206,719.8698630136986,912.054794520548,449.21232876712327,10.36726668735984,-0.4734333655618437,0.3353173750188904,0.3710546024300706,-0.39273511053663224,0.07411084176820873,0.12028768285700843,0.10775877343501873
12-31-2025,good,6699,12817.511111111111,545.0741955064146,11780,15500,12829.009945345657,0.48148148148148145,77152,575.7611940298508,9413.925925925925,512.1864986481556,7804,10820,9427.745919673796,0.362962962962963,65136,486.089552238806,4991.437037037037,686.2109963078717,1372,6800,5038.039418780403,0.3925925925925926,77292,576.8059701492538,196.35555555555555,874.6620367930491,-3164,2820,893.2649476312539,0.2740740740740741,78875,588.6194029850747,343.1259259259259,947.5446307736141,-1975,4510,1004.4528637798568,0.3851851851851852,110738,826.4029850746268,95.70370370370371,568.7677577883727,-1280,2259,574.6822503687484,0.34814814814814815,54381,405.82835820895525,575.7611940298508,486.089552238806,576.8059701492538,588.6194029850747,826.4029850746268,405.82835820895525,11.0397971973479,-0.279333352190274,0.17197876142130764,0.30236524255130814,-0.27442592452371056,0.0696285178175967,0.10654220767418274,0.11406862917991965
12-31-2025,good,6848,12706.115942028986,559.4494044096942,10964,14860,12718.337075695646,0.572463768115942,84016,613.2554744525547,9537.507246376812,655.2759406091966,6072,11136,9559.828426087568,0.37681159420289856,82712,603.7372262773723,4954.521739130435,743.9656339424988,2844,8716,5009.666632433334,0.38405797101449274,93616,683.3284671532847,205.55797101449275,909.0857203695341,-3836,2626,928.8176643578589,0.42028985507246375,109456,798.948905109489,256.8478260869565,911.3108221843281,-2697,2610,943.631387593786,0.38405797101449274,116532,850.5985401459855,77.81159420289855,645.3793039724625,-2071,4295,647.7274655016703,0.36231884057971014,66398,484.6569343065693,613.2554744525547,603.7372262773723,683.3284671532847,798.948905109489,850.5985401459855,484.6569343065693,10.82774636395853,-0.47107451111321474,0.2823226491648409,0.4352245179951171,-0.45990725516680464,0.07302980403466199,0.09870798359937369,0.12929552261599403
12-31-2025,good,2899,12712.271186440677,1334.5746814481236,9484,16928,12780.952246956525,0.4406779661016949,86120,1484.8275862068965,9389.084745762711,1420.8071199162382,5832,13088,9494.176641589038,0.4576271186440678,92792,1599.8620689655172,4903.457627118644,2219.369709547362,-960,8908,5374.571036883639,0.423728813559322,146544,2526.6206896551726,366.35593220338984,1883.3047417872501,-6091,3808,1902.8761237592114,0.4067796610169492,109550,1888.7931034482758,250.45762711864407,2646.5562224692726,-9404,6342,2635.9576235630834,0.576271186440678,175020,3017.5862068965516,264.22033898305085,1815.2811320962685,-8845,6163,1819.122413674298,0.4915254237288136,91905,1584.5689655172414,1484.8275862068965,1599.8620689655172,2526.6206896551726,1888.7931034482758,3017.5862068965516,1584.5689655172414,4.348834628760062,-0.141805768533446,0.2192579090909325,-0.04690218007678765,-0.2021805236518151,0.14888375191789419,0.27763941232551836,0.33846839140312474
12-31-2025,bad,5202,-2291.885714285714,1189.8105158958142,-6044,704,2579.7106076162145,0.4857142857142857,132720,1276.1538461538462,13079.733333333334,1637.2481853747222,8288,19220,13180.837467431922,0.38095238095238093,158712,1526.076923076923,10934.55238095238,1009.2368973726213,8788,13704,10980.587157516191,0.4857142857142857,112876,1085.3461538461538,-27.704761904761906,1850.356160746282,-8390,5626,1841.732251363994,0.3523809523809524,160739,1545.5673076923076,348.32380952380953,1728.6091034703977,-8426,4822,1755.2666219938537,0.42857142857142855,157912,1518.3846153846155,69.53333333333333,1318.8360622057462,-4822,2702,1314.381379023535,0.3523809523809524,115213,1107.8173076923076,1276.1538461538462,1526.076923076923,1085.3461538461538,1545.5673076923076,1518.3846153846155,1107.8173076923076,5.444729150049747,-0.3833082576321112,-0.17987022260085628,0.7164247455445405,0.3102507595667268,0.7139297893386266,0.13316806509432452,0.11970046410534094
12-31-2025,bad,5303,-2019.4018691588785,1013.686387249324,-4996,548,2257.4190208098316,0.5233644859813084,119208,1124.6037735849056,13005.158878504673,1251.9351371884377,10000,17472,13064.717792231648,0.4485981308411215,129304,1219.8490566037735,11007.289719626167,841.2057497330145,8988,13884,11039.086952627176,0.38317757009345793,87512,825.5849056603773,46.504672897196265,1386.6796529420985,-6993,3503,1380.9678848783633,0.3364485981308411,117540,1108.867924528302,339.67289719626166,1534.587534625614,-4508,4730,1564.7132698428904,0.42990654205607476,148597,1401.8584905660377,74.34579439252336,1338.4677039034311,-4902,3765,1334.2713892559175,0.38317757009345793,117811,1111.4245283018868,1124.6037735849056,1219.8490566037735,825.5849056603773,1108.867924528302,1401.8584905660377,1111.4245283018868,6.159232722476193,-0.29783038714392795,-0.3907150398201714,0.6822009026304686,0.36647286088055997,0.6117463667738591,0.11976632749415461,0.12086791188989668
12-31-2025,bad,4950,-2534.48,1131.251818280809,-7964,-76,2773.179085454093,0.38,108596,1096.9292929292928,12513.64,1439.2249423726212,8996,20104,12595.310270096565,0.48,125640,1269.090909090909,11453.92,892.3874648798848,9792,15828,11488.284258321606,0.46,89624,905.2929292929293,-115.55,1837.109930424591,-8057,6127,1831.5498819306015,0.33,149571,1510.8181818181818,372.79,1895.9862245109675,-5788,6693,1922.963470791892,0.4,168325,1700.2525252525252,82.31,1432.8694576713096,-4908,4049,1428.0611576539711,0.34,115858,1170.2828282828282,1096.9292929292928,1269.090909090909,905.2929292929293,1510.8181818181818,1700.2525252525252,1170.2828282828282,5.182129760974578,-0.33578727211921966,0.08692105764964134,0.751389044434383,0.49216562432029987,0.6604513537827449,0.1526729734641524,0.12430586895473454
12-31-2025,bad,4947,-1241.72,1014.6772993509718,-3664,1696,1600.357110147607,0.36,94844,958.020202020202,13215.72,1440.4907418563082,9552,16464,13293.213251881578,0.42,131128,1324.5252525252524,10777.8,761.0558057028009,8476,12472,10804.36887189622,0.44,76896,776.7272727272727,-17.01,1793.0374065571336,-6464,5332,1784.1307827622952,0.36,150959,1524.8383838383838,387.5,1599.6600996284913,-5238,4502,1638.1329494274878,0.42,146662,1481.4343434343434,71.21,1264.897762427438,-4422,3582,1260.5703272725407,0.33,105330,1063.939393939394,958.020202020202,1324.5252525252524,776.7272727272727,1524.8383838383838,1481.4343434343434,1063.939393939394,5.487689485069714,-0.23286992447270383,-0.3602875166056313,0.6865441323610121,0.5321152570601396,1.114832914687963,0.12323077334762449,0.11667227786296712
12-31-2025,bad,4651,-1989.872340425532,988.4763471647367,-5464,-344,2219.5231230192267,0.48936170212765956,98288,1056.8602150537633,13122.04255319149,1511.7446157059703,9212,18168,13207.916568676013,0.43617021276595747,140368,1509.3333333333333,10953.872340425532,867.5535648182607,9068,14420,10987.809678544441,0.4787234042553192,84372,907.2258064516129,-49.319148936170215,1441.1231448263215,-3419,4367,1434.285291660045,0.3829787234042553,115978,1247.0752688172042,379.8404255319149,1597.145096142849,-3769,3868,1633.4057260697498,0.44680851063829785,146256,1572.6451612903227,114.15957446808511,1254.1629715505155,-4112,2749,1252.6866829067494,0.3617021276595745,102164,1098.5376344086021,1056.8602150537633,1509.3333333333333,907.2258064516129,1247.0752688172042,1572.6451612903227,1098.5376344086021,6.114106495881986,-0.2434147670572815,0.02631878421864213,0.5858211311324679,0.47130446469386716,0.6462132681288616,0.12366868896036771,0.11400695128882922
12-31-2025,bad,4399,-1783.685393258427,1280.0398040287087,-4872,1804,2191.2611319317025,0.4606741573033708,115956,1317.6818181818182,12823.056179775282,1813.360719515203,9272,22536,12949.212329522448,0.43820224719101125,142320,1617.2727272727273,11420.224719101123,1196.1011449402918,9652,17772,11481.990932555247,0.39325842696629215,96560,1097.2727272727273,-250.86516853932585,1698.209800663168,-6807,5964,1707.1749480855167,0.38202247191011235,119585,1358.9204545454545,248.73033707865167,2089.02472223091,-7655,4770,2092.093948628417,0.3707865168539326,154345,1753.9204545454545,70.75280898876404,1296.943997887647,-3140,3442,1291.5765951439332,0.3258426966292135,91949,1044.875,1317.6818181818182,1617.2727272727273,1097.2727272727273,1358.9204545454545,1753.9204545454545,1044.875,5.229477977942764,-0.2972979513235709,0.35607812306627046,0.6889406102782687,0.5376215451857782,0.7790832970242466,0.1615614830638899,0.11248716382185937
12-31-2025,good,8299,-2255.7604790419164,753.8905613075977,-7840,1056,2377.688587255293,0.41317365269461076,103132,621.277108433735,12927.017964071856,1246.716629830947,4528,16720,12986.63884917119,0.32335329341317365,137248,826.7951807228916,11093.964071856288,723.9587112321132,6620,14540,11117.419512762595,0.38323353293413176,92428,556.7951807228916,1.0239520958083832,1777.8723372659838,-6797,5302,1772.541669484777,0.25149700598802394,161379,972.1626506024096,241.16167664670658,1198.7697675662773,-4397,3878,1219.2632309502758,0.31736526946107785,148261,893.1385542168674,1.1497005988023952,790.1791365356181,-2491,1740,787.8106173835661,0.3532934131736527,108479,653.4879518072289,621.277108433735,826.7951807228916,556.7951807228916,972.1626506024096,893.1385542168674,653.4879518072289,7.006465821017263,-0.5149806190677145,0.13258356942436336,0.7097630760628107,0.5126843438720695,0.7454894128021355,0.09388597350069557,0.07086272281155812
12-31-2025,good,8844,-2601.3483146067415,681.161107420763,-4848,20,2688.5659516561045,0.398876404494382,102548,579.367231638418,13007.752808988764,888.6715188948557,8376,15624,13037.903722728823,0.33146067415730335,120052,678.2598870056497,10855.32584269663,651.6539890733998,8680,13056,10874.758221773138,0.4101123595505618,109852,620.632768361582,18.03932584269663,1519.7734084836484,-6570,4974,1515.605728650793,0.2247191011235955,154268,871.5706214689266,237.98876404494382,1043.6329256442896,-3704,3684,1067.562365622909,0.3089887640449438,135547,765.8022598870057,42.061797752808985,778.201317105524,-2641,1888,777.1513705894038,0.30337078651685395,97005,548.0508474576271,579.367231638418,678.2598870056497,620.632768361582,871.5706214689266,765.8022598870057,548.0508474576271,7.91627943902217,-0.39475202267077597,-0.10702433795431135,0.6414325174723156,0.35552784319401215,0.563722726293356,0.08188144261872089,0.07146378380734471
12-31-2025,good,7993,-2420.6211180124224,571.1084938969498,-4844,-968,2486.6736094130956,0.37267080745341613,78316,489.475,13065.664596273293,714.7926355253265,9608,15176,13085.081061464358,0.2981366459627329,79076,494.225,10778.434782608696,498.8924080226203,8936,12400,10789.902876047317,0.32298136645962733,66932,418.325,21.062111801242235,1168.0715875399128,-4487,3493,1164.628853523571,0.20496894409937888,106468,665.425,315.9130434782609,996.072063101513,-3594,2731,1042.0163742588704,0.32919254658385094,116016,725.1,14.434782608695652,774.8330609122256,-3737,1693,772.5578633176373,0.2919254658385093,77823,486.39375,489.475,494.225,418.325,665.425,725.1,486.39375,8.848560078642405,-0.3403918194234539,-0.27834350124449625,0.6686931015345036,0.6170302476932112,0.46834809709107683,0.07963392578804734,0.07160007574869381
12-31-2025,good,7794,-2726.063694267516,562.6666554433481,-4372,-1176,2783.1637590257137,0.40764331210191085,82448,528.5128205128206,12941.350318471337,736.919653156456,10616,15540,12962.18113280883,0.34394904458598724,87688,562.1025641025641,10890.420382165605,468.6306857024029,9156,12560,10900.434486753269,0.43312101910828027,71220,456.53846153846155,22.248407643312103,1104.572748681072,-4224,3329,1101.2741404773274,0.24203821656050956,111321,713.5961538461538,366.85350318471336,1007.265432484424,-2544,2640,1068.972791059472,0.3630573248407643,126147,808.6346153846154,76.05732484076434,731.548657985571,-1996,2569,733.1708336653741,0.2929936305732484,85891,550.5833333333334,528.5128205128206,562.1025641025641,456.53846153846155,713.5961538461538,808.6346153846154,550.5833333333334,9.177383871092697,-0.12343992335692115,-0.14177382935616198,0.6225319017739293,0.39293316361852265,0.3956914631811506,0.08246858919995381,0.06726069813906022
12-31-2025,good,8750,-2269.0454545454545,595.7679300646406,-4668,-424,2345.525527467139,0.4375,88540,505.9428571428571,13008.0,702.0269754686883,10752,15912,13026.822545669516,0.38636363636363635,100644,575.1085714285714,10957.045454545454,508.478962263863,9600,12956,10968.770528600318,0.4034090909090909,87028,497.30285714285714,61.77272727272727,998.1377257074895,-4857,3926,997.2131736175388,0.2556818181818182,114389,653.6514285714286,267.7556818181818,1029.5529806510847,-4647,2430,1060.9664628192886,0.375,133849,764.8514285714285,60.95454545454545,799.0638581181415,-2445,2598,799.1186693647401,0.26704545454545453,95583,546.1885714285714,505.9428571428571,575.1085714285714,497.30285714285714,653.6514285714286,764.8514285714285,546.1885714285714,9.218889934955014,-0.28749519744270347,0.048675119010452975,0.5214717289406412,0.44199241589333343,0.425155540417095,0.08144476206828649,0.07285398734600554
12-31-2025,bad,2907,13203.525423728814,1775.349847562176,9560,18796,13320.342684043042,0.559322033898305,119232,2055.7241379310344,9618.033898305084,2526.1311700872275,944,17120,9938.80055512617,0.4406779661016949,156236,2693.7241379310344,3149.084745762712,2904.084052218445,-4268,8848,4267.024112852073,0.559322033898305,206212,3555.3793103448274,274.1525423728813,1984.267829996046,-4408,4624,1986.3897453266775,0.4406779661016949,125672,2166.7586206896553,318.1694915254237,2683.2186998951424,-5966,5850,2679.340634799565,0.6779661016949152,213887,3687.706896551724,271.6949152542373,1971.8216350600633,-3611,6230,1973.8285176147274,0.5084745762711864,119864,2066.6206896551726,2055.7241379310344,2693.7241379310344,3555.3793103448274,2166.7586206896553,3687.706896551724,2066.6206896551726,4.145782539445648,-0.05922722048092928,0.4096490978049763,-0.16140836675384324,-0.3697236512344562,0.14912452271645585,0.26958390196773274,0.46257730562315613
12-31-2025,bad,2500,13067.764705882353,1991.691769207628,7496,17324,13215.730377537395,0.5686274509803921,118880,2377.6,9280.549019607843,2284.080841946935,3536,13608,9552.136974746212,0.49019607843137253,129452,2589.04,2665.9607843137255,2669.9792805247334,-5936,7996,3754.5114300573614,0.5882352941176471,157116,3142.32,434.27450980392155,1770.663469758513,-4585,3767,1806.202646438101,0.5098039215686274,99919,1998.38,167.47058823529412,3207.4407265166487,-5844,6271,3180.252077196052,0.6470588235294118,204907,4098.14,267.01960784313724,1745.4000399930794,-6065,5162,1748.710101648596,0.45098039215686275,86931,1738.62,2377.6,2589.04,3142.32,1998.38,4098.14,1738.62,3.9378960228029216,-0.2111092218644742,0.33160940759275165,-0.23281775009209915,-0.14593486238896825,0.136670664027121,0.33293618854828144,0.46576235916696007
12-31-2025,bad,2105,13617.488372093023,2025.6610957565365,8588,17564,13763.860896953938,0.627906976744186,109504,2607.2380952380954,8831.53488372093,2683.6651851777456,1328,14348,9221.202605320635,0.627906976744186,138876,3306.5714285714284,3430.4186046511627,3139.5428407921804,-5548,12484,4625.502652760852,0.5116279069767442,146056,3477.5238095238096,389.09302325581393,1773.0947899076873,-3585,5963,1795.0335295177701,0.4883720930232558,80773,1923.1666666666667,59.86046511627907,2841.2190842714595,-6622,6367,2808.6252865058377,0.5116279069767442,146804,3495.3333333333335,625.1162790697674,2098.4296079427077,-5439,5904,2166.049946814021,0.5116279069767442,100523,2393.404761904762,2607.2380952380954,3306.5714285714284,3477.5238095238096,1923.1666666666667,3495.3333333333335,2393.404761904762,4.078545638850124,-0.3968883825034339,0.12160864617794623,-0.175512981154537,0.05103650539724496,0.1304164247827156,0.3045834048349265,0.4682842296183472
12-31-2025,bad,2643,12906.296296296296,1641.3081946415014,9248,17808,13008.323865040331,0.4444444444444444,91992,1735.698113207547,9775.037037037036,2883.2812476966856,1868,17364,10183.84552267117,0.48148148148148145,166088,3133.735849056604,2536.0,2113.767984983125,-2656,7832,3288.8554352652955,0.6851851851851852,140760,2655.8490566037735,244.87037037037038,1529.7424502219912,-3328,3979,1535.1671099771372,0.4074074074074074,81338,1534.6792452830189,237.27777777777777,2809.3265654907987,-7427,6852,2793.28883218331,0.5370370370370371,177431,3347.754716981132,323.55555555555554,1850.6376531537558,-3186,6599,1861.7530965712378,0.46296296296296297,99312,1873.811320754717,1735.698113207547,3133.735849056604,2655.8490566037735,1534.6792452830189,3347.754716981132,1873.811320754717,4.277888622663479,-0.5438199901489932,0.19783749824721578,-0.09630297447734133,-0.1688271148260635,0.11801421349793272,0.27428625323220324,0.5660793344828123
12-31-2025,bad,2300,12552.765957446809,1758.946648877822,8436,17052,12672.80548965869,0.46808510638297873,96044,2087.913043478261,9932.595744680852,2576.3244433442005,3636,17364,10254.398255113174,0.5531914893617021,145776,3169.0434782608695,2562.553191489362,2900.110513700189,-4528,10036,3846.8649628695302,0.46808510638297873,163904,3563.1304347826085,464.21276595744683,2028.1795321460318,-3876,7662,2059.486385051566,0.5106382978723404,108068,2349.304347826087,-347.02127659574467,3661.817530949931,-10702,7358,3639.235563873504,0.574468085106383,201751,4385.891304347826,340.93617021276594,1836.61742962265,-3868,6188,1848.6837525713468,0.40425531914893614,86107,1871.891304347826,2087.913043478261,3169.0434782608695,3563.1304347826085,2349.304347826087,4385.891304347826,1871.891304347826,3.547453226051631,-0.45011786009084204,0.266619240161574,-0.2945648959012134,-0.06011981665833757,0.16251226980242406,0.3548950872572136,0.4805689229891165
12-31-2025,good,6949,12750.628571428571,926.3892957258058,9580,16204,12783.997657786304,0.45,130116,936.0863309352518,9910.828571428572,1164.0911726194845,6712,15476,9978.474426770572,0.3142857142857143,134024,964.2014388489208,3188.6285714285714,1387.1015499844154,-4396,7248,3475.2927440926264,0.42142857142857143,181164,1303.3381294964029,197.45714285714286,1225.4529004003753,-3579,3709,1236.9306597957936,0.4714285714285714,146730,1055.611510791367,249.99285714285713,1658.84862773334,-3957,7816,1671.7115886761944,0.5,224893,1617.9352517985612,-14.4,1481.6404810573697,-4714,7706,1476.4096508567184,0.38571428571428573,148913,1071.31654676259,936.0863309352518,964.2014388489208,1303.3381294964029,1055.611510791367,1617.9352517985612,1071.31654676259,5.983455937359077,-0.21687381675499603,0.14294658535542562,-0.09951875674877111,-0.24549075236592285,0.09675617070734244,0.16753178061204838,0.42483029751709966
12-31-2025,good,6660,12695.074626865671,944.851522941036,10188,15336,12729.92544795325,0.3656716417910448,110424,830.2556390977444,9890.477611940298,1212.0776465637496,3676,13144,9963.920711261131,0.3208955223880597,139008,1045.172932330827,3996.716417910448,1562.0555457470462,-4784,7716,4289.00344685851,0.3805970149253731,207676,1561.4736842105262,144.76865671641792,1089.6690186189712,-2704,3610,1095.2056884439562,0.44776119402985076,143746,1080.796992481203,238.29850746268656,1295.2932319902939,-3179,4497,1312.2690102352797,0.5149253731343284,189505,1424.8496240601503,206.6492537313433,1379.2040488567663,-2476,8467,1389.5006914866185,0.30597014925373134,123745,930.4135338345865,830.2556390977444,1045.172932330827,1561.4736842105262,1080.796992481203,1424.8496240601503,930.4135338345865,7.106406238199994,-0.49622935973155674,0.24594475995473852,-0.07629804277846772,-0.22973233447586552,0.08603394362643438,0.13170207272127962,0.3239681917673424
12-31-2025,good,6050,12434.524590163934,1013.6798132808685,9548,18932,12475.43690749093,0.36885245901639346,108520,896.8595041322315,10256.196721311475,1125.1932553154338,5828,13988,10317.230903115269,0.38524590163934425,131952,1090.5123966942149,4278.852459016393,1420.16136710948,-1076,8072,4506.54025269722,0.4672131147540984,174336,1440.793388429752,240.9262295081967,1280.8162374760714,-3511,4585,1298.1097954270303,0.45901639344262296,139959,1156.685950413223,304.9344262295082,1347.1319503049108,-2885,3714,1375.8177121440108,0.5,178472,1474.9752066115702,197.15573770491804,1182.9201577081444,-2412,7240,1194.445817722767,0.39344262295081966,108171,893.9752066115702,896.8595041322315,1090.5123966942149,1440.793388429752,1156.685950413223,1474.9752066115702,893.9752066115702,7.0570252043016,-0.5326122896108173,0.26970030562611746,-0.06099858226138807,-0.3432532173039781,0.104053253200577,0.133351451075427,0.26504718708388975
12-31-2025,good,6650,12331.283582089553,1004.9033291473529,9876,16800,12371.857153751647,0.43283582089552236,129084,970.5563909774436,10383.223880597016,991.0861031143215,6892,13620,10430.06517631072,0.44029850746268656,131136,985.984962406015,3950.0,1460.6956216981416,-1056,8300,4209.537869484829,0.39552238805970147,182132,1369.4135338345864,264.25373134328356,1196.080061736553,-2247,6468,1220.5578122867955,0.373134328358209,136196,1024.03007518797,214.455223880597,1419.2655922301137,-4241,3570,1430.130645842926,0.40298507462686567,185695,1396.203007518797,88.52985074626865,1156.8514938407095,-2656,7766,1155.9219522534784,0.30597014925373134,116225,873.8721804511279,970.5563909774436,985.984962406015,1369.4135338345864,1024.03007518797,1396.203007518797,873.8721804511279,7.095935039417942,-0.4409231012302757,0.1870110927316626,0.050014979211127,-0.33990158172035656,0.09865598972083323,0.13711617535756088,0.274595926635611
12-31-2025,good,6149,11859.161290322581,763.6998983563774,9916,13644,11883.528117361824,0.3629032258064516,92524,752.2276422764228,10705.709677419354,902.5502690699666,8020,14208,10743.381560516164,0.3387096774193548,103484,841.3333333333334,4183.1612903225805,1443.4024188976623,-488,9456,4423.28466479453,0.4112903225806452,176044,1431.2520325203252,201.94354838709677,1302.725649835193,-3514,6669,1313.0838025734097,0.4032258064516129,137738,1119.821138211382,286.86290322580646,1189.936866089671,-2154,3400,1219.3527467339966,0.45161290322580644,144262,1172.861788617886,216.7016129032258,1080.4324787489447,-2235,4616,1097.6702344276205,0.3225806451612903,109243,888.1544715447154,752.2276422764228,841.3333333333334,1431.2520325203252,1119.821138211382,1172.861788617886,888.1544715447154,7.451624964979369,-0.5694517324235505,0.09729763454675246,0.14185650679407869,-0.34088591062644386,0.11049612450905882,0.11349803967698928,0.24815726713588127
12-31-2025,bad,16868,3881.105105105105,1454.865879341271,-656,10600,4144.062656778166,0.47147147147147145,501676,1511.0722891566265,12718.198198198199,1787.7076717504174,7968,20472,12842.85275298424,0.4594594594594595,619924,1867.2409638554218,10635.531531531531,1555.4624529466676,6600,22228,10748.336091914169,0.4954954954954955,526124,1584.710843373494,98.29729729729729,2319.5887252095317,-8527,6697,2318.1882105600444,0.3663663663663664,680177,2048.725903614458,305.57957957957956,1323.1397229048557,-4705,4801,1356.0310661088308,0.45645645645645644,412486,1242.4277108433735,63.129129129129126,1606.5648561106714,-4039,7798,1605.3924819249096,0.4264264264264264,462942,1394.4036144578313,1511.0722891566265,1867.2409638554218,1584.710843373494,2048.725903614458,1242.4277108433735,1394.4036144578313,5.253274817277575,-0.02912151779674936,0.23078166068775693,0.24026786060900912,-0.10770176807907457,0.5593998937754812,0.10558643722580632,0.14936195407801428
12-31-2025,bad,17801,3854.6666666666665,1929.098029129808,-4300,9760,4309.228489378286,0.47619047619047616,739624,2077.5955056179773,12398.677871148459,2225.2266946472523,4292,20368,12596.22866862415,0.47619047619047616,852220,2393.876404494382,10928.011204481792,1811.0462926251803,4932,21096,11076.647967507068,0.5070028011204482,671944,1887.4831460674156,30.857142857142858,2756.5768625593287,-15396,9555,2752.8863477625587,0.4481792717086835,945984,2657.258426966292,303.406162464986,1714.5310625194109,-8439,5763,1738.803566575953,0.4733893557422969,617938,1735.7808988764045,26.51260504201681,1925.6348064589724,-6260,8561,1923.1187111124505,0.4117647058823529,649688,1824.9662921348315,2077.5955056179773,2393.876404494382,1887.4831460674156,2657.258426966292,1735.7808988764045,1824.9662921348315,4.36211066533263,-0.1629533941983175,0.1018725209374221,0.45993660285441346,-0.0436423734825892,0.6388350847278688,0.13804160056010129,0.17361919567907438
12-31-2025,bad,16652,4138.323353293413,2099.6752652381715,-3492,13900,4639.090092488778,0.45209580838323354,731736,2197.4054054054054,12211.34131736527,2280.130420832428,4760,20720,12421.766607560077,0.5209580838323353,850152,2553.009009009009,10981.808383233532,1957.119053660196,6224,20948,11154.324827048269,0.48502994011976047,662492,1989.4654654654655,15.410179640718562,2422.3682966429255,-15671,6607,2418.7883683072982,0.4281437125748503,747849,2245.7927927927926,244.50299401197606,1750.2410760564767,-7476,4613,1764.6398641930882,0.4251497005988024,523840,1573.093093093093,97.84131736526946,2036.7047036375402,-7476,15568,2036.005725525166,0.44011976047904194,606100,1820.1201201201202,2197.4054054054054,2553.009009009009,1989.4654654654655,2245.7927927927926,1573.093093093093,1820.1201201201202,4.536615665184717,-0.07482718445005802,0.19173767083233664,0.3750195571665543,-0.1382728268519011,0.5213928420364594,0.1420602978466075,0.1825306109434341
12-31-2025,bad,18847,4316.063492063492,1732.2884195109825,-2016,12764,4649.869734762959,0.4708994708994709,673116,1785.4535809018569,12507.20634920635,2439.1834274713387,700,23760,12742.216711787582,0.5026455026455027,956112,2536.106100795756,10714.878306878307,2073.143527580099,2560,28572,10913.073400633712,0.49206349206349204,765364,2030.1432360742706,62.576719576719576,2387.5098434811075,-8325,9282,2385.170684828907,0.41534391534391535,842804,2235.554376657825,253.82539682539684,1883.5392404270801,-7298,4457,1898.0942809752362,0.42328042328042326,610126,1618.371352785146,14.828042328042327,2067.100498688534,-8454,10894,2064.4176811958046,0.42063492063492064,698147,1851.8488063660477,1785.4535809018569,2536.106100795756,2030.1432360742706,2235.554376657825,1618.371352785146,1851.8488063660477,4.459132791728766,-0.11843550415418645,0.244240745258437,0.2788373013797464,-0.037071878871591864,0.5129543020278919,0.14896107355248356,0.18916922898060565
12-31-2025,bad,16701,4455.43880597015,1722.0682232581426,-3876,11000,4775.730480657446,0.46567164179104475,595020,1781.497005988024,12689.253731343284,2301.819120125419,6416,30292,12895.724697998448,0.5223880597014925,813824,2436.5988023952095,10535.832835820895,1810.5130832631626,6080,23820,10689.805714833901,0.4626865671641791,611408,1830.562874251497,70.20597014925373,2274.380775626434,-9912,6016,2272.068566996676,0.42388059701492536,713865,2137.320359281437,358.9432835820896,1552.3733827684973,-7824,4790,1591.07189627134,0.4059701492537313,456032,1365.3652694610778,75.6268656716418,1825.8830300421316,-6091,12947,1824.7236707586346,0.41194029850746267,586343,1755.5179640718563,1781.497005988024,2436.5988023952095,1830.562874251497,2137.320359281437,1365.3652694610778,1755.5179640718563,4.986276081884102,0.026140497957328486,0.20988938403873283,0.22655983679540928,-0.06794953387306865,0.4757530969813315,0.12337979705746287,0.17069755234707645
12-31-2025,good,22051,2863.6923076923076,1182.7407869251574,-2144,6792,3097.8128615019464,0.38687782805429866,494884,1122.1859410430839,13403.239819004524,1556.1663696471624,4780,21200,13493.072762017033,0.46153846153846156,681888,1546.2312925170068,10273.556561085972,1095.7643964100348,7712,17608,10331.69625527736,0.4796380090497738,493476,1118.9931972789116,25.38235294117647,1977.9695505283003,-11226,6934,1975.8937991273378,0.3167420814479638,702191,1592.2698412698412,297.00452488687785,1421.8168489319983,-9361,4009,1450.9311380698996,0.40271493212669685,530943,1203.952380952381,-32.165158371040725,1355.579735527526,-5549,8660,1354.4273914918915,0.4411764705882353,501261,1136.6462585034014,1122.1859410430839,1546.2312925170068,1118.9931972789116,1592.2698412698412,1203.952380952381,1136.6462585034014,5.630864054511594,-0.2576148868226488,0.20137858143707033,0.4673213877398529,-0.0194339345083915,0.6378351071638035,0.10753155812267874,0.13109438739732257
12-31-2025,good,24332,3435.860369609856,1034.6469771349614,252,8452,3587.9566199113256,0.3921971252566735,458368,943.1440329218107,13361.199178644763,1189.912999274714,9116,18364,13413.971412655845,0.4127310061601643,556328,1144.7078189300412,9895.811088295688,834.8478073027911,6428,13656,9930.892044772621,0.48459958932238195,418328,860.7572016460905,64.50718685831622,1623.5421961896539,-7732,5011,1623.1567811967423,0.33059548254620125,646772,1330.80658436214,281.1088295687885,1124.5865607307421,-5418,3845,1158.0674406636501,0.3839835728952772,467782,962.5144032921811,34.558521560574945,1111.1382867807556,-4535,6991,1110.5347417937928,0.4455852156057495,492290,1012.9423868312757,943.1440329218107,1144.7078189300412,860.7572016460905,1330.80658436214,962.5144032921811,1012.9423868312757,6.920474860326555,-0.23953853523551447,-0.02742857500068393,0.29576572091320724,0.11269060183055828,0.4523903025294847,0.08633292892548593,0.11182628274229653
12-31-2025,good,23199,3428.1290322580644,974.1166204368684,120,7024,3563.5559768298854,0.421505376344086,444872,958.7758620689655,13339.741935483871,1193.6340059481083,9088,18636,13392.923991453854,0.443010752688172,538484,1160.5258620689656,9872.025806451613,980.8916594652306,4132,15680,9920.532890646984,0.4043010752688172,407704,878.6724137931035,72.46451612903226,1756.7013315423003,-7347,5918,1756.3069538463465,0.2989247311827957,645575,1391.3254310344828,297.7956989247312,1135.8239675787304,-3863,3720,1173.0319532906426,0.4,459905,991.1745689655172,32.111827956989245,1171.7082156577935,-3853,5679,1170.8880555841695,0.42795698924731185,501852,1081.5775862068965,958.7758620689655,1160.5258620689656,878.6724137931035,1391.3254310344828,991.1745689655172,1081.5775862068965,6.555006124475241,-0.19322059673204278,0.11822603708486201,0.3805596571070407,-0.06551406484174623,0.4928523544383587,0.08758594866599549,0.11802672985138214
12-31-2025,good,24524,3742.9182389937105,945.6305906057233,412,7596,3860.28230683581,0.45073375262054505,443808,932.3697478991596,13238.004192872117,1112.9814188196697,9112,18712,13284.610861287923,0.42348008385744235,493496,1036.7563025210084,9995.303983228512,787.0148377756664,6420,13156,10026.175519885714,0.4779874213836478,394608,829.0084033613446,49.0062893081761,1712.4922590643496,-9457,5466,1711.3980492623182,0.2746331236897275,609629,1280.7331932773109,307.7316561844864,1153.6990287110073,-3902,4004,1192.866220372804,0.38784067085953877,468356,983.9411764705883,25.21802935010482,1121.6526441122526,-4907,5861,1120.760039921996,0.4088050314465409,468656,984.5714285714286,932.3697478991596,1036.7563025210084,829.0084033613446,1280.7331932773109,983.9411764705883,984.5714285714286,6.750535299064716,-0.18574598747541687,-0.035061064901177275,0.22576517855074665,0.008196807691633511,0.4433349462002895,0.08979308710946798,0.11178340510669495
12-31-2025,good,24773,3807.744874715262,880.1545363297544,804,6612,3907.91868006779,0.4214123006833713,378288,863.6712328767123,13164.009111617312,1103.9953179326646,9964,18236,13210.116018796667,0.42596810933940776,462012,1054.8219178082193,10098.933940774488,845.8172523620802,7604,15188,10134.211559673435,0.4396355353075171,346432,790.9406392694063,82.32574031890661,1750.9043497726593,-10168,4952,1750.8455887445996,0.3325740318906606,575843,1314.7100456621004,348.03416856492026,1039.8779065225297,-3345,4218,1095.4499715144987,0.33712984054669703,379446,866.3150684931506,65.8997722095672,1087.821086373514,-4260,5055,1088.577938003091,0.3917995444191344,415377,948.3493150684932,863.6712328767123,1054.8219178082193,790.9406392694063,1314.7100456621004,866.3150684931506,948.3493150684932,6.925825255538161,-0.11352283052903638,0.059336067246172665,0.22315534661572356,-0.12622292629414356,0.44802508230959476,0.08292508331288373,0.10741614495471942
12-31-2025,bad,17997,6192.0664819944595,1236.9081507313488,2852,12176,6314.062956997716,0.43490304709141275,436608,1212.8,12838.747922437673,1627.9348011624882,6536,24248,12941.262640748857,0.4293628808864266,540412,1501.1444444444444,8945.783933518005,1391.5370749510676,3428,18512,9053.069186485369,0.3767313019390582,444316,1234.2111111111112,62.54847645429363,2346.0582020118,-11871,5610,2343.641374435679,0.33518005540166207,684038,1900.1055555555556,356.6204986149584,1598.8609044221923,-4166,4981,1635.9868742235003,0.33518005540166207,471072,1308.5333333333333,58.714681440443215,1727.6168023000391,-5586,7837,1726.2211543380558,0.38227146814404434,578419,1606.7194444444444,1212.8,1501.1444444444444,1234.2111111111112,1900.1055555555556,1308.5333333333333,1606.7194444444444,4.961293714552032,0.026449662559138706,0.05940864569470662,0.05757837114929348,-0.09081349923699733,0.3711780180251612,0.1264163257876989,0.19067800307152416
12-31-2025,bad,16357,6378.5,1424.3873107442282,804,12352,6535.132428165364,0.4573170731707317,475592,1454.4097859327217,12672.378048780487,1498.9066607841096,8308,18120,12760.448143747471,0.4054878048780488,489784,1497.8103975535169,9126.19512195122,1363.3167546215332,3824,15104,9227.155759747104,0.4176829268292683,439912,1345.296636085627,34.18292682926829,2582.3070375461193,-10273,7107,2578.594170539727,0.35365853658536583,688112,2104.3180428134556,276.8993902439024,1690.5367420098428,-3747,7385,1710.5188085818277,0.32621951219512196,464279,1419.8134556574923,47.551829268292686,1965.434507849336,-6196,9696,1963.0121616921326,0.39939024390243905,584047,1786.0764525993884,1454.4097859327217,1497.8103975535169,1345.296636085627,2104.3180428134556,1419.8134556574923,1786.0764525993884,4.562086600106942,-0.25599314202411183,-0.24672883672425813,0.03648112571418042,-0.05634728007208882,0.3945741266132311,0.13404849023942167,0.21274293103871822
12-31-2025,bad,15656,7672.573248407643,1510.5951610619964,2956,14728,7819.399644636906,0.4299363057324841,463420,1480.5750798722045,12203.15923566879,1728.5251262111244,5756,20220,12324.584340221607,0.4745222929936306,522880,1670.5431309904154,8873.133757961783,1367.3015382236076,4096,14600,8977.530970064729,0.4140127388535032,409124,1307.1054313099041,51.95859872611465,2682.229442278953,-10575,9120,2678.4589821590102,0.3535031847133758,702766,2245.258785942492,341.79936305732485,1499.1661775756595,-3774,6279,1535.3072629671708,0.42356687898089174,435639,1391.817891373802,94.45859872611464,2239.164954434719,-7228,9694,2237.591207976278,0.3630573248407643,589708,1884.0511182108626,1480.5750798722045,1670.5431309904154,1307.1054313099041,2245.258785942492,1391.817891373802,1884.0511182108626,4.514013548637688,-0.09845658494071768,0.002877099606257501,0.19728819403773157,-0.10703703021695658,0.34254023371903564,0.1245727418029087,0.24924349636756543
12-31-2025,bad,19350,8113.0,1466.4096286394222,3328,14540,8244.124213113066,0.37371134020618557,529260,1367.5968992248063,11451.79381443299,1546.725860522872,3956,17896,11555.508494969816,0.41237113402061853,587100,1517.0542635658915,9459.298969072164,1292.7832936098225,4236,15664,9547.00571831645,0.4639175257731959,483936,1250.4806201550387,-42.02835051546392,2107.7991943348434,-9903,5984,2105.500716091998,0.3427835051546392,673444,1740.1653746770025,238.2036082474227,1452.606840426949,-4723,5271,1470.1596089449595,0.40463917525773196,502546,1298.5684754521965,148.90721649484536,1976.8110073577689,-8829,9859,1979.8695703161654,0.40463917525773196,638605,1650.142118863049,1367.5968992248063,1517.0542635658915,1250.4806201550387,1740.1653746770025,1298.5684754521965,1650.142118863049,5.282419314431854,-0.2781120208839207,0.08207877267030177,0.31583443090192787,-0.21701395928157358,0.2553941038985808,0.12722586889687312,0.2073812071056265
12-31-2025,bad,18593,7185.297587131367,1639.0058322632922,2608,24472,7369.3717201399095,0.4477211796246649,558872,1502.3440860215053,11715.024128686327,1550.483862026783,4864,19108,11816.909304100649,0.450402144772118,553780,1488.6559139784947,9883.571045576407,1248.8258866124477,5360,16616,9961.945671689022,0.4289544235924933,436028,1172.1182795698924,42.466487935656836,2418.9051969220504,-8288,7051,2416.0337648333916,0.38873994638069703,780760,2098.8172043010754,287.5764075067024,1513.73011034622,-5051,5562,1538.8099071343759,0.3967828418230563,528313,1420.1962365591398,111.88739946380697,2201.3767706169174,-6682,19978,2201.269260960442,0.4101876675603217,687512,1848.1505376344087,1502.3440860215053,1488.6559139784947,1172.1182795698924,2098.8172043010754,1420.1962365591398,1848.1505376344087,4.734842750412333,-0.3564076545827653,-0.12131823985083981,0.3949145301449017,-0.294481641881847,0.3278479979375602,0.13022101358348956,0.22096780421070641
12-31-2025,good,19900,6952.972431077695,1099.0586272225044,2796,11180,7039.0857432091725,0.40852130325814534,409712,1029.427135678392,12886.566416040101,1303.9017096071775,7240,17196,12952.200300008057,0.43859649122807015,499804,1255.788944723618,8288.631578947368,1036.1205000182429,2208,13220,8352.97962115187,0.46365914786967416,403248,1013.1859296482412,84.12280701754386,1813.7052312283454,-7747,6043,1813.383270219448,0.3583959899749373,577648,1451.3768844221106,284.7518796992481,1537.564602095898,-4062,4296,1561.8141578495015,0.2882205513784461,461242,1158.8994974874372,-53.0250626566416,1559.8102833272064,-6149,7423,1558.7565597396306,0.44611528822055135,536367,1347.6557788944724,1029.427135678392,1255.788944723618,1013.1859296482412,1451.3768844221106,1158.8994974874372,1347.6557788944724,5.744736519363752,-0.3045299693056023,0.015205914011171419,0.03040436946986893,0.03208377144390113,0.257616306451624,0.12058292194013916,0.1866108419091376
12-31-2025,good,20951,6567.457142857143,1270.7860986103883,664,12984,6688.98689175687,0.3880952380952381,466192,1112.6300715990453,12932.733333333334,1292.9435493469664,8476,21548,12997.050213322214,0.3904761904761905,490988,1171.8090692124106,8573.076190476191,997.3758906311017,3512,13792,8630.760427789939,0.3904761904761905,365352,871.9618138424821,76.03333333333333,1881.8936303940616,-7182,5860,1881.1891198818648,0.3261904761904762,622940,1486.7303102625299,316.5595238095238,1550.9079191031187,-4676,6070,1581.075065986974,0.3047619047619048,495391,1182.3174224343675,43.61190476190476,1465.5512470106605,-4648,6881,1464.45503515813,0.38095238095238093,541856,1293.2124105011933,1112.6300715990453,1171.8090692124106,871.9618138424821,1486.7303102625299,1182.3174224343675,1293.2124105011933,5.747597185215443,-0.212214924934338,0.07670858386468561,0.14505483559332594,-0.052874162555321555,0.28123677771276534,0.12164876182787186,0.1696785639273562
12-31-2025,good,19715,6725.275949367088,1042.056845543446,3144,10100,6805.3265898806585,0.43544303797468353,404364,1026.3045685279187,13103.584810126582,1307.1441143995146,8172,17896,13168.456058977272,0.40253164556962023,494340,1254.6700507614214,8221.681012658228,981.6635675819663,3644,13460,8279.931302839826,0.43037974683544306,376148,954.6903553299493,54.34177215189873,1844.3659695396238,-8949,5227,1842.8312442914323,0.3392405063291139,586058,1487.4568527918782,302.9291139240506,1495.2086692182995,-4084,4249,1523.7306657582737,0.3265822784810127,463158,1175.527918781726,48.34936708860759,1611.1980485789206,-5602,10102,1609.8834630360552,0.40253164556962023,516011,1309.6725888324872,1026.3045685279187,1254.6700507614214,954.6903553299493,1487.4568527918782,1175.527918781726,1309.6725888324872,5.677489016321883,-0.2896162555558939,0.003897697300668423,0.060220285977035826,-0.04550531475338798,0.27079247699307796,0.11571065421931503,0.1944319830636119
12-31-2025,good,21949,6432.236363636363,1127.8829397511674,1344,12244,6530.152630820981,0.4068181818181818,458192,1043.7175398633258,12783.827272727272,1257.7094149187374,7416,17792,12845.40686924177,0.4090909090909091,503508,1146.9430523917995,9024.209090909091,1087.7436351744363,5056,18288,9089.380995025309,0.39090909090909093,402120,915.9908883826879,109.14318181818182,1863.2255544951595,-6949,5741,1864.3046101818916,0.32045454545454544,606837,1382.3166287015945,262.18636363636364,1600.6957803201738,-5318,8834,1620.2300538111022,0.3,519101,1182.4624145785876,-9.220454545454546,1355.3793689403803,-5670,5328,1353.8696870620358,0.37272727272727274,504914,1150.1457858769932,1043.7175398633258,1146.9430523917995,915.9908883826879,1382.3166287015945,1182.4624145785876,1150.1457858769932,5.883125597594599,-0.1967557283523916,-0.09486855412824506,0.11745081372036913,-0.006316048787770944,0.2854917358435489,0.12613302717289537,0.14895070276557543
12-31-2025,good,20051,6069.482587064676,1119.429740352787,2048,11456,6171.598220640657,0.417910447761194,415744,1036.7680798004988,13008.308457711442,1059.025602293131,8764,16504,13051.238802069967,0.4253731343283582,414912,1034.6932668329177,8737.432835820895,1042.1903352934005,4236,13784,8799.215383384138,0.40298507462686567,379300,945.8852867830424,88.38059701492537,1818.657075434117,-8157,4990,1818.5425599332443,0.3383084577114428,569182,1419.4064837905237,312.4179104477612,1500.968182795093,-4097,4737,1531.3086540700574,0.2810945273631841,444256,1107.8703241895262,73.83084577114428,1363.415035799507,-3900,4489,1363.7182344185223,0.4054726368159204,493731,1231.2493765586034,1036.7680798004988,1034.6932668329177,945.8852867830424,1419.4064837905237,1107.8703241895262,1231.2493765586034,5.944974972105695,-0.23741864053790063,-0.09421420093037375,-0.039678898852318914,0.003924168030777626,0.29466314796004384,0.1173305214298781,0.15498179949529325
12-30-2025,bad,3199,6792.984615384616,2491.2582193310704,2704,13620,7228.7983042188225,0.26153846153846155,105636,1650.5625,12631.569230769232,2302.9090432621215,6176,22208,12836.601601550274,0.23076923076923078,111984,1749.75,8510.215384615385,2261.895668545438,2996,15748,8801.206029245695,0.5076923076923077,142860,2232.1875,-56.47692307692308,3463.6866022152444,-15266,6649,3437.4035796267463,0.38461538461538464,178952,2796.125,-575.3230769230769,5031.275618281648,-20067,6437,5025.4640505208,0.4,220920,3451.875,585.2,3207.3320698440316,-7671,12507,3235.9197812630077,0.4307692307692308,157914,2467.40625,1650.5625,1749.75,2232.1875,2796.125,3451.875,2467.40625,2.467487006763787,-0.41104067084312346,0.5252342558137616,0.7688375001110419,-0.5520454300363323,0.47551521490717436,0.39149489920466024,0.3676677685015713
12-30-2025,bad,4902,6541.131313131313,1823.5432690258494,176,14196,6788.086616948249,0.32323232323232326,133692,1364.204081632653,12771.636363636364,1572.4790349632285,7364,17784,12867.10569827205,0.41414141414141414,140580,1434.4897959183672,8589.414141414141,1500.0099388112978,3128,15240,8718.104010354175,0.5151515151515151,146296,1492.8163265306123,10.98989898989899,2256.804099782453,-10646,4962,2245.40406478242,0.4444444444444444,207283,2115.1326530612246,-15.080808080808081,3232.978927940215,-19524,5551,3216.644661567062,0.37373737373737376,220342,2248.387755102041,251.41414141414143,1874.3664671742738,-3598,6302,1881.7468888071407,0.5252525252525253,180116,1837.9183673469388,1364.204081632653,1434.4897959183672,1492.8163265306123,2115.1326530612246,2248.387755102041,1837.9183673469388,3.8635737986977974,-0.481146979568233,0.09876132080874193,0.6532900122673334,-0.13607936673855797,0.33078600659652607,0.2499897596822448,0.21584359240913104
12-30-2025,bad,2698,5887.127272727273,2413.3373469468274,-452,11636,6354.256068322883,0.34545454545454546,106564,1973.4074074074074,12762.690909090908,1887.6614659681459,9288,17300,12899.021606307977,0.43636363636363634,97124,1798.5925925925926,9487.054545454546,2049.037636967764,5160,15784,9701.877231658924,0.4727272727272727,114444,2119.3333333333335,-323.45454545454544,2747.3962610967164,-7293,5442,2741.453867766319,0.45454545454545453,149493,2768.3888888888887,-152.72727272727272,4273.891861812212,-16966,5969,4237.613174675317,0.38181818181818183,174102,3224.1111111111113,406.07272727272726,3199.4350534554465,-8063,11629,3196.116962247101,0.5272727272727272,158427,2933.8333333333335,1973.4074074074074,1798.5925925925926,2119.3333333333335,2768.3888888888887,3224.1111111111113,2933.8333333333335,2.845664008641175,-0.3795323070236084,0.25066263130165767,0.6064347758092844,-0.050361013387419246,0.4314358499024814,0.32852206188060695,0.32943283919200494
12-30-2025,bad,2954,5924.866666666667,2871.81143724191,-3288,10916,6573.727324230396,0.38333333333333336,136112,2306.9830508474574,11436.933333333332,1612.9693626885016,8608,15580,11548.23592877573,0.38333333333333336,86580,1467.457627118644,10817.466666666667,1633.2818107865917,7644,16124,10938.040702063601,0.5,101580,1721.6949152542372,-268.65,2686.4196437902947,-8154,5251,2677.4507434000225,0.55,172437,2922.6610169491523,-50.016666666666666,4303.465873588548,-19160,5940,4267.746073748999,0.36666666666666664,189032,3203.9322033898306,348.31666666666666,2897.636228304361,-9440,7643,2894.4225589916896,0.43333333333333335,169258,2868.7796610169494,2306.9830508474574,1467.457627118644,1721.6949152542372,2922.6610169491523,3203.9322033898306,2868.7796610169494,2.9533666741806686,-0.4009638080321719,0.22804064898788015,0.7148171324497024,0.16447926304037835,0.4072956803553124,0.3695582684403885,0.2646198380100195
12-30-2025,bad,3446,5775.085714285714,2975.6144499691864,-6080,17564,6486.864159867341,0.5142857142857142,190020,2753.913043478261,11936.171428571428,2219.176652198873,7016,22488,12137.816108580419,0.5142857142857142,151508,2195.768115942029,11198.628571428571,3306.9436923962116,3528,27792,11670.001356347087,0.5285714285714286,214172,3103.942028985507,-16.02857142857143,2393.5735879456415,-9063,5689,2376.469187681591,0.45714285714285713,167386,2425.8840579710145,150.27142857142857,3431.2128413929613,-17312,5464,3409.9287654897257,0.37142857142857144,198918,2882.8695652173915,395.74285714285713,2194.6856807449853,-7132,7556,2214.598931764266,0.45714285714285713,149259,2163.1739130434785,2753.913043478261,2195.768115942029,3103.942028985507,2425.8840579710145,2882.8695652173915,2163.1739130434785,3.7863633815490965,0.13974784812728133,0.7560050454263316,0.6775702495069275,0.06067423105746743,0.3663510023869283,0.2809342912023735,0.1897685239230945
12-30-2025,good,7100,6920.5034965034965,1901.7547933426572,2660,14448,7175.287348355363,0.26573426573426573,125560,884.2253521126761,12362.293706293707,1536.8077753841687,6948,19880,12456.788024531521,0.3146853146853147,131928,929.0704225352113,9102.153846153846,1614.3869211233898,3592,15080,9243.225858958564,0.3776223776223776,149380,1051.9718309859154,65.7062937062937,1975.0959535691375,-10557,3642,1969.274382711966,0.3356643356643357,188263,1325.7957746478874,-84.34265734265735,2787.101584247337,-13881,3897,2778.6197471587757,0.2517482517482518,175967,1239.2042253521126,300.34965034965035,1800.2072973697775,-3735,7141,1818.871535962797,0.2937062937062937,144235,1015.7394366197183,884.2253521126761,929.0704225352113,1051.9718309859154,1325.7957746478874,1239.2042253521126,1015.7394366197183,4.397187701958759,-0.7117557106644199,0.7657867043317985,0.6100626696421326,-0.525385726002894,0.27445233714422435,0.2230606912041609,0.19677886957648688
12-30-2025,good,5353,6454.037037037037,2126.0100663810967,-2476,16324,6792.102898055784,0.3333333333333333,151484,1415.7383177570093,12413.37037037037,1701.8886627574352,6300,19932,12528.422495359191,0.4722222222222222,153572,1435.252336448598,10007.111111111111,2040.6445991554494,5072,18352,10211.167684524698,0.42592592592592593,184188,1721.3831775700935,-59.31481481481482,2210.787133677206,-11827,4297,2201.327469875763,0.42592592592592593,197885,1849.392523364486,-42.388888888888886,3115.205721693757,-16687,5233,3101.039658398932,0.3055555555555556,158479,1481.1121495327102,418.02777777777777,2071.744005305735,-5923,10558,2104.0742773996394,0.2962962962962963,164438,1536.803738317757,1415.7383177570093,1435.252336448598,1721.3831775700935,1849.392523364486,1481.1121495327102,1536.803738317757,3.9872985495203013,0.111180725309244,0.8019179994920232,0.5925577486449918,-0.31350835078807343,0.32410101887322473,0.24752036094728655,0.20605618693172228
12-30-2025,good,4951,7199.4,2059.6247868546984,2460,14172,7485.385366165192,0.25,124676,1259.3535353535353,12330.04,1564.6514951944223,6692,16440,12427.933833103554,0.38,120568,1217.858585858586,8950.24,1780.1097521492795,1508,14984,9123.80945000497,0.4,158056,1596.5252525252524,-55.57,1931.6445877107733,-7097,3435,1922.7652820872338,0.39,163025,1646.7171717171718,67.72,3381.1970090098816,-12580,6730,3364.9300557366714,0.29,180741,1825.6666666666667,367.3,2125.8338090825405,-5577,6659,2146.8318471645607,0.31,141535,1429.6464646464647,1259.3535353535353,1217.858585858586,1596.5252525252524,1646.7171717171718,1825.6666666666667,1429.6464646464647,3.905712888372881,-0.4593895790700908,0.7009810624091405,0.7494768641307475,-0.5461285296383487,0.2568692442371085,0.2707553886795688,0.23529994337267657
12-30-2025,good,4552,6718.304347826087,1975.7453440654422,1212,12036,6999.768058269161,0.2826086956521739,121936,1339.956043956044,12502.173913043478,1544.9019073998893,6456,16784,12596.23482736357,0.34782608695652173,121280,1332.7472527472528,9097.478260869566,1719.9993577705218,5172,14948,9256.908339181067,0.5,149268,1640.3076923076924,17.891304347826086,2102.998301517928,-10708,3908,2091.6142559401756,0.3695652173913043,148810,1635.2747252747254,145.52173913043478,3140.426657785341,-15848,4732,3126.7007337225077,0.358695652173913,185975,2043.6813186813188,330.3478260869565,2184.2553408818867,-6642,8598,2197.3262606295348,0.40217391304347827,151134,1660.8131868131868,1339.956043956044,1332.7472527472528,1640.3076923076924,1635.2747252747254,2043.6813186813188,1660.8131868131868,3.8908181028560427,-0.5168228195453082,0.5098283541027834,0.6525677475311061,-0.29959099548868867,0.29881193751419227,0.24822502726623988,0.2373715045974577
12-30-2025,good,4298,6560.229885057472,1787.7249001542107,1812,11476,6796.752260260508,0.27586206896551724,119072,1384.5581395348838,12513.241379310344,1446.4453057250003,8728,16176,12595.608977625552,0.26436781609195403,102056,1186.6976744186047,9014.022988505747,1659.7887087231668,5112,16624,9163.833449722495,0.4942528735632184,128320,1492.093023255814,20.298850574712645,2078.465842511499,-7264,4287,2066.5858067236704,0.4367816091954023,165343,1922.593023255814,-86.9080459770115,2916.6977569504224,-13435,4756,2901.188680286184,0.367816091954023,191695,2229.0116279069766,365.2758620689655,1858.1879876465246,-4364,5823,1883.2421450815862,0.40229885057471265,141550,1645.9302325581396,1384.5581395348838,1186.6976744186047,1492.093023255814,1922.593023255814,2229.0116279069766,1645.9302325581396,4.16816893272129,-0.45271429924360224,0.5106228891186364,0.7212722681379998,0.0049976518298247155,0.3040548967045044,0.2303333395955235,0.20550811570381688
12-30-2025,bad,3495,12467.43661971831,2420.2976247466186,7452,20824,12696.941035618454,0.5352112676056338,165488,2364.114285714286,8163.3239436619715,2469.8007772441188,2400,14488,8523.723328468708,0.43661971830985913,135536,1936.2285714285715,7604.788732394366,3049.9482052533895,-1832,18864,8185.595826954414,0.4647887323943662,188160,2688.0,-36.59154929577465,2793.2550422016084,-9346,6642,2773.7558459528746,0.38028169014084506,153980,2199.714285714286,-366.7042253521127,3683.293915561242,-10779,4860,3675.601504860832,0.4084507042253521,186345,2662.0714285714284,501.53521126760563,2696.141517221474,-5719,11276,2723.661844846093,0.43661971830985913,181311,2590.157142857143,2364.114285714286,1936.2285714285715,2688.0,2199.714285714286,2662.0714285714284,2590.157142857143,3.2057340730028527,-0.23199540922765793,0.5154124752307195,0.6347481006398004,-0.44668014214088225,0.21845859077026966,0.43122017958435255,0.3327383738572318
12-30-2025,bad,2862,12264.977777777778,1780.4459411885969,9356,18524,12390.691000370669,0.5555555555555556,86972,1976.6363636363637,9127.288888888888,2070.0517848399813,5784,14920,9353.998721877659,0.4888888888888889,88228,2005.1818181818182,7746.844444444445,2151.9740826797274,3776,12740,8033.783688621169,0.5555555555555556,117628,2673.3636363636365,366.5777777777778,2064.4758578575743,-3758,6132,2074.060601278993,0.4222222222222222,80519,1829.9772727272727,761.7333333333333,2027.0437655050093,-2615,4463,2144.256296870005,0.4666666666666667,92454,2101.2272727272725,384.64444444444445,1900.2636318961302,-4944,4735,1917.9960201557597,0.4222222222222222,90512,2057.090909090909,1976.6363636363637,2005.1818181818182,2673.3636363636365,1829.9772727272727,2101.2272727272725,2057.090909090909,4.852828368186183,0.46692476979603265,0.19211152723553065,0.6301777353096375,-0.2806259165716877,0.1673886146502692,0.22923418747381943,0.23874130724151998
12-30-2025,bad,3041,12389.508196721312,2768.9807668945073,7628,27984,12690.21178497589,0.5081967213114754,145784,2429.733333333333,8610.098360655738,2059.7885466306,3992,13032,8849.122538699417,0.39344262295081966,124268,2071.133333333333,7083.606557377049,2415.7618762251695,1948,12616,7477.814969716185,0.4262295081967213,134304,2238.4,305.0163934426229,2627.43435371088,-10361,7780,2623.5997420638264,0.36065573770491804,132756,2212.6,-371.6393442622951,3019.8687224932305,-9189,3949,3017.982960114418,0.4098360655737705,137854,2297.5666666666666,470.2950819672131,2475.6673332272944,-4476,8450,2499.926392359006,0.4262295081967213,139088,2318.133333333333,2429.733333333333,2071.133333333333,2238.4,2212.6,2297.5666666666666,2318.133333333333,3.564099597861676,0.2347453479390063,0.4216338979945335,0.6613855920242232,-0.43730148732066454,0.2067419981881783,0.34104883807122993,0.33431241641427994
12-30-2025,bad,3173,12013.454545454546,2464.055959397792,7940,23840,12259.048481539148,0.43636363636363634,128840,2385.925925925926,8991.2,1763.0828891671754,5632,12916,9159.34611401729,0.41818181818181815,98312,1820.5925925925926,8144.872727272727,2784.755398890508,2916,19428,8599.582366180772,0.4727272727272727,158728,2939.4074074074074,330.8181818181818,1981.717662094147,-6280,5527,1991.2914995960878,0.43636363636363634,100835,1867.3148148148148,13.090909090909092,3043.332008474382,-9975,4531,3015.566854597234,0.4,131245,2430.462962962963,462.8,2056.525138296258,-4394,6454,2089.6370976798817,0.5272727272727272,113866,2108.6296296296296,2385.925925925926,1820.5925925925926,2939.4074074074074,1867.3148148148148,2430.462962962963,2108.6296296296296,4.229971985620541,0.24904205108194505,0.33889435542263063,0.6175603981649598,-0.31037229082276985,0.1624344256760491,0.3292338576061706,0.24299285807816898
12-30-2025,bad,3380,12895.783783783783,2439.670641877883,8856,22124,13118.398056453674,0.2972972972972973,67392,1872.0,8388.756756756757,2122.062903631032,3820,14448,8645.963457481654,0.1891891891891892,55300,1536.111111111111,6634.054054054054,2380.0893767758894,1796,15368,7037.215020392886,0.24324324324324326,59068,1640.7777777777778,420.27027027027026,1737.7474507829677,-6167,3303,1764.8733665620318,0.4864864864864865,64792,1799.7777777777778,4.081081081081081,2395.4105467931145,-6581,4352,2362.8219328773985,0.2972972972972973,79631,2211.972222222222,471.7027027027027,2791.5589617518267,-7983,11042,2793.6872805705407,0.43243243243243246,85637,2378.8055555555557,1872.0,1536.111111111111,1640.7777777777778,1799.7777777777778,2211.972222222222,2378.8055555555557,4.16124613792487,-0.22244176353073186,0.49155959442433655,0.4176466028511292,-0.5500613613458897,0.13453421361606402,0.27328613453246553,0.3969876253713763
12-30-2025,good,5024,11877.478260869566,1394.46689548341,8760,20716,11958.172581053548,0.40217391304347827,93824,1031.032967032967,8999.217391304348,1345.093516305207,6116,13416,9098.105526641964,0.44565217391304346,95316,1047.4285714285713,7743.652173913043,1485.6472776980024,4328,12936,7883.356270457179,0.33695652173913043,116056,1275.3406593406594,111.72826086956522,1665.6784586300546,-5593,3948,1660.36456512732,0.34782608695652173,116443,1279.5934065934066,-41.108695652173914,2018.7381079513466,-7243,2999,2008.1575375582897,0.2826086956521739,133523,1467.2857142857142,286.80434782608694,1914.9056456204937,-5029,10088,1925.9447427623445,0.33695652173913043,137088,1506.4615384615386,1031.032967032967,1047.4285714285713,1275.3406593406594,1279.5934065934066,1467.2857142857142,1506.4615384615386,5.172903008001035,0.031253876113514295,0.35261534532309213,0.7200043919821031,-0.4746007057264556,0.138847683768935,0.22072260334385915,0.24430517617673875
12-30-2025,good,5483,12419.854545454546,1477.1075059566454,6832,17804,12506.590204586322,0.38181818181818183,136168,1249.2477064220184,8727.381818181819,1750.8858412312857,5332,18612,8899.714912696514,0.38181818181818183,118688,1088.880733944954,7538.363636363636,1586.9149617774929,3856,14556,7702.099180211729,0.39090909090909093,122056,1119.7798165137615,-3.0090909090909093,1610.2636714711402,-8157,4804,1602.9304045460558,0.2545454545454545,120301,1103.6788990825687,-84.73636363636363,2153.3867870470594,-6815,4302,2145.250493955935,0.21818181818181817,145682,1336.532110091743,271.8454545454546,1596.178619987674,-5000,5446,1611.9939346829271,0.3090909090909091,136919,1256.1376146788991,1249.2477064220184,1088.880733944954,1119.7798165137615,1103.6788990825687,1336.532110091743,1256.1376146788991,5.430495309939057,-0.2689586833500326,0.5601797851693144,0.7021236522931832,-0.3598973689002603,0.1281668606867821,0.2410471026048744,0.20929280404687298
12-30-2025,good,5201,12169.790476190476,1321.3101867176417,9304,18812,12240.630441280384,0.41904761904761906,113912,1095.3076923076924,8310.171428571428,1304.135201647369,5736,11964,8410.916715792637,0.26666666666666666,106868,1027.576923076923,7719.1238095238095,1635.5702821906943,3560,14820,7888.883665368268,0.3142857142857143,137312,1320.3076923076924,17.62857142857143,1816.0163622671405,-7194,4950,1807.433947946778,0.29523809523809524,132489,1273.9326923076924,134.4857142857143,3008.6734078784166,-9259,10129,2997.3307220163174,0.2857142857142857,196363,1888.1057692307693,193.82857142857142,2298.3637677250326,-9454,8408,2295.590605611425,0.3047619047619048,168060,1615.9615384615386,1095.3076923076924,1027.576923076923,1320.3076923076924,1273.9326923076924,1888.1057692307693,1615.9615384615386,4.019577853604288,-0.09007452691200453,0.32060474773683845,0.40979595964129123,-0.39821747255825146,0.147658566809085,0.3563619547001411,0.2909905510963409
12-30-2025,good,4264,12834.814814814816,1721.9024878830326,5360,20068,12948.390448618567,0.35802469135802467,108064,1350.8,6981.530864197531,1847.5623472999482,-5452,10180,7218.941613885748,0.3333333333333333,108916,1361.45,7958.864197530864,1576.2388441562912,4576,12508,8111.558112492672,0.4074074074074074,118140,1476.75,49.51851851851852,1953.9771052337787,-5897,5007,1942.5093259702721,0.3333333333333333,119731,1496.6375,-58.41975308641975,2551.2680908922407,-10243,6597,2536.1435485329753,0.2716049382716049,152787,1909.8375,141.14814814814815,2001.6786961892205,-6526,7132,1994.2855244639418,0.38271604938271603,131808,1647.6,1350.8,1361.45,1476.75,1496.6375,1909.8375,1647.6,4.3687871608882185,-0.2130797573617237,0.025410951244070796,0.4755897149347876,-0.3591088928615067,0.1500193659998486,0.35131791941679447,0.24585726891935475
12-30-2025,good,3850,12529.179487179486,1297.7086874548686,9652,17072,12595.348192986334,0.4230769230769231,97716,1269.0389610389611,7445.076923076923,1510.204757504892,1764,11256,7594.777733450323,0.3974358974358974,86012,1117.0389610389611,8585.179487179486,1282.615203236637,4192,13924,8679.246369268563,0.34615384615384615,84896,1102.5454545454545,-548.7179487179487,3184.5002621155363,-15115,4379,3211.2489702167204,0.24358974358974358,135224,1756.155844155844,310.38461538461536,2418.4019744223892,-7908,8389,2422.813198509492,0.38461538461538464,139219,1808.0389610389611,667.7051282051282,2100.4797603427946,-3734,8507,2191.1825720607044,0.2948717948717949,124912,1622.2337662337663,1269.0389610389611,1117.0389610389611,1102.5454545454545,1756.155844155844,1808.0389610389611,1622.2337662337663,3.6892612625318115,0.041913063591862795,0.26425344627614555,0.29454337277903925,-0.3887990130486273,0.2549551565196058,0.31901041521195284,0.2524623081984136
12-30-2025,bad,15248,305.58169934640523,2265.833876434549,-12168,7476,2282.6750847380054,0.38235294117647056,625612,2051.1868852459015,10809.254901960785,2221.852623904867,3944,20348,11034.513484659723,0.5359477124183006,709396,2325.888524590164,13423.686274509804,2287.985075242473,6824,29772,13616.648686958633,0.477124183006536,655764,2150.0459016393443,186.7058823529412,2806.4776625849413,-13228,9292,2808.101914011869,0.5130718954248366,878196,2879.3311475409837,270.6437908496732,2498.8995257737233,-13658,5483,2509.450147439407,0.40522875816993464,627924,2058.767213114754,192.34313725490196,1832.2809031642198,-7074,9071,1839.3688522180112,0.4215686274509804,552121,1810.232786885246,2051.1868852459015,2325.888524590164,2150.0459016393443,2879.3311475409837,2058.767213114754,1810.232786885246,3.7633274948100977,-0.10565064785939796,0.5614765140867667,0.37249211854306374,-0.01374175415834772,1.2301802965987993,0.22741828633411415,0.13508234620495035
12-30-2025,bad,13250,-644.4661654135339,2598.5962118874504,-9704,11736,2672.5741920534356,0.45864661654135336,571516,2156.664150943396,10969.984962406015,2348.8382354638197,5812,23212,11217.703435906114,0.518796992481203,636884,2403.335849056604,13579.894736842105,2724.209182844945,7396,28976,13849.438871399505,0.5451127819548872,715148,2698.6716981132076,-99.72556390977444,3234.668676256556,-12760,9759,3230.1225581394747,0.5037593984962406,849341,3205.0603773584908,76.17669172932331,3066.7294574006096,-20875,8423,3061.907240777849,0.4398496240601504,632166,2385.532075471698,183.0639097744361,2215.6852595720884,-9789,8920,2219.080371570332,0.44360902255639095,500435,1888.433962264151,2156.664150943396,2403.335849056604,2698.6716981132076,3205.0603773584908,2385.532075471698,1888.433962264151,3.2592359798475545,0.03843030442210152,0.5329307976943265,0.3553931817409549,-0.22538057525436228,1.2086184797171284,0.27295312788393117,0.1602289011140176
12-30-2025,bad,12699,-918.7607843137255,2406.7305431056243,-12716,8668,2571.7228039569422,0.47843137254901963,632448,2489.952755905512,11183.26274509804,2382.6079053619424,2332,25568,11433.281419421384,0.5529411764705883,631908,2487.8267716535433,12906.819607843137,2324.5863214249007,7084,32767,13113.676180561553,0.5254901960784314,571582,2250.3228346456694,117.47450980392156,3043.46204491462,-12919,9611,3039.759417724873,0.49019607843137253,819302,3225.5984251968503,174.1529411764706,2689.9546398974617,-13355,8793,2690.3176960876485,0.4549019607843137,623889,2456.255905511811,62.333333333333336,2053.512662389296,-10356,7534,2050.4299013602385,0.4549019607843137,501870,1975.8661417322835,2489.952755905512,2487.8267716535433,2250.3228346456694,3225.5984251968503,2456.255905511811,1975.8661417322835,3.4854644237927292,-0.2549450589467839,0.40854260007082216,0.40611828514533965,0.030064844676586468,1.1819934138569679,0.23530582316310153,0.15635813123426362
12-30-2025,bad,13899,68.12903225806451,2500.0845880328857,-12000,10992,2496.5299042318748,0.4946236559139785,680492,2447.8129496402876,11672.268817204302,2806.8404296043523,4016,32767,12003.831667982588,0.5125448028673835,745550,2681.834532374101,12927.16487455197,2803.6770296144427,6784,32767,13226.640630529568,0.5555555555555556,802366,2886.2086330935253,-64.15770609318996,3223.2089405311435,-12844,13215,3218.0670059028116,0.5232974910394266,971798,3495.6762589928057,436.06451612903226,2269.6017928220294,-11013,6872,2307.115485579186,0.4551971326164875,599516,2156.5323741007196,292.21863799283153,1962.0362529221707,-8606,10283,1980.1970078666814,0.4982078853046595,546171,1964.6438848920864,2447.8129496402876,2681.834532374101,2886.2086330935253,3495.6762589928057,2156.5323741007196,1964.6438848920864,3.6942838402050033,0.050803886110552796,0.6029471762263072,0.49902690610149814,0.10367378589731065,1.289016005439727,0.19219825379096897,0.14971277008511916
12-30-2025,bad,12310,300.0,3459.3033933842335,-16692,15140,3465.3039499569218,0.43724696356275305,660580,2685.2845528455287,11324.356275303644,2613.8930880592566,1464,20892,11620.921669009174,0.5546558704453441,661432,2688.7479674796746,12799.368421052632,2392.2707359919086,2800,24904,13020.12370818796,0.5182186234817814,620108,2520.7642276422766,147.50607287449392,3379.105337974176,-20157,17701,3375.482599174218,0.5020242914979757,821618,3339.910569105691,616.1740890688259,4335.681363315799,-20512,29669,4370.5488889947355,0.4493927125506073,605395,2460.9552845528456,33.21052631578947,3929.8659191491984,-32768,13546,3922.0432670565947,0.4534412955465587,578240,2350.569105691057,2685.2845528455287,2688.7479674796746,2520.7642276422766,3339.910569105691,2460.9552845528456,2350.569105691057,2.4088249273649707,-0.31727105664491695,0.4270428648624624,0.23938088855845605,-0.5689218463009651,0.9740798056811438,0.3760931372830848,0.30122933964820253
12-30-2025,good,19749,-2192.523676880223,2350.190681405017,-22296,12396,3211.723961955548,0.41225626740947074,631032,1762.659217877095,10858.974930362117,1874.2358374095008,4608,24424,11019.088513381594,0.4818941504178273,539580,1507.2067039106146,13322.763231197772,1994.9492725902894,6760,32260,13470.88552612406,0.5097493036211699,619336,1729.9888268156424,55.108635097493035,2587.959344034937,-14917,15910,2584.939930768692,0.403899721448468,786564,2197.106145251397,411.83565459610026,2899.672215776925,-24026,11431,2924.771217869908,0.3788300835654596,641373,1791.54469273743,180.90807799442896,1935.4153365741154,-9005,12428,1941.166191711573,0.3231197771587744,517048,1444.268156424581,1762.659217877095,1507.2067039106146,1729.9888268156424,2197.106145251397,1791.54469273743,1444.268156424581,3.7179108891948793,-0.3749413816711451,0.4550392599275974,0.47968356979274196,0.014992628747262269,0.8048449868618018,0.2654276906889925,0.14410086017010332
12-30-2025,good,19397,-1711.0539845758356,2144.753312819764,-22332,9592,2741.504587557528,0.34704370179948585,666340,1717.3711340206185,11053.233933161953,1909.1691827415684,-1644,23208,11216.48507141727,0.46272493573264784,639888,1649.1958762886597,13178.907455012853,2063.195345247382,16,32767,13339.019224592039,0.442159383033419,641914,1654.4175257731958,26.359897172236504,2601.838748903328,-15157,10797,2598.626029092018,0.37532133676092544,855733,2205.4974226804125,372.05655526992285,2159.5498604769564,-10638,8087,2188.6280744633264,0.35475578406169667,661731,1705.4922680412371,128.30591259640101,1755.9478764576372,-8261,9419,1758.3768068473298,0.35989717223650386,507512,1308.020618556701,1717.3711340206185,1649.1958762886597,1654.4175257731958,2205.4974226804125,1705.4922680412371,1308.020618556701,4.170263990292314,-0.24246448259877382,0.7338192831037034,0.4768733038536177,0.0408809989824261,0.9478831587363176,0.19512601856400047,0.1318220460672052
12-30-2025,good,16049,-2588.583850931677,2732.7179321484014,-18512,15872,3761.0267066585366,0.422360248447205,685456,2135.3769470404986,11019.155279503106,2531.8640530821945,2272,28212,11305.406263492201,0.42857142857142855,650924,2027.8006230529595,12795.003105590062,2233.3891049414838,4084,32767,12987.865128625985,0.4409937888198758,605478,1886.2242990654206,196.2360248447205,3392.9259540680387,-21655,16802,3393.3322443428515,0.4813664596273292,888569,2768.127725856698,347.5124223602484,2795.4345225075717,-19641,6479,2812.6412074972877,0.4192546583850932,693289,2159.778816199377,166.25465838509317,2148.315711436815,-11576,10020,2151.4106768864744,0.37267080745341613,551931,1719.411214953271,2135.3769470404986,2027.8006230529595,1886.2242990654206,2768.127725856698,2159.778816199377,1719.411214953271,3.356827646462917,-0.22386044071754024,0.7591831709789808,0.5204896472139505,0.04997135361360972,0.9022356149274471,0.24878727413195015,0.1656477531460499
12-30-2025,good,20244,-1779.8916256157636,2159.666940046473,-13256,8728,2796.549196575486,0.3399014778325123,694364,1714.479012345679,11355.682266009851,2207.6892338182083,4236,32767,11567.774497291908,0.4408866995073892,714502,1764.2024691358024,12927.357142857143,2124.5578265968174,3916,32767,13100.350798991996,0.46798029556650245,711086,1755.767901234568,91.33743842364532,2714.0439504301526,-13731,12445,2712.2378491287054,0.4211822660098522,958609,2366.935802469136,381.0,2185.062931545637,-13606,9002,2215.378333955981,0.39901477832512317,747439,1845.5283950617284,103.33251231527093,1713.1935698224763,-10402,6248,1714.1997177732217,0.4088669950738916,584574,1443.3925925925926,1714.479012345679,1764.2024691358024,1755.767901234568,2366.935802469136,1845.5283950617284,1443.3925925925926,4.13511529056033,-0.21812288778353428,0.7799785761151322,0.42220375226387596,-0.1201649701703847,0.9698516484101637,0.19151292534991088,0.13085143626644477
12-30-2025,good,18602,-1194.0482573726542,2418.8807257504245,-12412,13472,2694.633355811512,0.3324396782841823,703924,1892.268817204301,11219.849865951743,2004.1727596485928,4656,25304,11396.97200179291,0.4691689008042895,697860,1875.967741935484,12747.463806970509,2107.588942983046,-2956,24332,12920.056346626357,0.44235924932975873,673208,1809.6989247311828,-53.715817694369974,3024.0119820216355,-15535,10282,3020.4333087578934,0.44235924932975873,1003144,2696.6236559139784,380.7747989276139,2730.0292856965925,-12832,16139,2752.8290819488943,0.3753351206434316,772146,2075.6612903225805,56.9142091152815,2149.748692023488,-13173,6870,2147.6193334966465,0.4289544235924933,639816,1719.9354838709678,1892.268817204301,1875.967741935484,1809.6989247311828,2696.6236559139784,2075.6612903225805,1719.9354838709678,3.4101836943584747,-0.2512973417847754,0.4869746578995528,0.4080160855440857,-0.01347632100132461,1.1209069690771927,0.2415403917175802,0.1662236816708003
12-30-2025,bad,12547,-2786.1111111111113,2349.461659868233,-10652,7484,3641.4942772752743,0.4642857142857143,572420,2280.5577689243028,11251.952380952382,2603.514987962257,3016,26484,11548.065842313712,0.5158730158730159,623956,2485.8804780876494,12750.460317460318,2594.29215534096,3572,30712,13010.683392858591,0.5,573272,2283.9521912350597,80.75396825396825,2613.4998201157673,-10469,6592,2609.5589331143346,0.47619047619047616,650889,2593.1832669322707,176.1706349206349,2940.934573564473,-11500,14398,2940.3759025697204,0.38095238095238093,582798,2321.9043824701193,139.265873015873,2297.5208578762727,-13273,8671,2297.1831102599313,0.4166666666666667,422685,1684.003984063745,2280.5577689243028,2485.8804780876494,2283.9521912350597,2593.1832669322707,2321.9043824701193,1684.003984063745,3.593707104075069,-0.035890813559350546,0.4495927526703328,-0.03518449536412884,-0.1311980819213901,0.7166176118091564,0.2546206388554831,0.17656129510800841
12-30-2025,bad,9293,-2670.4225352112676,2411.375874357174,-17920,3960,3592.3448186072906,0.49295774647887325,327896,2325.503546099291,11305.457746478873,2938.276741122564,3088,32767,11678.443645403837,0.4647887323943662,333854,2367.758865248227,12878.697183098591,2638.0195666243108,5004,32767,13144.237531661256,0.4295774647887324,307402,2180.1560283687945,-2.535211267605634,2781.3025895245655,-12954,6771,2771.4931273466254,0.4788732394366197,373751,2650.7163120567375,492.2112676056338,3068.048125855782,-12588,12692,3096.595399858131,0.47183098591549294,368080,2610.496453900709,57.74647887323944,2379.7394202561013,-11177,7224,2372.0482621031297,0.4788732394366197,263292,1867.3191489361702,2325.503546099291,2367.758865248227,2180.1560283687945,2650.7163120567375,2610.496453900709,1867.3191489361702,3.448368239359128,-0.464443120423288,0.6059904301852019,0.17579071112683559,-0.14235792220261947,0.7714997491943439,0.2651548008977781,0.18046297902095743
12-30-2025,bad,8599,-2143.21387283237,2678.49866517445,-11292,5544,3424.3613336434873,0.4913294797687861,475296,2763.3488372093025,11720.78612716763,2746.8573047811715,4728,23704,12036.545952805083,0.5260115606936416,488692,2841.232558139535,12606.820809248555,2951.5688530759667,3404,32368,12945.78435724454,0.5086705202312138,493616,2869.860465116279,-49.092485549132945,2855.4124437556884,-12869,6240,2847.5710580485675,0.5144508670520231,508746,2957.8255813953488,154.28323699421966,3258.6192763063077,-11657,15419,3252.848554231046,0.3988439306358382,461046,2680.5,158.04046242774567,2608.152090992514,-14932,6074,2605.4008434237703,0.4393063583815029,372604,2166.3023255813955,2763.3488372093025,2841.232558139535,2869.860465116279,2957.8255813953488,2680.5,2166.3023255813955,3.262953995544473,-0.05334130210178441,0.4857138157515907,0.10067775035507262,-0.09637613981746719,0.8315626710418486,0.27024767459993215,0.2012547692225784
12-30-2025,bad,9008,-3088.7734806629833,2123.743157353056,-9268,5184,3745.115206719576,0.4972375690607735,415676,2309.311111111111,11627.977900552487,2357.183385021202,2292,24908,11863.198797190302,0.5303867403314917,392904,2182.8,12373.281767955801,1946.3778647497943,3276,20340,12524.598124804057,0.5359116022099447,358820,1993.4444444444443,2.5359116022099446,2720.7108824069555,-16504,12507,2713.1858819170966,0.49171270718232046,460645,2559.1388888888887,390.292817679558,2388.9298202340906,-8265,6435,2414.0803345950303,0.47513812154696133,419780,2332.1111111111113,389.1933701657459,1666.3509171440787,-3304,5677,1706.7090654983185,0.4696132596685083,311568,1730.9333333333334,2309.311111111111,2182.8,1993.4444444444443,2559.1388888888887,2332.1111111111113,1730.9333333333334,4.1166247994272895,-0.023337515314447402,0.4754880583397789,0.19212174744014093,-0.006739630549896635,0.7244599248441205,0.2034932041232666,0.1362685691273428
12-30-2025,bad,10200,-2094.4975609756098,2138.2917513671073,-9048,6700,2989.4661371833354,0.4682926829268293,434676,2130.764705882353,11589.307317073171,2159.933606503918,4736,27404,11787.900561541079,0.47317073170731705,411860,2018.921568627451,12833.38536585366,2049.5183635024623,6716,30776,12995.222780023396,0.5170731707317073,374576,1836.1568627450981,-10.292682926829269,2054.3507209103855,-10890,5421,2049.3598310382613,0.44390243902439025,383730,1881.0294117647059,362.3560975609756,2738.6981906438095,-13324,9789,2755.935789014456,0.4682926829268293,426237,2089.3970588235293,154.3609756097561,1927.1698533257702,-8506,8272,1928.6508136455416,0.4292682926829268,344976,1691.0588235294117,2130.764705882353,2018.921568627451,1836.1568627450981,1881.0294117647059,2089.3970588235293,1691.0588235294117,4.124266468120825,-0.20755105790686545,0.5956427718963511,0.31243189959678025,-0.277772460504757,0.6855270260005801,0.23379360679136643,0.14841229320530794
12-30-2025,good,17400,-2479.381088825215,1545.8699242642597,-12776,5468,2920.6501140713885,0.3954154727793696,433760,1246.4367816091954,10719.541547277937,1220.4014680588218,3836,17020,10788.590415959065,0.44126074498567336,374580,1076.3793103448277,13353.638968481375,1190.9232660434218,6724,18128,13406.487535308566,0.5329512893982808,413372,1187.8505747126437,51.99140401146132,1934.942118720728,-10606,14493,1932.867380944931,0.40974212034383956,522466,1501.33908045977,367.7191977077364,2229.795067178405,-12000,9842,2256.758088859601,0.37822349570200575,532580,1530.4022988505747,49.78223495702006,1433.2447247235427,-6714,5675,1432.055438650902,0.36962750716332377,354627,1019.0431034482758,1246.4367816091954,1076.3793103448277,1187.8505747126437,1501.33908045977,1530.4022988505747,1019.0431034482758,4.823419988091371,-0.14679737730526432,0.4470312692036519,0.1878857130604135,-0.17887883358245327,0.6617935407499801,0.20918006909522696,0.10681809346202652
12-30-2025,good,19204,-2129.0805194805193,1862.3250914123173,-12076,5992,2827.053262789605,0.2883116883116883,507656,1322.0208333333333,10852.25974025974,1358.9214377681935,5776,20760,10936.791687016572,0.4701298701298701,457744,1192.0416666666667,13304.602597402598,1437.444046191272,9176,30660,13381.828305190977,0.522077922077922,466676,1215.3020833333333,13.096103896103896,1889.6263694870536,-11127,5576,1887.2161535949215,0.35584415584415585,547134,1424.828125,357.21558441558443,2485.6554902928847,-13359,23583,2507.994852829284,0.3064935064935065,594512,1548.2083333333333,-10.794805194805194,1559.5998658757348,-8544,6338,1557.610500968478,0.35064935064935066,414189,1078.6171875,1322.0208333333333,1192.0416666666667,1215.3020833333333,1424.828125,1548.2083333333333,1078.6171875,4.560135595654158,-0.07298584299834569,0.4878338440944976,0.20753535280829855,-0.10864290388734488,0.6675559239606078,0.2293172371178369,0.11639743578595042
12-30-2025,good,18449,-2892.3783783783783,1547.1628540952674,-12136,2544,3279.1913769230496,0.32972972972972975,442612,1199.490514905149,10610.032432432432,1117.258985742209,7032,15280,10668.537020705424,0.34594594594594597,343664,931.3387533875339,13541.762162162162,1341.6733182385944,9008,22788,13607.885384902705,0.4486486486486487,462704,1253.940379403794,-36.19189189189189,1711.318812965275,-9589,7450,1709.3878333675084,0.32972972972972975,492790,1335.4742547425474,297.06216216216217,2005.977511492389,-11012,6909,2025.1706534698935,0.3783783783783784,564866,1530.8021680216802,99.11891891891892,1496.8460199700512,-7421,6107,1498.1044798118828,0.3783783783783784,409468,1109.669376693767,1199.490514905149,931.3387533875339,1253.940379403794,1335.4742547425474,1530.8021680216802,1109.669376693767,5.266078467673647,-0.2676536969277964,0.28669362888009114,0.2999662054961125,-0.3008024774818199,0.5212833398123253,0.18982646349256976,0.11009090959598078
12-30-2025,good,17213,-2966.7764705882355,1894.1789069668487,-15944,4288,3518.397884064313,0.3,466532,1376.2005899705014,11303.317647058824,1670.650541596309,5420,24220,11425.753980527035,0.4323529411764706,459324,1354.9380530973451,12802.114705882354,1988.4811776537877,4440,32767,12955.17536569391,0.47058823529411764,547878,1616.1592920353983,-3.9441176470588237,2278.997895972548,-13524,9257,2275.647378478588,0.3382352941176471,552881,1630.9174041297936,384.3235294117647,1922.7238854962281,-9411,8858,1957.9832932051766,0.35294117647058826,478354,1411.0737463126843,48.90294117647059,1383.6946712892104,-5312,4812,1382.5235015553772,0.38235294117647056,354123,1044.6106194690265,1376.2005899705014,1354.9380530973451,1616.1592920353983,1630.9174041297936,1411.0737463126843,1044.6106194690265,4.967692546308163,-0.24232288150458495,0.636227342040833,0.23273684144157894,0.1138717652871904,0.6467851143666179,0.1713657843824408,0.10671592336061056
12-30-2025,good,20680,-3321.990338164251,1580.6201804576908,-17768,2784,3678.0355185020057,0.37922705314009664,483436,1170.547215496368,10765.536231884058,1009.5389293007281,6732,17184,10812.653580378656,0.4492753623188406,337480,817.1428571428571,13230.463768115942,1144.5864822682006,7144,21708,13279.762245412603,0.45169082125603865,407540,986.7796610169491,2.6618357487922704,1691.515038383488,-12555,6318,1689.4730076205008,0.3671497584541063,465496,1127.1089588377724,280.7391304347826,1482.0834133512733,-7092,5399,1506.6784580146523,0.3743961352657005,479272,1160.4648910411622,141.17632850241546,1225.8124193680876,-6974,5815,1232.44364404576,0.3526570048309179,408256,988.5133171912832,1170.547215496368,817.1428571428571,986.7796610169491,1127.1089588377724,1160.4648910411622,988.5133171912832,6.270713544644512,-0.196634485255729,0.5441102814748401,0.24222829505989235,-0.25133351932797954,0.45934113432630747,0.13934400530591537,0.09280615278927094
12-30-2025,bad,19197,15323.719480519481,2602.548247283272,3456,27500,15542.58804770876,0.4649350649350649,1007556,2623.84375,4540.872727272727,1836.8651247066662,-2440,12824,4897.431447648409,0.43636363636363634,628148,1635.8020833333333,-1395.303896103896,2753.9470260901576,-11252,9332,3084.0554309705108,0.4025974025974026,897460,2337.1354166666665,181.16883116883116,3106.47310484242,-15124,7977,3107.721336686014,0.3922077922077922,1004827,2616.7369791666665,125.65714285714286,3936.7725401887933,-25323,16549,3933.664035331073,0.4103896103896104,1145174,2982.2239583333335,43.41038961038961,2506.167940862791,-10211,12400,2503.2874867977994,0.5324675324675324,906676,2361.1354166666665,2623.84375,1635.8020833333333,2337.1354166666665,2616.7369791666665,2982.2239583333335,2361.1354166666665,2.4646287276506946,0.09786574946241926,-0.16589889962184776,0.4271146934091131,-0.5732372438699419,0.19994876830980515,0.8032096164238672,0.8116869304123894
12-30-2025,bad,18094,15239.782369146005,3363.294616744913,804,32767,15605.497604701945,0.5261707988980716,1117526,3087.0883977900553,4836.0,2066.517309401315,-2520,11748,5257.910739481284,0.45179063360881544,748420,2067.4585635359117,-1278.6363636363637,3535.3293648869612,-13008,32767,3754.867959221013,0.4297520661157025,1008366,2785.5414364640883,133.6749311294766,3799.404462508425,-26513,10277,3796.521580367065,0.40771349862258954,1140440,3150.3867403314916,69.40771349862258,4931.40396269209,-32327,14422,4925.095804748413,0.4380165289256198,1236580,3415.966850828729,105.10468319559229,3142.1551187228374,-12830,20589,3139.5838984006177,0.5289256198347108,1109710,3065.497237569061,3087.0883977900553,2067.4585635359117,2785.5414364640883,3150.3867403314916,3415.966850828729,3065.497237569061,2.075529764050252,0.1742831798167658,-0.289145454944302,0.4396680948826405,-0.6621685600312524,0.2432810331520534,0.936702056737006,0.836136964511482
12-30-2025,bad,17500,15148.270655270655,2696.2408366823556,5740,32767,15385.678634918255,0.5356125356125356,1012210,2892.0285714285715,4857.071225071225,1828.2381192357795,-1216,12480,5188.841185014709,0.4131054131054131,635064,1814.4685714285715,-1346.974358974359,3035.2652671879937,-19208,22564,3316.7646543099454,0.4074074074074074,856916,2448.3314285714287,171.72364672364674,3931.236680810953,-12436,14399,3929.386795639186,0.38746438746438744,1250180,3571.942857142857,186.22792022792024,3967.299665215401,-27096,12470,3966.018871186783,0.48148148148148145,1059996,3028.56,53.27065527065527,2677.786828861129,-10720,13609,2674.500171637902,0.5156695156695157,932992,2665.691428571429,2892.0285714285715,1814.4685714285715,2448.3314285714287,3571.942857142857,3028.56,2665.691428571429,2.2603119495201414,0.00996717417083564,-0.07300211760183009,0.3322924122935152,-0.5160769938906354,0.2553924912006113,0.7643361453952853,0.8063581379993857
12-30-2025,bad,19549,15408.295918367347,2302.0291980842476,8320,26448,15578.876814980165,0.49744897959183676,914172,2338.0358056265986,4830.897959183673,1738.2332005912695,-752,13352,5133.353870442176,0.4719387755102041,643352,1645.4015345268542,-1318.9897959183672,2510.095829657587,-12124,6788,2832.709347055917,0.4005102040816326,858288,2195.1099744245525,119.6045918367347,3577.663297368755,-12766,14195,3575.0982778699345,0.3979591836734694,1221347,3123.6496163682864,164.9591836734694,3229.8446461443723,-20153,15964,3229.9374591152564,0.46683673469387754,1044846,2672.240409207161,114.125,2583.0444610304035,-9956,11284,2582.2708015130675,0.45663265306122447,963179,2463.3734015345267,2338.0358056265986,1645.4015345268542,2195.1099744245525,3123.6496163682864,2672.240409207161,2463.3734015345267,2.5081678044080054,0.1631718664237382,-0.16338530577754745,0.4407500274076762,-0.5774577576155272,0.2294836989918777,0.6292060785218826,0.9115904543066782
12-30-2025,bad,21447,15575.346511627908,2263.889967308198,8332,32767,15738.637097180435,0.4697674418604651,932858,2174.4941724941723,3799.460465116279,1935.5673886870918,-7500,14028,4263.05152852786,0.3209302325581395,643356,1499.6643356643356,-1135.6465116279069,2826.284004369713,-13444,9136,3042.8601355716573,0.4046511627906977,1014684,2365.230769230769,44.74883720930232,3286.962215800309,-12356,12683,3283.4428888974394,0.36046511627906974,1079408,2516.102564102564,173.59767441860464,3626.5933507810482,-20528,9984,3626.5312656766428,0.4116279069767442,1229722,2866.4848484848485,199.78604651162792,2620.732872426344,-8028,14032,2625.2966689500063,0.48604651162790696,982774,2290.848484848485,2174.4941724941723,1499.6643356643356,2365.230769230769,2516.102564102564,2866.4848484848485,2290.848484848485,2.416769191495945,-0.05061102216670299,-0.2443280636977944,0.4909661109716097,-0.5412029427747134,0.20862307634484073,0.850689052327333,0.8627727043372709
12-30-2025,good,23300,-5388.368308351178,2012.613743034201,-13040,6548,5751.213212294971,0.37044967880085655,796392,1708.9957081545065,9964.58244111349,2058.1957689016126,1576,25604,10174.477972918969,0.5139186295503212,808604,1735.2017167381973,13031.6573875803,2055.5342617550687,6872,27496,13192.432216459072,0.4753747323340471,872348,1871.991416309013,19.509635974304068,2738.355140783034,-14122,10414,2735.4912844774008,0.4025695931477516,1088552,2335.9484978540772,307.99357601713064,2531.772513910048,-17515,15948,2547.7453697241313,0.38329764453961457,824548,1769.4163090128754,26.29336188436831,1546.6929283514853,-6007,7997,1545.2597662470905,0.3961456102783726,594940,1276.6952789699571,1708.9957081545065,1735.2017167381973,1871.991416309013,2335.9484978540772,1769.4163090128754,1276.6952789699571,4.264207170148269,-0.3847488499498314,0.6847809332085084,0.4838089388431003,0.1314198462351369,0.47563725826645015,0.25040551232750863,0.11713228772190085
12-30-2025,good,21400,-5506.5268065268065,2344.0969471264184,-17820,6384,5983.6292999372545,0.3962703962703963,904936,2114.336448598131,9918.431235431235,2432.8442803791345,2160,32767,10211.768352646464,0.4592074592074592,861178,2012.0981308411215,12890.515151515152,2358.8756980318444,3948,32767,13104.07207880894,0.4568764568764569,878942,2053.6028037383176,100.57342657342657,3064.569746499721,-13692,10082,3062.647699687467,0.40093240093240096,1108884,2590.8504672897197,259.7762237762238,2642.200753848764,-13891,10291,2651.873914563296,0.3682983682983683,908412,2122.457943925234,57.92074592074592,1832.1009895090908,-9053,6972,1830.8808317437322,0.40792540792540793,659913,1541.8528037383178,2114.336448598131,2012.0981308411215,2053.6028037383176,2590.8504672897197,2122.457943925234,1541.8528037383178,3.8830890647937935,-0.37517384284587457,0.6920453819021612,0.408339231631644,0.19530183756196354,0.5118378070659799,0.25968802098966065,0.13971846465686005
12-30-2025,good,23354,-5060.145299145299,2458.5585957150947,-20348,2916,5624.648006460599,0.3333333333333333,938936,2010.5695931477517,10306.48717948718,1930.0980175724226,4728,21072,10485.275215361795,0.4829059829059829,858640,1838.629550321199,12785.068376068377,1992.8554668622921,6272,26528,12939.125172874565,0.46794871794871795,906852,1941.8672376873662,33.38461538461539,2692.455821889174,-8741,9252,2689.784914986492,0.4081196581196581,1124336,2407.571734475375,185.36752136752136,2633.8530665145026,-12601,10765,2637.559488533966,0.3974358974358974,964192,2064.6509635974303,42.09615384615385,1869.3863497901523,-10052,10462,1867.8624964262106,0.4166666666666667,698795,1496.3490364025695,2010.5695931477517,1838.629550321199,1941.8672376873662,2407.571734475375,2064.6509635974303,1496.3490364025695,4.0372777036995275,-0.22025672229663368,0.45236519576580153,0.43644142818148984,-0.0147172652744969,0.47821390981599726,0.25154890397327617,0.14435771130784164
12-30-2025,good,19850,-5202.492462311558,2738.801175291261,-17108,4568,5877.764276017039,0.4221105527638191,1011520,2547.909319899244,10466.733668341709,2331.000067412956,3780,22472,10722.519425684006,0.4798994974874372,904192,2277.5617128463477,12404.62311557789,2274.3493400470907,5656,27440,12610.881924535368,0.5276381909547738,899852,2266.6297229219144,99.34422110552764,3155.414080553044,-10734,12523,3153.0129425008536,0.4371859296482412,1196808,3014.6297229219144,417.57286432160805,2514.6147435103117,-12145,6683,2545.9314108482417,0.45226130653266333,880338,2217.4760705289673,128.74120603015075,1802.7413314649004,-5768,5729,1805.0720450828821,0.44974874371859297,705583,1777.287153652393,2547.909319899244,2277.5617128463477,2266.6297229219144,3014.6297229219144,2217.4760705289673,1777.287153652393,3.8927374450364436,-0.15840377239675607,0.6626054967584137,0.36318185089562605,0.18631338826647262,0.536430655245842,0.23743779885466562,0.1431360673854102
12-30-2025,good,21249,-4622.37558685446,2631.707566404973,-16920,6204,5317.516604175369,0.4295774647887324,1043844,2456.1035294117646,10700.647887323943,2264.6673539308663,4120,26448,10937.117727618801,0.4953051643192488,928908,2185.665882352941,12716.671361502347,2715.144227125983,3868,32767,13002.631791565977,0.5046948356807511,1055332,2483.1341176470587,78.25586854460094,2843.1413335626735,-11887,10627,2840.880388652276,0.45539906103286387,1114934,2623.374117647059,302.00704225352115,2749.0208220292348,-10579,9055,2762.3511771354483,0.4061032863849765,975141,2294.449411764706,99.48826291079813,1899.383824817818,-8402,8587,1899.760023145004,0.39906103286384975,733932,1726.8988235294119,2456.1035294117646,2185.665882352941,2483.1341176470587,2623.374117647059,2294.449411764706,1726.8988235294119,3.899413423655785,-0.28471682949409466,0.6645866355928819,0.3689303102338402,0.006468088547023525,0.5342494625945009,0.2525666492468389,0.14610580792045175
12-30-2025,bad,4600,6407.096774193548,1261.2198551964104,1396,10308,6528.741115953349,0.34408602150537637,100752,1095.1304347826087,12647.010752688173,1893.1732418867975,7308,24548,12786.416508927938,0.44086021505376344,132524,1440.4782608695652,9787.78494623656,1624.8114663170213,5204,15420,9920.30035965678,0.5161290322580645,152300,1655.4347826086957,-142.90322580645162,2643.741609358732,-13091,5198,2633.3698023880033,0.3548387096774194,179749,1953.7934782608695,213.01075268817203,2226.258469185969,-9105,4023,2224.479173064529,0.25806451612903225,124163,1349.5978260869565,18.72043010752688,2070.14808000902,-6815,9432,2059.0732725999537,0.34408602150537637,128799,1399.9891304347825,1095.1304347826087,1440.4782608695652,1655.4347826086957,1953.7934782608695,1349.5978260869565,1399.9891304347825,4.22665702054738,0.14401492031453778,0.4607196466140717,0.5916641358947139,-0.17450476797700004,0.40335031749840167,0.1739720563097053,0.20756158561146948
12-30-2025,bad,3065,6811.290322580645,2431.096523746777,-328,13884,7225.550489130066,0.3548387096774194,127648,2092.590163934426,12240.58064516129,2534.2479179794514,6540,20392,12496.024957638949,0.41935483870967744,135604,2223.0163934426228,9265.032258064517,2821.0803590796527,704,19176,9678.375603508093,0.4032258064516129,147072,2411.0163934426228,164.53225806451613,3508.3435571984396,-11169,6715,3483.8228423348673,0.45161290322580644,184509,3024.7377049180327,-368.66129032258067,5552.952252582458,-19307,19687,5520.312188752582,0.2903225806451613,194903,3195.1311475409834,992.258064516129,5110.682187743064,-10096,21823,5165.498342757673,0.2903225806451613,178071,2919.1967213114754,2092.590163934426,2223.0163934426228,2411.0163934426228,3024.7377049180327,3195.1311475409834,2919.1967213114754,2.0748561570033184,-0.2813768471551886,0.6568659057276314,0.48986326203361874,-0.729974043015178,0.48215327636194477,0.44176545797759414,0.5337154243478248
12-30-2025,bad,3099,6317.269841269841,2894.8766156020624,-2980,13652,6939.393926236791,0.42857142857142855,142708,2301.7419354838707,11410.79365079365,2376.838413487548,5808,18920,11651.862520235818,0.3333333333333333,112900,1820.967741935484,10676.126984126984,2410.7677768581384,4584,16660,10940.714686037189,0.5396825396825397,166020,2677.7419354838707,-128.93650793650792,2690.9377899632177,-13063,4270,2672.6077123526725,0.5555555555555556,172875,2788.3064516129034,-184.12698412698413,4387.834565838068,-18336,5850,4356.763739946692,0.3968253968253968,189740,3060.3225806451615,688.952380952381,2884.184272381134,-4811,13218,2942.9805159838074,0.49206349206349204,139092,2243.4193548387098,2301.7419354838707,1820.967741935484,2677.7419354838707,2788.3064516129034,3060.3225806451615,2243.4193548387098,2.961384758928901,-0.49627094540992506,0.5235759513417477,0.5083909167675579,-0.6288331795844662,0.38513560987838064,0.373911358120333,0.26899344331414826
12-30-2025,bad,2752,6643.785714285715,3680.8013688438987,-500,18196,7579.330671541612,0.35714285714285715,157308,2860.1454545454544,11343.42857142857,3437.719195561567,3016,21240,11843.996405653916,0.375,152268,2768.509090909091,10816.214285714286,3886.97640245561,3216,29780,11481.693292243215,0.4642857142857143,182608,3320.1454545454544,-550.5714285714286,3774.043868594789,-16385,5869,3780.5012186594668,0.5357142857142857,207862,3779.309090909091,-981.3571428571429,6597.5014759130845,-28541,12060,6611.567079747433,0.39285714285714285,224819,4087.6181818181817,1107.5714285714287,5721.730449807972,-14139,26724,5777.568961695123,0.5,197878,3597.7818181818184,2860.1454545454544,2768.509090909091,3320.1454545454544,3779.309090909091,4087.6181818181817,3597.7818181818184,1.911299546823133,-0.5784007066064815,0.6171781387557358,0.6277511414948184,-0.7971944186496681,0.49879090674265747,0.5582209629878879,0.5031983361805289
12-30-2025,bad,3153,5869.6875,4283.0396448324345,-2380,17332,7246.4493546839885,0.203125,148152,2351.6190476190477,10349.9375,3801.6296583864937,-1668,16788,11015.79664618043,0.296875,147464,2340.6984126984125,10454.875,3710.305679872649,-2412,17088,11084.028148647043,0.328125,146416,2324.063492063492,203.75,3759.3178628111236,-16483,7683,3735.3935535629976,0.546875,220002,3492.095238095238,-625.890625,8331.8232519739,-32768,17970,8290.135194728431,0.25,263869,4188.396825396825,1152.40625,6080.623343460741,-9163,26101,6142.011231571463,0.25,185723,2947.9841269841268,2351.6190476190477,2340.6984126984125,2324.063492063492,3492.095238095238,4188.396825396825,2947.9841269841268,1.61531358568215,-0.6430126296918219,0.8260402504134775,0.580969565627221,-0.8882743828518622,0.5154791498864226,0.7525679222528449,0.5541316882858194
12-30-2025,bad,2301,9316.08510638298,2850.565953187018,1880,15340,9733.564617868047,0.3617021276595745,101456,2205.5652173913045,11522.72340425532,2324.9132541286226,5792,16904,11750.037088216704,0.23404255319148937,83260,1810.0,6578.382978723404,3178.4083147632487,-976,11964,7291.259144680953,0.3191489361702128,117160,2546.9565217391305,359.6808510638298,3759.7542074286616,-10982,15137,3736.8919358773987,0.425531914893617,154856,3366.4347826086955,-119.46808510638297,7156.046202645289,-22159,14704,7080.516700402652,0.3404255319148936,155970,3390.6521739130435,376.531914893617,3684.5851388858455,-6367,15043,3664.5721848358153,0.46808510638297873,118497,2576.021739130435,2205.5652173913045,1810.0,2546.9565217391305,3366.4347826086955,3390.6521739130435,2576.021739130435,1.9869423391876584,-0.431047894632835,0.7073747487361731,0.41742499252112053,-0.7237635236202776,0.38391813094183536,0.6025952638822404,0.5025979891287445
12-30-2025,bad,3197,8561.969230769231,1479.6435589487292,4788,13292,8686.943072131966,0.4,76348,1192.9375,12323.569230769232,2236.5198549394686,5796,22824,12521.798012942194,0.4,90008,1406.375,7025.907692307693,1986.5007057250582,2132,12696,7297.1811965569705,0.4,114476,1788.6875,10.96923076923077,2484.612545053748,-10711,6536,2465.4504628191953,0.3384615384615385,134006,2093.84375,-257.96923076923076,3599.37355647319,-15967,4760,3580.882976628487,0.3230769230769231,151274,2363.65625,506.18461538461537,2409.450260772074,-7462,11925,2443.840993190842,0.27692307692307694,103194,1612.40625,1192.9375,1406.375,1788.6875,2093.84375,2363.65625,1612.40625,3.3575190362036786,-0.10690561411256747,0.42636704415922494,0.5776853139328099,-0.5706338054935287,0.28381105321671096,0.28597194848866037,0.3349020569763318
12-30-2025,bad,3495,8768.281690140846,3124.2048093788085,-2860,15052,9300.857243544206,0.28169014084507044,129388,1848.4,12135.154929577464,2328.710536191265,4428,21104,12353.481256509422,0.4084507042253521,113748,1624.9714285714285,6852.0,2961.866978782133,1036,16524,7456.4737956214085,0.39436619718309857,135236,1931.942857142857,-170.6338028169014,2852.5567340767757,-11572,7630,2837.532212387734,0.4084507042253521,177923,2541.7571428571428,-284.36619718309856,4894.562852914115,-21397,12409,4868.284164284718,0.3380281690140845,181108,2587.2571428571428,543.3380281690141,2612.3336526324615,-3953,14613,2650.1672788021897,0.3380281690140845,113529,1621.8428571428572,1848.4,1624.9714285714285,1931.942857142857,2541.7571428571428,2587.2571428571428,1621.8428571428572,2.811013734796185,-0.40458284623035745,0.6385639711093428,0.5891879743027895,-0.6670798167589537,0.305082869006747,0.39408196465473166,0.3554183050979141
12-30-2025,bad,2398,8766.938775510203,2537.759612402273,1584,17000,9119.649456206178,0.32653061224489793,96428,2008.9166666666667,12455.34693877551,2252.179440296114,5012,20648,12653.239230347624,0.3673469387755102,86252,1796.9166666666667,6850.285714285715,2621.279712913777,1608,17200,7325.113993680109,0.4897959183673469,114816,2392.0,-158.85714285714286,2671.0020669529003,-11158,4348,2648.3750967454034,0.42857142857142855,105527,2198.4791666666665,-72.79591836734694,5044.7269622993135,-23038,6199,4993.51544607645,0.40816326530612246,137566,2865.9583333333335,255.6530612244898,3588.2454019514676,-7870,18151,3560.6317055906165,0.4897959183673469,116979,2437.0625,2008.9166666666667,1796.9166666666667,2392.0,2198.4791666666665,2865.9583333333335,2437.0625,2.5974510054429922,-0.15537577772630318,0.7227649410440123,0.746938323158166,-0.5738230867733317,0.29040316836440533,0.3946432494301792,0.48608550094599734
12-30-2025,bad,2049,9421.333333333334,3410.761925225668,540,17632,10005.890036801895,0.35714285714285715,104992,2560.7804878048782,11877.714285714286,2327.222591319326,6824,17848,12098.227560070032,0.30952380952380953,81136,1978.9268292682927,6447.428571428572,3094.873630288714,-272,13040,7135.791797090816,0.40476190476190477,121924,2973.756097560976,288.57142857142856,3732.642646828097,-12495,10721,3699.2114732479845,0.5238095238095238,153342,3740.048780487805,-598.6904761904761,5424.6906553956005,-17340,11649,5393.055695808754,0.2857142857142857,166884,4070.3414634146343,999.4761904761905,3603.4817461090647,-5712,15919,3697.954131936301,0.4523809523809524,130758,3189.2195121951218,2560.7804878048782,1978.9268292682927,2973.756097560976,3740.048780487805,4070.3414634146343,3189.2195121951218,2.2861144231653303,-0.3271542495189533,0.5654582282333093,0.5056572583816514,-0.6224466591723335,0.3697033906301684,0.4457723801759737,0.5182261810000806
12-30-2025,good,4900,6950.060606060606,1934.2070769950117,3784,18168,7211.567789308922,0.29292929292929293,106404,1085.7551020408164,12662.020202020201,1635.0060723833935,6416,17208,12766.08781028072,0.3333333333333333,136120,1388.9795918367347,8704.20202020202,1558.0239052670638,3568,12028,8841.156695657628,0.35353535353535354,135616,1383.8367346938776,183.32323232323233,2296.7079404753463,-11597,6976,2292.4208345825778,0.35353535353535354,174313,1778.704081632653,10.8989898989899,2842.783669168804,-12212,9274,2828.410734463487,0.24242424242424243,148508,1515.3877551020407,324.2020202020202,1988.5480036582019,-5305,8986,2004.8659442829226,0.31313131313131315,138726,1415.5714285714287,1085.7551020408164,1388.9795918367347,1383.8367346938776,1778.704081632653,1515.3877551020407,1415.5714285714287,4.044349656618995,-0.17603831176130652,0.2677921891792995,0.4286183703747146,-0.47702768045339894,0.31788106293102975,0.22155657835630502,0.22676511830639262
12-30-2025,good,5000,6080.079207920792,1137.0492309761116,1712,10884,6184.451740189479,0.37623762376237624,94576,945.76,12757.50495049505,1018.2635967544197,10328,17124,12797.676639387973,0.42574257425742573,90440,904.4,9582.178217821782,1258.2642679186245,6252,15056,9663.627312333769,0.31683168316831684,109052,1090.52,78.35643564356435,1470.857950885526,-5682,3096,1465.6543971486553,0.36633663366336633,117194,1171.94,262.1287128712871,1994.635303324226,-7153,3181,2001.9714466663422,0.2376237623762376,118773,1187.73,14.574257425742575,1388.0058958558834,-3964,4974,1381.1943819723854,0.36633663366336633,103652,1036.52,945.76,904.4,1090.52,1171.94,1187.73,1036.52,5.907778459934912,0.2129065704307008,0.4169583292531921,0.5363988066975649,0.01793431806139817,0.2369901906400454,0.156432413704559,0.14292711599780222
12-30-2025,good,3549,6100.277777777777,1881.2583533835202,1236,12448,6379.919069497147,0.5,120216,1693.1830985915492,13001.0,2090.383265619752,7544,20820,13165.675557634288,0.3888888888888889,137640,1938.5915492957747,9728.388888888889,2781.058277420668,5296,25156,10112.784724737736,0.4722222222222222,186532,2627.211267605634,-73.29166666666667,2547.2314849020017,-12784,5161,2530.54211638095,0.4027777777777778,137734,1939.9154929577464,211.68055555555554,2692.919044647469,-11881,4482,2682.517849686911,0.2916666666666667,113921,1604.5211267605634,88.98611111111111,2142.4670621693203,-6003,9067,2129.396944494432,0.3472222222222222,111136,1565.2957746478874,1693.1830985915492,1938.5915492957747,2627.211267605634,1939.9154929577464,1604.5211267605634,1565.2957746478874,4.039299066932978,0.2879521278251252,0.5331787589932727,0.6339344949697231,-0.23040749525170626,0.3966417267082607,0.2037508700362639,0.2105648446243466
12-30-2025,good,3949,7277.65,2661.1322759068967,3348,14600,7743.209554183588,0.1875,126012,1595.0886075949368,12469.15,2224.6410326276537,7804,19000,12663.604013076214,0.2875,122488,1550.4810126582279,8970.55,2033.2764100076681,5092,16068,9195.286977577154,0.425,152444,1929.6708860759493,-300.6625,2830.1965935372086,-15757,6657,2828.4776006714283,0.375,192567,2437.5569620253164,-231.15,3538.969606530885,-13302,3873,3524.3697840890645,0.3375,149660,1894.4303797468353,728.525,2626.2771744116126,-5751,10626,2709.587390175855,0.325,150875,1909.8101265822784,1595.0886075949368,1550.4810126582279,1929.6708860759493,2437.5569620253164,1894.4303797468353,1909.8101265822784,3.266462189988938,-0.3412948869971435,0.6373002551012391,0.5211349710886038,-0.7108539925895255,0.3652849093794629,0.278307011192987,0.2946713241781962
12-30-2025,good,4330,5945.590909090909,1595.7668760426836,1884,13052,6153.664436740112,0.38636363636363635,110916,1274.896551724138,12631.272727272728,1226.3404182023091,9440,16312,12689.991002217599,0.45454545454545453,100676,1157.1954022988505,9442.772727272728,1552.0594085032672,4244,15184,9568.044285774677,0.45454545454545453,115040,1322.2988505747126,-17.613636363636363,2604.7499645345897,-14776,7115,2589.9678569434022,0.4090909090909091,176429,2027.9195402298851,310.6931818181818,2738.386899769012,-12902,3771,2740.4524904242962,0.2840909090909091,132373,1521.528735632184,23.022727272727273,2141.086607670624,-6881,7704,2129.0110700425294,0.4431818181818182,140426,1614.0919540229886,1274.896551724138,1157.1954022988505,1322.2988505747126,2027.9195402298851,1521.528735632184,1614.0919540229886,3.80882913603991,-0.16759493114015017,0.1699907233392492,0.5820030631832364,-0.19517627791276318,0.4208822049280524,0.21595385605312434,0.22251266886225968
12-30-2025,good,6045,9020.688524590163,1640.253291677527,5028,14512,9167.398737185886,0.27049180327868855,94840,783.801652892562,12261.147540983606,1404.2933440822017,7792,16560,12340.648871002571,0.1721311475409836,91644,757.3884297520661,6763.2786885245905,1742.3403291312734,1444,13832,6982.320906826156,0.319672131147541,134576,1112.198347107438,53.64754098360656,1534.3188432534153,-6381,6027,1528.9591847150762,0.3360655737704918,132281,1093.2314049586778,-12.418032786885245,2648.9927973351096,-14156,5165,2638.143157539433,0.2459016393442623,147009,1214.9504132231405,278.10655737704917,2277.182614103044,-4816,9702,2284.819318824167,0.2459016393442623,133783,1105.6446280991736,783.801652892562,757.3884297520661,1112.198347107438,1093.2314049586778,1214.9504132231405,1105.6446280991736,4.41579579034064,-0.6638368542821992,0.7766375669566123,0.3178088513935516,-0.7518143574164968,0.16678222780322066,0.2137766972306157,0.3272292048712943
12-30-2025,good,5050,8593.372549019608,1205.1994939548729,1464,14392,8676.653579193613,0.3431372549019608,80228,794.3366336633663,12682.862745098038,1178.9464506286176,9564,19792,12737.004967001141,0.4215686274509804,94804,938.6534653465346,7119.9607843137255,1194.6695464351542,4280,12812,7218.523698939892,0.4215686274509804,110016,1089.2673267326732,91.72549019607843,1681.9931902998608,-9887,5221,1676.2393541940899,0.37254901960784315,119192,1180.118811881188,633.4215686274509,1603.6668652122526,-6919,5984,1716.903342717724,0.3431372549019608,87238,863.7425742574258,176.09803921568627,1817.238114978544,-5377,10889,1816.8623675845945,0.39215686274509803,108572,1074.970297029703,794.3366336633663,938.6534653465346,1089.2673267326732,1180.118811881188,863.7425742574258,1074.970297029703,5.495615049350547,0.06681298011071164,0.25091805806974826,0.585457714025335,-0.2566096721235447,0.19318961379540125,0.13479647272110337,0.25169445209409275
12-30-2025,good,4353,7897.590909090909,1915.022430986325,608,17384,8123.889406614857,0.2727272727272727,122684,1410.16091954023,12829.772727272728,1471.3851611936905,5108,16420,12912.917584552863,0.3977272727272727,83840,963.6781609195402,7247.636363636364,1685.5173371504966,360,14192,7438.878801148855,0.45454545454545453,120172,1381.287356321839,-172.5,2448.4535443051986,-12229,5467,2440.605839466169,0.32954545454545453,153900,1768.9655172413793,57.07954545454545,2939.8710942949615,-14841,5698,2923.676796666081,0.19318181818181818,130888,1504.4597701149426,461.32954545454544,2360.9632931836763,-7311,11694,2392.4109250065944,0.2840909090909091,124021,1425.528735632184,1410.16091954023,963.6781609195402,1381.287356321839,1768.9655172413793,1504.4597701149426,1425.528735632184,3.6711113523046848,-0.10090753791467574,0.5439946495117577,0.6847105034641068,-0.4333360665740248,0.30042332151622947,0.22641488860248965,0.32160907424859553
12-30-2025,good,4602,8238.623655913978,1395.6918178107517,4368,13640,8354.754911690026,0.25806451612903225,80708,877.2608695652174,12958.236559139785,1570.0778670654847,5852,18860,13051.993422503525,0.43010752688172044,98408,1069.6521739130435,6695.741935483871,1625.9292253115755,-276,12668,6888.2639041273105,0.45161290322580644,127408,1384.8695652173913,-58.39784946236559,2230.5436612579306,-12787,4567,2219.287546726148,0.3870967741935484,156995,1706.4673913043478,-171.21505376344086,3512.3712195159505,-16857,4073,3497.6296166809702,0.22580645161290322,111320,1210.0,775.9569892473119,3114.9044856386377,-5889,13247,3193.808048311978,0.1827956989247312,140482,1526.9782608695652,877.2608695652174,1069.6521739130435,1384.8695652173913,1706.4673913043478,1210.0,1526.9782608695652,3.1753882610960544,-0.3224907171528849,0.49076616333972034,0.5552972081819603,-0.8217167035299122,0.26563167560490314,0.267976660973685,0.4636593621122228
12-30-2025,good,5546,8671.5,1673.1032288578056,4568,15788,8830.016599240182,0.26785714285714285,105296,948.6126126126126,12397.142857142857,1698.487758004945,4728,15312,12511.924472278435,0.20535714285714285,78556,707.7117117117117,6540.571428571428,1597.4170012658174,440,10504,6731.124147251652,0.39285714285714285,118856,1070.7747747747749,-41.223214285714285,2206.724847671344,-11199,3622,2197.2380450888145,0.3392857142857143,151425,1364.1891891891892,-64.65178571428571,3333.829085773584,-16087,4639,3319.542192241489,0.17857142857142858,130122,1172.2702702702702,643.4553571428571,3511.903900592679,-11754,15451,3554.9097800989066,0.125,146590,1320.6306306306305,948.6126126126126,707.7117117117117,1070.7747747747749,1364.1891891891892,1172.2702702702702,1320.6306306306305,3.094579418139246,-0.6732689153168855,0.6560877170969983,0.5273616986139713,-0.8390010688354367,0.24883736289114658,0.2653102805512449,0.528130175852166
12-30-2025,bad,2699,14417.018181818183,2489.140410090355,9172,26752,14626.468540411126,0.5636363636363636,120992,2240.5925925925926,7499.272727272727,1566.8813263642817,3504,10684,7658.300727730901,0.45454545454545453,83272,1542.0740740740741,1566.0363636363636,2152.228250696855,-3408,7240,2645.8149182847583,0.4,115144,2132.296296296296,489.8363636363636,2966.115203199835,-9348,6329,2979.5668049994356,0.38181818181818183,119968,2221.6296296296296,-9.163636363636364,3096.6555421617927,-8656,8318,3068.3886739696873,0.38181818181818183,140346,2599.0,183.01818181818183,2757.697210911797,-6852,10045,2738.634470614208,0.3090909090909091,110773,2051.3518518518517,2240.5925925925926,1542.0740740740741,2132.296296296296,2221.6296296296296,2599.0,2051.3518518518517,2.8373446725793405,0.22560141957475857,-0.055100801846842525,0.6130163914264505,-0.5415698004060815,0.20371060837847152,0.40066181554588376,1.0350816493825432
12-30-2025,bad,2650,14518.074074074075,1587.9899701676015,10468,18604,14603.06435624361,0.42592592592592593,81628,1540.1509433962265,6984.074074074074,1572.274399353476,1024,10056,7155.666203423327,0.4444444444444444,86064,1623.8490566037735,565.5555555555555,1861.8229114121243,-5912,4404,1929.2603073026028,0.3888888888888889,82264,1552.1509433962265,109.16666666666667,2427.874353700885,-4577,5467,2407.76503483271,0.37037037037037035,100337,1893.1509433962265,-128.94444444444446,2494.6781046684064,-6506,4193,2474.832725361154,0.4444444444444444,119723,2258.9245283018868,239.74074074074073,2692.684913747609,-5298,7210,2678.387235853917,0.35185185185185186,116844,2204.603773584906,1540.1509433962265,1623.8490566037735,1552.1509433962265,1893.1509433962265,2258.9245283018868,2204.603773584906,3.1329239346749946,-0.18379176007443265,0.03231734422721475,0.4889532823233217,-0.5745466023831663,0.1648808069272377,0.34585636817873344,1.3882974859988744
12-30-2025,bad,2394,14709.959183673469,2269.288599605462,9424,20132,14880.439328603336,0.5510204081632653,127068,2647.25,6903.102040816327,2223.8756358073206,2668,15288,7245.516513749755,0.42857142857142855,104992,2187.3333333333335,1022.6122448979592,2203.1016849009957,-4052,6608,2408.3892152733324,0.5102040816326531,104096,2168.6666666666665,237.51020408163265,2045.5788109404898,-4333,5139,2038.481787998117,0.2857142857142857,92468,1926.4166666666667,-131.53061224489795,3145.14236629309,-9918,5022,3115.661226377319,0.40816326530612246,136087,2835.1458333333335,44.91836734693877,2551.325397683319,-4454,11172,2525.5567460564057,0.5102040816326531,109313,2277.3541666666665,2647.25,2187.3333333333335,2168.6666666666665,1926.4166666666667,2835.1458333333335,2277.3541666666665,3.194701071627846,-0.04815145212067045,0.024419344800077774,0.617988700987287,-0.4558651683438849,0.13699069918874876,0.4300123007151723,1.0486497485503505
12-30-2025,bad,2599,14910.792452830188,2322.408244096984,11052,24340,15087.198081892613,0.37735849056603776,94560,1818.4615384615386,7208.075471698113,1612.7798248444371,3800,11760,7382.975971021391,0.4339622641509434,79424,1527.3846153846155,228.9811320754717,1770.2453381747578,-4472,5164,1768.3532473878543,0.33962264150943394,65220,1254.2307692307693,136.60377358490567,2088.9821163172214,-8877,4644,2073.6851619624895,0.39622641509433965,99719,1917.673076923077,-317.0566037735849,3048.201559400952,-13217,4683,3035.9093692192473,0.3018867924528302,113523,2183.1346153846152,296.50943396226415,2741.1084059515993,-5219,11575,2731.268144881656,0.41509433962264153,118248,2274.0,1818.4615384615386,1527.3846153846155,1254.2307692307693,1917.673076923077,2183.1346153846152,2274.0,3.091308737137559,0.40251681884257823,-0.04743869418252601,0.2141236211449646,-0.6588723505583857,0.13744667171261196,0.4112040159312672,1.5445263254791752
12-30-2025,bad,4002,14778.962962962964,1490.3466412587077,10684,21296,14852.994916019754,0.3950617283950617,106832,1335.4,6585.925925925926,1476.9115222126354,3008,11312,6747.500182738003,0.43209876543209874,83512,1043.9,311.1604938271605,1855.5212438610754,-9224,4300,1870.1000699441029,0.2345679012345679,93012,1162.65,61.79012345679013,1839.9670154383841,-4223,7286,1829.617611671431,0.38271604938271603,111420,1392.75,-60.27160493827161,2654.41088102589,-7654,10143,2638.66318566948,0.345679012345679,168809,2110.1125,121.07407407407408,2515.7381659156117,-7495,10589,2503.0905711554683,0.37037037037037035,149979,1874.7375,1335.4,1043.9,1162.65,1392.75,2110.1125,1874.7375,3.3667113577392747,0.10628483300252514,0.2566009313076444,0.4372651171934538,-0.4982365773592979,0.12318173014217544,0.3910578901544696,1.3384794803477045
12-30-2025,good,4400,14629.662921348314,1014.0908707693469,11524,17376,14664.373926345625,0.42696629213483145,93160,1058.6363636363637,6536.269662921349,1585.1928242620613,2428,12756,6723.6465761444415,0.29213483146067415,103764,1179.1363636363637,503.14606741573033,2140.103775895851,-5484,6352,2186.71876707823,0.2808988764044944,125044,1420.9545454545455,162.1011235955056,1263.3251762794291,-3135,4534,1266.623384338379,0.3707865168539326,83251,946.0340909090909,51.28089887640449,2592.7099239491945,-10755,4272,2578.61295351686,0.4044943820224719,148628,1688.9545454545455,77.11235955056179,2394.19916122187,-4120,13788,2381.9591336978774,0.38202247191011235,143046,1625.5227272727273,1058.6363636363637,1179.1363636363637,1420.9545454545455,946.0340909090909,1688.9545454545455,1625.5227272727273,3.7857715200166626,0.07853026814114134,0.33947847241825757,0.32436428593470984,-0.6041662830594671,0.0863741875796295,0.38351405356169194,1.0892846251972457
12-30-2025,good,4000,14888.432098765432,2992.5240556187327,8012,32767,15182.55751036549,0.41975308641975306,184046,2300.575,7042.123456790124,2592.3686532914066,2820,21756,7498.593896175008,0.345679012345679,166320,2079.0,-41.28395061728395,2877.8886585245436,-12932,11592,2860.3666863265826,0.25925925925925924,145004,1812.55,241.62962962962962,1455.1847773087482,-3609,4609,1466.2212875952698,0.32098765432098764,95830,1197.875,232.9506172839506,3661.6968023760332,-8926,11278,3646.472035905661,0.37037037037037035,236551,2956.8875,63.148148148148145,2484.644864518424,-7433,7640,2470.067253045532,0.4444444444444444,180597,2257.4625,2300.575,2079.0,1812.55,1197.875,2956.8875,2257.4625,3.368366682774981,0.5066422229830652,-0.23760347863054687,-0.07234494280360958,-0.15008384594646645,0.09657274714735467,0.4862874408066583,0.8635491610182888
12-30-2025,good,4999,14722.49504950495,1555.6588676426613,11432,23348,14803.647316164559,0.44554455445544555,134460,1344.6,6661.148514851485,1513.9801147052005,3156,12160,6829.373390794435,0.3564356435643564,117484,1174.84,-114.85148514851485,2012.195723015724,-5904,7032,2005.500949739476,0.297029702970297,148004,1480.04,131.85148514851485,1428.59706975857,-4348,7511,1427.6090411094438,0.32673267326732675,106587,1065.87,78.25742574257426,2951.503724048016,-12719,6598,2937.8984372715763,0.39603960396039606,221021,2210.21,74.8019801980198,2391.176890235442,-5650,13450,2380.4854754881203,0.37623762376237624,171375,1713.75,1344.6,1174.84,1480.04,1065.87,2210.21,1713.75,3.504083359535174,0.11410542226784989,0.3058528991490214,0.1658487421281288,-0.5701797199353242,0.09643630454868761,0.4301856508243483,1.1869779840345518
12-30-2025,good,3649,14891.027027027027,2008.999566832583,11624,25224,15024.121390869004,0.4864864864864865,124808,1709.6986301369864,7123.783783783784,2067.914509442682,3860,17136,7413.958347494163,0.4864864864864865,133184,1824.4383561643835,354.3243243243243,1384.7716602050575,-3632,3384,1420.2904156773236,0.33783783783783783,80968,1109.150684931507,210.67567567567568,1556.6211133840818,-5416,4972,1560.3555208193263,0.35135135135135137,96007,1315.164383561644,-48.445945945945944,2493.7177073372695,-12532,3605,2477.284703056958,0.33783783783783783,155862,2135.095890410959,170.7027027027027,2134.7573711528025,-5246,11176,2127.1447554905167,0.4864864864864865,134922,1848.2465753424658,1709.6986301369864,1824.4383561643835,1109.150684931507,1315.164383561644,2135.095890410959,1848.2465753424658,3.8701058074244346,0.06531649820293423,0.04286673510483658,0.4949328580840417,-0.5459181553305064,0.10385669019313067,0.3341379309960805,1.4976829601278536
12-30-2025,good,2849,14631.655172413793,1899.8188330222727,9784,22576,14752.369815470794,0.5,109232,1916.3508771929824,6918.068965517241,2245.4946695438375,-584,15632,7267.392189869714,0.41379310344827586,129952,2279.8596491228072,478.8965517241379,1555.322685418487,-3660,6352,1614.5163896392608,0.4482758620689655,87860,1541.4035087719299,293.7758620689655,2369.2287000396036,-6693,5768,2367.016858905916,0.29310344827586204,106498,1868.3859649122808,37.86206896551724,3230.1538198574235,-11240,6948,3202.410422984752,0.3793103448275862,154083,2703.2105263157896,-58.3448275862069,2812.078113709567,-4302,14994,2788.341145704303,0.4482758620689655,143849,2523.6666666666665,1916.3508771929824,2279.8596491228072,1541.4035087719299,1868.3859649122808,2703.2105263157896,2523.6666666666665,2.8278216364691664,-0.13307281497730383,-0.11222381377667805,0.5309045029171222,-0.4850239544785752,0.1604499404741859,0.4406546858731603,1.7270441860303885
12-30-2025,bad,4650,7021.36170212766,2953.761898263938,1748,18344,7611.268846047189,0.32978723404255317,179868,1934.0645161290322,11971.702127659575,1922.6117755153439,2316,15408,12123.479866981525,0.4787234042553192,158280,1701.9354838709678,9349.872340425532,2419.4582315190796,-1928,13088,9654.61634042757,0.39361702127659576,170368,1831.9139784946237,-37.91489361702128,2769.9791803090666,-13583,8017,2755.4667172345294,0.425531914893617,222491,2392.3763440860216,31.851063829787233,5753.909309606026,-23609,11588,5723.310203094977,0.35106382978723405,272921,2934.6344086021504,194.17021276595744,2658.0314837423475,-5927,9395,2650.975757732444,0.40425531914893614,165205,1776.3978494623657,1934.0645161290322,1701.9354838709678,1831.9139784946237,2392.3763440860216,2934.6344086021504,1776.3978494623657,2.6406125904976814,-0.510269459440385,0.7052084627068128,0.5632656162013854,-0.6128392555184974,0.36202462067852453,0.47208476983662184,0.27458116034680874
12-30-2025,bad,3901,6534.93670886076,2620.8186396804954,-620,12200,7034.709850700618,0.3291139240506329,147456,1890.4615384615386,11926.93670886076,1630.4819119431054,8084,15952,12036.471201616434,0.4177215189873418,118840,1523.5897435897436,9508.860759493671,1913.0447388054495,6096,14440,9697.001974380497,0.43037974683544306,155272,1990.6666666666667,75.11392405063292,2518.5539195795027,-11582,6529,2503.689950271121,0.4810126582278481,165929,2127.2948717948716,39.721518987341774,3906.348199378469,-14391,6018,3881.748976160624,0.2911392405063291,215958,2768.6923076923076,253.2405063291139,1971.9746787732388,-5404,7797,1975.7507529986376,0.35443037974683544,145678,1867.6666666666667,1890.4615384615386,1523.5897435897436,1990.6666666666667,2127.2948717948716,2768.6923076923076,1867.6666666666667,3.4406805880783145,-0.2911679131723431,0.1880642909620534,0.5323448623074608,-0.3590348483508399,0.3559052189858068,0.32249892105560196,0.20374861818269474
12-30-2025,bad,4750,5747.708333333333,1786.2250221695367,432,11684,6016.1046782781295,0.4895833333333333,175608,1848.5052631578947,12500.791666666666,1155.6973735793665,9620,17632,12553.545946597453,0.4166666666666667,109136,1148.8,10034.875,1519.7432141128663,5980,16380,10148.116927128238,0.4479166666666667,149904,1577.9368421052632,240.66666666666666,1662.0586832800661,-5449,4949,1670.8034307382381,0.4166666666666667,149887,1577.7578947368422,515.3020833333334,2126.0987753446284,-4663,6162,2176.866055345773,0.5104166666666666,191649,2017.3578947368421,151.73958333333334,1253.8369007070103,-3728,3819,1256.4854795884696,0.4375,118479,1247.1473684210525,1848.5052631578947,1148.8,1577.9368421052632,1577.7578947368422,2017.3578947368421,1247.1473684210525,5.626351029605516,-0.11198592335747658,0.39825444535994187,0.41974526339441376,0.022013737674021542,0.2777218016988889,0.17340646733860804,0.12381464349368915
12-30-2025,bad,5951,6455.933333333333,2815.6327101636352,-8,15624,7038.522420697875,0.45,252004,2117.6806722689075,12335.866666666667,2088.347498906845,6352,19284,12509.934388317151,0.43333333333333335,205732,1728.8403361344538,9182.6,2486.3576221473218,828,17748,9510.55206249003,0.39166666666666666,216460,1818.9915966386554,-37.43333333333333,2139.7476240617425,-8647,4786,2131.142139010598,0.43333333333333335,237284,1993.9831932773109,-317.7583333333333,4402.033263967099,-23082,8737,4395.154689162449,0.275,277058,2328.218487394958,657.675,2389.594874993801,-3803,11513,2468.828745579571,0.3416666666666667,192001,1613.453781512605,2117.6806722689075,1728.8403361344538,1818.9915966386554,1993.9831932773109,2328.218487394958,1613.453781512605,3.2305284267589816,-0.532037884715325,0.5622157160580219,0.420904373189881,-0.5633802138278783,0.30278260284301417,0.3513331527074745,0.25958837395540213
12-30-2025,bad,5347,7048.592592592592,2094.0161700231565,1520,15648,7350.303415254114,0.3611111111111111,209672,1959.5514018691588,12103.925925925925,1964.2231809909292,8096,22108,12260.81040158862,0.4444444444444444,198108,1851.4766355140187,9577.074074074075,2166.1110235683605,5520,23284,9816.768307340251,0.4537037037037037,223328,2087.177570093458,137.35185185185185,2333.7280764597126,-8522,4678,2326.955883807251,0.4351851851851852,252956,2364.07476635514,719.7314814814815,2251.8830650011346,-4877,6870,2354.1531917018483,0.5462962962962963,244289,2283.07476635514,169.10185185185185,1638.8603969661974,-3993,5919,1639.996869351122,0.3888888888888889,175473,1639.9345794392523,1959.5514018691588,1851.4766355140187,2087.177570093458,2364.07476635514,2283.07476635514,1639.9345794392523,4.655495790804726,0.06465068475566543,0.3136488604508909,0.5585034547868142,-0.00672501189452121,0.31657956849257823,0.19200632865220857,0.16706076967893735
12-30-2025,good,6303,9414.51968503937,2549.261146773844,3124,19280,9750.935451187663,0.25196850393700787,195676,1552.984126984127,11405.795275590552,2024.4148334945437,5468,19072,11582.66599531624,0.29133858267716534,152516,1210.4444444444443,8259.307086614173,2520.7803324197967,1756,16272,8632.522974970054,0.25196850393700787,207144,1644.0,-78.29133858267717,2408.5626356820676,-12596,3858,2400.3385112321007,0.3228346456692913,223322,1772.3968253968253,-122.8267716535433,4147.141530562429,-22963,8814,4132.607627533686,0.2677165354330709,246183,1953.8333333333333,559.4724409448819,2389.2222212777046,-3930,12253,2444.6767349861775,0.33070866141732286,194967,1547.357142857143,1552.984126984127,1210.4444444444443,1644.0,1772.3968253968253,1953.8333333333333,1547.357142857143,3.3378684802798504,-0.3418221853264014,0.7496099827503817,0.5139834216922041,-0.6998748191867453,0.24616494725063273,0.3567924369785008,0.2831937710205126
12-30-2025,good,6400,8812.062015503876,2634.6804827386622,2424,18716,9194.572736889599,0.24806201550387597,179148,1399.59375,11221.953488372093,2549.4093980900298,2464,21664,11505.709223867343,0.27906976744186046,180356,1409.03125,8426.170542635658,2291.9862023882224,-1160,14664,8729.99589227107,0.23255813953488372,181476,1417.78125,16.325581395348838,2354.467585658933,-12535,6393,2345.3808074133603,0.3488372093023256,231671,1809.9296875,-5.069767441860465,3839.695447285758,-17624,7808,3824.7873123215786,0.31007751937984496,231297,1807.0078125,663.7131782945736,2742.9231732365565,-7696,14599,2811.7290095697012,0.26356589147286824,200784,1568.625,1399.59375,1409.03125,1417.78125,1809.9296875,1807.0078125,1568.625,3.276621567367007,-0.5169855899063118,0.7042784970073539,0.4453458883248609,-0.5929409836882552,0.2550831750722207,0.332425167155715,0.32207678490856256
12-30-2025,good,6207,5931.233333333334,2195.383960726234,-2204,14040,6321.319113391866,0.4,204804,1721.0420168067226,11580.433333333332,1378.0993166715687,6808,15284,11661.465070907685,0.425,132420,1112.7731092436975,10338.8,1642.1884639895948,5196,15540,10467.33467507369,0.43333333333333335,180840,1519.6638655462184,71.63333333333334,2512.4019640837037,-9846,8774,2502.9369948122944,0.425,272227,2287.621848739496,18.141666666666666,3309.238677826175,-11905,6900,3295.4712725698782,0.36666666666666664,263123,2211.1176470588234,358.4,2202.01018704854,-9558,6154,2221.911868189195,0.3416666666666667,204898,1721.8319327731092,1721.0420168067226,1112.7731092436975,1519.6638655462184,2287.621848739496,2211.1176470588234,1721.8319327731092,3.547254769749811,-0.34598892315791774,0.6110159064478828,0.6240874062327925,-0.2391358138047021,0.39595169133509023,0.28259496146059937,0.21227102571469866
12-30-2025,good,5500,6626.774774774774,3037.170539363255,-68,15200,7283.916944478023,0.3333333333333333,206932,1881.2,11392.936936936936,1753.5268527341184,6808,15604,11525.891161340327,0.2972972972972973,146168,1328.8,10129.621621621622,2366.062621372378,3960,17168,10399.858259602379,0.3333333333333333,200452,1822.290909090909,70.55855855855856,2507.128907316765,-12628,4940,2496.8071575478116,0.45045045045045046,233637,2123.9727272727273,-206.96396396396398,3735.65222716542,-16125,6831,3724.5415885777197,0.36036036036036034,250594,2278.1272727272726,563.6396396396397,2430.642873408345,-4969,10265,2484.449430552567,0.34234234234234234,194716,1770.1454545454546,1881.2,1328.8,1822.290909090909,2123.9727272727273,2278.1272727272726,1770.1454545454546,3.3551968204724876,-0.6346005585851665,0.7304672496096798,0.44344914736206603,-0.5146193616624863,0.3427835841947472,0.3231456497478719,0.23889262413934695
12-30-2025,good,6500,7522.076335877862,2697.1636087915667,-404,14964,7987.539792635233,0.2595419847328244,212532,1634.8615384615384,11505.862595419847,1762.3657036161487,6108,18300,11639.03335877673,0.35877862595419846,154632,1189.4769230769232,9866.290076335878,2185.8020759456826,4036,18064,10103.709188153558,0.33587786259541985,216568,1665.9076923076923,12.435114503816793,2456.9323339958733,-12116,5761,2447.5683539644497,0.3816793893129771,242135,1862.576923076923,-90.74809160305344,3969.7000590889666,-20286,7325,3955.5606101358144,0.25190839694656486,282370,2172.076923076923,502.48091603053433,2361.5413719763787,-5824,12161,2405.5754275026547,0.26717557251908397,191721,1474.7769230769231,1634.8615384615384,1189.4769230769232,1665.9076923076923,1862.576923076923,2172.076923076923,1474.7769230769231,3.3751027409355947,-0.42624329150129464,0.6965923002780569,0.6200280958349714,-0.6132224447982045,0.3064233064497234,0.3398530176746304,0.2380883478005351
12-30-2025,bad,3448,14775.828571428572,2789.8160500962676,2044,21492,15033.196493094874,0.4,159768,2315.478260869565,6531.071428571428,3801.7457100783813,-6112,32767,7543.320830850485,0.44285714285714284,181706,2633.4202898550725,399.48571428571427,2816.0205797525814,-8200,11604,2824.2300594270696,0.34285714285714286,128728,1865.623188405797,102.0,2909.737116468861,-11617,7283,2890.678654868833,0.32857142857142857,151900,2201.449275362319,262.7,4425.374613963551,-20725,9215,4401.497607146263,0.35714285714285715,228901,3317.4057971014495,417.98571428571427,2628.451963500692,-8430,14760,2642.8725308432327,0.42857142857142855,145287,2105.608695652174,2315.478260869565,2633.4202898550725,1865.623188405797,2201.449275362319,3317.4057971014495,2105.608695652174,2.5566806877762613,-0.5921528641768821,-0.03607801374649093,0.5801847039299636,-0.5318224304208243,0.19228636145375388,0.5834960099485139,0.9357851429580731
12-30-2025,bad,2397,14934.857142857143,3187.5645875809323,8652,28320,15264.441272019712,0.5510204081632653,135776,2828.6666666666665,6955.34693877551,2146.418621322314,3640,13240,7272.547093315367,0.3877551020408163,100956,2103.25,308.16326530612247,2952.6715540544715,-6448,6832,2938.5898047901014,0.32653061224489793,129044,2688.4166666666665,280.2244897959184,2550.6389662307015,-5475,5094,2539.9831310704503,0.3469387755102041,119149,2482.2708333333335,-243.6530612244898,5105.630950035381,-15513,10193,5059.134815522576,0.40816326530612246,203378,4237.041666666667,112.91836734693878,2858.955329579427,-9654,8205,2831.8840811338996,0.4489795918367347,129921,2706.6875,2828.6666666666665,2103.25,2688.4166666666665,2482.2708333333335,4237.041666666667,2706.6875,2.4422944315383672,0.2607096661652631,0.014747815398398752,0.5773327928464209,-0.34118999622463,0.16639869652877076,0.6956482714944645,0.9636881185506218
12-30-2025,bad,2647,14834.814814814816,3008.4454336623007,8356,27348,15131.254678583271,0.46296296296296297,154092,2907.396226415094,6648.5,4323.30241414488,148,32767,7908.689362083071,0.46296296296296297,180694,3409.3207547169814,710.6666666666666,3531.582915180168,-9996,8620,3570.176549218903,0.48148148148148145,185444,3498.943396226415,-173.09259259259258,3587.203169067862,-9809,7041,3558.0459290646227,0.4444444444444444,173248,3268.830188679245,152.94444444444446,6102.8826792635755,-21973,15705,6048.044601356706,0.35185185185185186,226225,4268.396226415094,960.2962962962963,4566.2837234043545,-17634,17079,4624.606726022264,0.37037037037037035,195362,3686.0754716981132,2907.396226415094,3409.3207547169814,3498.943396226415,3268.830188679245,4268.396226415094,3686.0754716981132,1.869909823003676,-0.11379207647228451,-0.17021437530845931,0.5471660158798062,-0.17606761413411873,0.23514546575344633,0.7647341201170881,1.2953439867669037
12-30-2025,bad,2247,14284.260869565218,3194.6578076865385,3328,21752,14629.561888295844,0.4782608695652174,148664,3303.6444444444446,6535.913043478261,3267.068327864785,52,15352,7291.080649909056,0.391304347826087,131544,2923.2,357.1304347826087,4846.910083794259,-11888,13668,4807.2208368154925,0.45652173913043476,180312,4006.9333333333334,143.65217391304347,3250.206921395014,-7348,5768,3217.8925050276375,0.41304347826086957,144505,3211.222222222222,-4.608695652173913,8359.278556000605,-27815,19765,8267.918861741922,0.45652173913043476,236374,5252.7555555555555,555.5,4729.128929658541,-11519,15974,4710.313409216363,0.45652173913043476,171641,3814.2444444444445,3303.6444444444446,2923.2,4006.9333333333334,3211.222222222222,5252.7555555555555,3814.2444444444445,1.6502628710912175,0.11788488376761697,0.03482311390348244,0.3556784937093656,-0.48231093757296806,0.2199582276884248,1.1339771506588772,0.9798412779715011
12-30-2025,bad,2099,13877.116279069767,3120.5668991180974,7260,22048,14215.68958318876,0.4418604651162791,135060,3215.714285714286,7103.3488372093025,4318.745755335084,1280,27320,8287.0605330883,0.37209302325581395,137156,3265.6190476190477,-441.6744186046512,4176.392905486346,-9360,10000,4151.108296951942,0.4883720930232558,162012,3857.4285714285716,708.2325581395348,3712.92712044983,-10857,7429,3737.220961038818,0.37209302325581395,149912,3569.3333333333335,-1063.860465116279,8905.778342448702,-28937,17983,8865.67545138566,0.4186046511627907,239784,5709.142857142857,596.046511627907,5207.72326158118,-9855,17455,5181.2109072220055,0.4186046511627907,159791,3804.5476190476193,3215.714285714286,3265.6190476190477,3857.4285714285716,3569.3333333333335,5709.142857142857,3804.5476190476193,1.4987459270606835,0.09348503848605265,0.4434254700142188,0.32153255556258253,-0.5476335993327592,0.2628941029491457,1.0698214903725225,1.2481512250061728
12-30-2025,good,4100,14940.469879518072,2922.7646924192213,6860,32767,15220.291434047818,0.42168674698795183,191970,2341.0975609756097,6244.385542168675,2621.8786498277473,-8324,13564,6766.3709765849435,0.37349397590361444,171004,2085.4146341463415,1002.3614457831326,2826.4179544309422,-8024,11380,2982.803759059627,0.27710843373493976,157824,1924.6829268292684,252.6867469879518,2225.8453528541054,-7523,5468,2226.7794481814703,0.3253012048192771,136091,1659.6463414634147,-189.16867469879517,4356.950113126733,-19892,11161,4334.753517818627,0.3373493975903614,251439,3066.329268292683,271.4457831325301,3052.809322946421,-7635,13642,3046.480378862661,0.39759036144578314,185651,2264.0365853658536,2341.0975609756097,2085.4146341463415,1924.6829268292684,1659.6463414634147,3066.329268292683,2264.0365853658536,2.5988167658451804,0.03820846456792156,-0.2540237486105778,0.44954285581214687,-0.3368168496484485,0.14630333838771692,0.6406319624180271,1.0213479075142917
12-30-2025,good,3445,14142.857142857143,1812.1906215575896,8432,17436,14256.841453441622,0.4142857142857143,128960,1868.9855072463768,6731.371428571429,1997.5535919706963,-1608,12648,7017.448148314722,0.32857142857142857,115064,1667.5942028985507,231.88571428571427,2409.7640965958135,-6300,5104,2403.7007657835807,0.2857142857142857,109612,1588.5797101449275,293.95714285714286,3321.6275626269894,-12893,11315,3310.891599813302,0.3142857142857143,166877,2418.5072463768115,143.11428571428573,4151.96402466493,-21596,5627,4124.684025993472,0.37142857142857144,171843,2490.478260869565,212.9857142857143,2939.7409749488065,-11020,12435,2926.4281421946057,0.38571428571428573,169222,2452.4927536231885,1868.9855072463768,1667.5942028985507,1588.5797101449275,2418.5072463768115,2490.478260869565,2452.4927536231885,2.2850783396136376,0.32484009051382823,0.08037836141501248,0.5434758196782468,-0.5520491480340078,0.23223177520725083,0.5877754902109623,1.2174677408413412
12-30-2025,good,3652,14559.945945945947,2613.8085994001945,4700,25760,14789.580693213757,0.4189189189189189,167560,2295.3424657534247,7402.918918918919,2873.7369721525706,-7620,16260,7934.101914469538,0.3783783783783784,187416,2567.3424657534247,712.5945945945946,3409.0005401451767,-5028,19332,3460.062333448828,0.35135135135135137,168884,2313.4794520547944,110.21621621621621,2842.6009856413275,-9440,7646,2825.4793661693316,0.2972972972972973,151019,2068.753424657534,-54.54054054054054,3271.2219667684117,-18882,7700,3249.501679052061,0.3918918918918919,168997,2315.027397260274,243.27027027027026,2907.269129091259,-7604,19049,2897.7879681074164,0.3108108108108108,143241,1962.2054794520548,2295.3424657534247,2567.3424657534247,2313.4794520547944,2068.753424657534,2315.027397260274,1962.2054794520548,2.9181342904647085,0.010742008078903308,-0.1976746705981321,0.58223421562039,-0.7570624582602451,0.19104526521666473,0.40956137363402595,0.8374958853361295
12-30-2025,good,2993,14157.967213114754,2337.3774047509824,8132,20508,14346.49106581952,0.4098360655737705,136068,2267.8,6540.131147540984,2209.1754078193208,1188,12304,6897.373698330854,0.3114754098360656,112028,1867.1333333333334,-62.295081967213115,3664.7825553697007,-11444,11428,3635.1530330607116,0.36065573770491804,172296,2871.6,392.57377049180326,3742.0983928762766,-14370,10889,3732.003784282867,0.39344262295081966,170029,2833.8166666666666,117.57377049180327,4416.702674541331,-23340,6181,4381.928219178491,0.3114754098360656,183802,3063.366666666667,376.672131147541,3675.796710561813,-10322,17689,3664.9507030433174,0.4098360655737705,162518,2708.633333333333,2267.8,1867.1333333333334,2871.6,2833.8166666666666,3063.366666666667,2708.633333333333,2.1121712827108743,-0.0018901252403411175,0.05712254783986458,0.6233211338988338,-0.5523017727220815,0.26013355927249854,0.6353038721975587,1.008197087908929
12-30-2025,good,3350,15358.411764705883,2688.4513782089966,6996,26912,15588.53078388082,0.47058823529411764,161484,2410.208955223881,5992.764705882353,2768.7508478090253,-4116,14832,6592.91097003619,0.36764705882352944,164392,2453.6119402985073,458.4117647058824,3508.414389636972,-9640,9284,3512.562965732471,0.39705882352941174,186948,2790.268656716418,5.6911764705882355,3096.718987136889,-12510,6074,3073.869928646184,0.39705882352941174,159453,2379.89552238806,145.16176470588235,5370.056564949297,-26747,11228,5332.4008153816,0.38235294117647056,248046,3702.179104477612,332.6617647058824,3324.77780925347,-11347,12681,3316.9640242600303,0.35294117647058826,163862,2445.7014925373132,2410.208955223881,2453.6119402985073,2790.268656716418,2379.89552238806,3702.179104477612,2445.7014925373132,2.1917162988974574,0.07595229118794344,0.13268593801816642,0.3936979813348793,-0.3982497183928149,0.19718791790355916,0.8088082546249705,0.9443144665803971
12-30-2025,bad,2298,14692.510638297872,3208.165518555672,9804,29640,15031.407425503754,0.44680851063829785,124388,2704.086956521739,7312.765957446809,1691.1951294195571,4996,12652,7501.72199238707,0.425531914893617,64176,1395.1304347826087,2689.7872340425533,3096.458320026216,-3552,11716,4076.641796923729,0.23404255319148937,103900,2258.695652173913,218.7872340425532,2322.9107296868638,-6824,4858,2308.4573692255863,0.3617021276595745,84441,1835.6739130434783,-321.4255319148936,4440.785509954394,-13638,8082,4405.0316225589895,0.2553191489361702,124797,2712.978260869565,155.31914893617022,2727.989776743427,-5377,9078,2703.2782619815753,0.40425531914893614,91061,1979.5869565217392,2704.086956521739,1395.1304347826087,2258.695652173913,1835.6739130434783,2712.978260869565,1979.5869565217392,2.825786227364431,0.589876230004539,0.14387173332146275,0.7829049066121179,-0.5326792970413278,0.1535755969966762,0.5872027284458315,0.6631140031381663
12-30-2025,bad,1729,14252.111111111111,1882.718881644731,9132,18500,14372.502898088263,0.5555555555555556,67848,1938.5142857142857,7187.444444444444,1609.7381232352127,4856,13008,7360.613772716994,0.4444444444444444,55180,1576.5714285714287,2507.6666666666665,3479.746115533636,-3460,10712,4249.785197186115,0.3888888888888889,108280,3093.714285714286,-70.69444444444444,2752.6585260636875,-6940,5070,2715.078426327886,0.19444444444444445,73251,2092.885714285714,607.5555555555555,5193.469962748244,-16444,7318,5156.745889285865,0.3055555555555556,122049,3487.114285714286,32.833333333333336,3126.6757107189737,-10380,9417,3083.1186591934256,0.3888888888888889,101827,2909.342857142857,1938.5142857142857,1576.5714285714287,3093.714285714286,2092.885714285714,3487.114285714286,2909.342857142857,2.3717970897130036,0.36378999073377377,0.29815692346569683,0.6412646886346205,-0.41433310324179523,0.18890783640058406,0.7005863977946215,0.7254763512540249
12-30-2025,bad,1782,14301.18918918919,2151.424926232197,9056,19860,14457.784870143536,0.5675675675675675,86160,2393.3333333333335,7650.486486486487,1768.8910151344608,4776,12748,7846.932649131124,0.4594594594594595,65572,1821.4444444444443,2241.945945945946,3295.1242932715163,-5004,10928,3948.50737450071,0.32432432432432434,97184,2699.5555555555557,84.5945945945946,3363.665109663858,-11625,6854,3318.977081099667,0.3783783783783784,104472,2902.0,-537.5675675675676,4859.1949981483585,-18138,6501,4823.131639382323,0.32432432432432434,120236,3339.8888888888887,2.72972972972973,2976.42033927267,-4719,10629,2935.924206437548,0.43243243243243246,97103,2697.3055555555557,2393.3333333333335,1821.4444444444443,2699.5555555555557,2902.0,3339.8888888888887,2697.3055555555557,2.369845356535309,0.43987659270417345,-0.02918769037109816,0.7277004828948798,-0.3179592245986194,0.22956331904786137,0.6146518460690149,0.7435529244934598
12-30-2025,bad,1701,13897.142857142857,2566.579517600822,7636,23120,14125.498241528636,0.37142857142857144,80252,2360.3529411764707,7425.028571428571,1776.1503229591517,4584,12208,7628.605684246256,0.3142857142857143,54440,1601.1764705882354,1632.8,3484.5530458599374,-5732,11892,3802.792177184699,0.42857142857142855,117304,3450.1176470588234,408.34285714285716,3114.335430410354,-9337,6275,3096.5646033721214,0.4,100033,2942.1470588235293,83.71428571428571,4648.907579278412,-16496,6329,4582.778009648109,0.3142857142857143,128081,3767.0882352941176,120.71428571428571,3526.468584954681,-8785,11812,3477.820996790129,0.42857142857142855,105458,3101.705882352941,2360.3529411764707,1601.1764705882354,3450.1176470588234,2942.1470588235293,3767.0882352941176,3101.705882352941,2.2906266318616226,0.0767617886309544,0.3845233304166591,0.786763950145358,-0.6888517342149381,0.21921807997179707,0.6007359927530681,0.9145440596888735
12-30-2025,bad,2005,14445.560975609756,2828.6120805863475,8248,24732,14713.26376884841,0.3902439024390244,96832,2420.8,7634.4390243902435,1808.0355921383361,4016,12708,7840.530619176479,0.4634146341463415,64012,1600.3,2367.4146341463415,2977.920960801426,-6260,9620,3775.761154083098,0.2682926829268293,87344,2183.6,164.90243902439025,3529.9179367577235,-12872,5645,3490.501854335842,0.2926829268292683,108141,2703.525,-100.51219512195122,6287.519101847529,-21653,17025,6211.182026855412,0.24390243902439024,128421,3210.525,728.390243902439,3274.6172286089313,-5809,12841,3315.438263344498,0.2926829268292683,104488,2612.2,2420.8,1600.3,2183.6,2703.525,3210.525,2612.2,2.0226863701311864,0.4187060702558072,0.017162231161258323,0.59794565768562,-0.5085607053576917,0.2372350492002227,0.7921889892084378,0.8780847429613251
12-30-2025,good,2648,14079.777777777777,1437.5035838074004,10928,21404,14151.617994132397,0.46296296296296297,60620,1143.7735849056603,7255.185185185185,795.1867959989635,5472,9480,7297.830118908253,0.35185185185185186,36768,693.7358490566038,3932.1481481481483,1886.504838567848,360,8640,4353.709223179701,0.2037037037037037,61220,1155.0943396226414,223.6851851851852,2133.3505830834315,-7529,6166,2125.309053778785,0.2962962962962963,64117,1209.754716981132,-155.5,2566.915010243097,-8550,5099,2547.7859851105873,0.2037037037037037,75018,1415.433962264151,63.53703703703704,1655.217795769658,-4542,4404,1641.0505386399195,0.37037037037037035,62430,1177.9245283018868,1143.7735849056603,693.7358490566038,1155.0943396226414,1209.754716981132,1415.433962264151,1177.9245283018868,4.086563576228232,0.3559246622751274,0.05582863380290032,0.7612865781725555,-0.4483716715586126,0.1501813470735154,0.3491155512321815,0.37693158962611145
12-30-2025,good,5902,14482.411764705883,1965.450560376462,9036,32767,14614.06118357628,0.3277310924369748,110050,932.6271186440678,7303.327731092437,1955.4871823910416,2652,24876,7558.46493685594,0.3025210084033613,92040,780.0,3112.638655462185,1809.1410066335136,-3680,16052,3596.3879732005435,0.2184873949579832,103592,877.8983050847457,98.23529411764706,1303.176118187774,-9835,3332,1301.40193960335,0.31932773109243695,84379,715.0762711864406,36.168067226890756,2020.3104112870149,-12239,3435,2012.1288905706085,0.19327731092436976,117833,998.5847457627119,60.81512605042017,2262.627806920665,-6988,13278,2253.9215144448376,0.3025210084033613,103025,873.0932203389831,932.6271186440678,780.0,877.8983050847457,715.0762711864406,998.5847457627119,873.0932203389831,4.628492979183044,0.7680266864952509,-0.033774116075306816,0.33711906760972155,-0.37089329193863213,0.08905135425167462,0.2662086689710008,0.6267181212410409
12-30-2025,good,4250,14603.348837209302,1454.9020890237566,5912,19596,14674.805759975949,0.32558139534883723,84320,992.0,7163.023255813953,1079.3702627730147,4292,10772,7242.954876901914,0.3023255813953488,60504,711.8117647058823,2670.279069767442,1784.9596512240685,-1264,8136,3206.1540533719663,0.10465116279069768,68144,801.6941176470589,114.66279069767442,2074.054452801906,-11245,4542,2065.146396635087,0.36046511627906974,99338,1168.6823529411765,-138.03488372093022,2443.4525787604643,-10707,3737,2433.123542777597,0.20930232558139536,106506,1253.0117647058823,204.6627906976744,1726.552618304942,-3667,7720,1728.6434559140353,0.3488372093023256,90862,1068.964705882353,992.0,711.8117647058823,801.6941176470589,1168.6823529411765,1253.0117647058823,1068.964705882353,4.034730064669042,0.3925578924259785,0.6364910344261345,0.6146929312879531,-0.5050403659486211,0.1407273411500163,0.3359296839196113,0.5391641906778708
12-30-2025,good,4300,14510.114942528735,1563.2700180791826,11088,26056,14593.120262250488,0.27586206896551724,77916,906.0,6999.816091954023,886.4438298386244,4784,10860,7055.081572880643,0.3448275862068966,63572,739.2093023255813,3233.7011494252874,2028.9318195184574,-2972,10720,3811.308255794807,0.25287356321839083,100764,1171.6744186046512,350.8735632183908,2318.0936624765404,-12452,6651,2331.2883666067273,0.25287356321839083,110396,1283.6744186046512,141.97701149425288,2779.919879124056,-13284,7103,2767.541317221612,0.22988505747126436,116629,1356.1511627906978,26.770114942528735,2206.862645756648,-4911,11342,2194.3061715979024,0.3563218390804598,106902,1243.046511627907,906.0,739.2093023255813,1171.6744186046512,1283.6744186046512,1356.1511627906978,1243.046511627907,3.4908865804950904,0.21423454073220816,-0.06739796841917173,0.474911668331467,-0.6595159536900117,0.15975256316344874,0.39227630300797894,0.5757356854266221
12-30-2025,good,3900,14506.481012658227,756.2342070528878,11796,16800,14525.930002253892,0.4430379746835443,56508,724.4615384615385,6966.632911392405,758.7292712872503,4724,8620,7007.3074191034875,0.4050632911392405,53700,688.4615384615385,2929.5696202531644,1718.3454675157454,-1504,8964,3390.8278067737197,0.379746835443038,109728,1406.7692307692307,415.8607594936709,1839.9126632991704,-5976,7691,1874.931239245518,0.24050632911392406,81239,1041.525641025641,173.27848101265823,2307.2851286834525,-11502,5990,2299.174461090686,0.22784810126582278,92134,1181.2051282051282,246.8227848101266,1615.8078455785426,-2387,10425,1624.410027274167,0.35443037974683544,75942,973.6153846153846,724.4615384615385,688.4615384615385,1406.7692307692307,1041.525641025641,1181.2051282051282,973.6153846153846,4.298352612057881,-0.01660048159713763,-0.016566284099724243,0.5841540509864618,-0.5286762494966605,0.12907478136171127,0.32811097376640147,0.4790600170112115
12-30-2025,bad,5299,6734.5046728971965,2214.2782306036265,432,12400,7085.955022397422,0.308411214953271,166996,1575.433962264151,11750.841121495327,1658.8701778536845,7672,17544,11866.271491197382,0.27102803738317754,108512,1023.6981132075472,9847.252336448599,1258.1921898776109,6732,15380,9926.561908692396,0.5233644859813084,137780,1299.811320754717,-87.2803738317757,1767.8770169511251,-6820,2960,1761.7598492289294,0.35514018691588783,148165,1397.7830188679245,10.130841121495328,2640.4086200496135,-9987,5365,2628.0608251968943,0.3364485981308411,186317,1757.7075471698113,313.9065420560748,2376.6404365759913,-4837,11322,2386.2456101896832,0.4205607476635514,168061,1585.4811320754718,1575.433962264151,1023.6981132075472,1299.811320754717,1397.7830188679245,1757.7075471698113,1585.4811320754718,4.261881039090807,-0.41233856058525736,0.4446376099502839,0.5666196122855272,-0.47570569446080774,0.24862701547098423,0.2214731752029241,0.24038993882259765
12-30-2025,bad,4298,6718.80459770115,2385.970086164459,-1324,18540,7125.289704939045,0.28735632183908044,147692,1717.3488372093022,11468.505747126437,1921.1973790198217,7460,22368,11626.48692257982,0.3448275862068966,124036,1442.2790697674418,10933.28735632184,1579.6014209364098,7596,17424,11045.507380259012,0.4827586206896552,143724,1671.2093023255813,-337.48275862068965,2274.1442186072677,-10297,6083,2286.084282091889,0.4367816091954023,168223,1956.0813953488373,28.402298850574713,2987.4350764951732,-9566,5214,2970.3520806057018,0.3563218390804598,192758,2241.3720930232557,529.264367816092,2297.509103455255,-5510,9384,2344.780562239774,0.3448275862068966,144908,1684.9767441860465,1717.3488372093022,1442.2790697674418,1671.2093023255813,1956.0813953488373,2241.3720930232557,1684.9767441860465,3.920067575772197,0.06291531791703935,0.48632487078406805,0.5093248671454554,-0.43274165388817154,0.320840888783287,0.25548147949846267,0.21228364449949844
12-30-2025,bad,4100,7174.891566265061,2573.7076084808846,1420,15240,7617.298271950195,0.30120481927710846,124052,1512.8292682926829,11608.289156626506,1941.2105635283767,4964,17164,11767.551759377928,0.27710843373493976,100352,1223.8048780487804,9811.132530120482,1938.0875711487035,4428,17148,9998.462368531462,0.4819277108433735,130044,1585.9024390243903,-426.06024096385545,2521.19050638731,-9722,5126,2541.917730176953,0.3855421686746988,170023,2073.451219512195,-363.1566265060241,3927.6221083994933,-19123,5377,3920.744845635624,0.3614457831325301,168159,2050.7195121951218,570.2289156626506,2727.708590424505,-5542,12211,2770.543605047551,0.3855421686746988,142232,1734.5365853658536,1512.8292682926829,1223.8048780487804,1585.9024390243903,2073.451219512195,2050.7195121951218,1734.5365853658536,3.182352026058623,-0.6718703388098203,0.5957816678349759,0.585975615377258,-0.5940368738273547,0.33370332092725874,0.33318271510281466,0.2770969677787947
12-30-2025,bad,5000,9387.445544554455,2208.559786264558,5188,23484,9641.24347594107,0.24752475247524752,111792,1117.92,10924.277227722772,1795.7140313469283,5116,16584,11069.439697108466,0.16831683168316833,73264,732.64,8435.643564356436,1545.665433295048,3884,15360,8574.701726764046,0.4752475247524752,131212,1312.12,-601.5940594059406,3358.6873066072044,-20751,4275,3395.7333435642527,0.27722772277227725,164790,1647.9,57.99009900990099,2803.488942353971,-13566,4497,2790.1784481063623,0.32673267326732675,144975,1449.75,383.019801980198,2417.3707079395085,-6237,12457,2435.677950634673,0.3564356435643564,124350,1243.5,1117.92,732.64,1312.12,1647.9,1449.75,1243.5,3.3967499929527314,-0.3148792162340948,0.4036007760865053,0.12598325843644298,-0.7149113502958216,0.3522090642857238,0.25206139824612306,0.28405395638989817
12-30-2025,bad,3608,10304.986301369863,2086.7275583045143,5524,15080,10511.304620356019,0.2054794520547945,82212,1141.8333333333333,10402.520547945205,2169.7281454749955,3676,16932,10623.354680021479,0.1780821917808219,83336,1157.4444444444443,7538.301369863014,1832.0936314996106,3672,12724,7754.777511094392,0.3972602739726027,123184,1710.888888888889,-2.1780821917808217,2255.33653156775,-8566,4816,2239.8368121819676,0.410958904109589,125090,1737.361111111111,-81.83561643835617,2664.5907180700306,-12632,6058,2647.5422358124824,0.3561643835616438,132123,1835.0416666666667,855.6575342465753,3107.401840852375,-6030,12404,3202.4713551914742,0.3013698630136986,128103,1779.2083333333333,1141.8333333333333,1157.4444444444443,1710.888888888889,1737.361111111111,1835.0416666666667,1779.2083333333333,3.5710718206264542,-0.632565677819855,0.6736228449718721,0.5643740966481395,-0.5844680678633674,0.21308837417110416,0.24921903817654617,0.41296753519967305
12-30-2025,good,8140,5993.073170731707,837.0679880983905,2848,10144,6050.895503166776,0.17073170731707318,75816,465.12883435582825,11825.121951219513,564.4031190046541,7140,14920,11838.501495482296,0.4024390243902439,48636,298.3803680981595,10778.268292682927,655.7541258655604,6560,13552,10798.076626384362,0.3048780487804878,79548,488.02453987730064,65.65853658536585,738.128020543832,-5504,2335,738.7975811097776,0.25,65687,402.9877300613497,170.16463414634146,1064.56241926364,-5410,2737,1074.8668862564944,0.22560975609756098,82771,507.79754601226995,54.91463414634146,854.0218557456692,-3103,4957,853.1832574140841,0.2865853658536585,70251,430.9877300613497,465.12883435582825,298.3803680981595,488.02453987730064,402.9877300613497,507.79754601226995,430.9877300613497,10.757072234650774,-0.4517423302985619,0.29265221246649936,0.663657842467877,-0.13128054181373927,0.12209723017048069,0.09079416736787856,0.07901252110495091
12-30-2025,good,10099,6963.980295566503,972.8417898737001,4676,11644,7031.271615577065,0.2019704433497537,95936,474.9306930693069,11716.926108374384,815.1338889343491,8548,16660,11745.10653704352,0.2315270935960591,88452,437.8811881188119,10274.32512315271,724.3354295930321,7800,14816,10299.700675740642,0.3399014778325123,113640,562.5742574257425,-45.443349753694584,1112.051658681755,-6102,2090,1110.239647054466,0.27586206896551724,125255,620.0742574257425,73.54679802955665,1396.683370401301,-8248,3247,1395.1788733599542,0.21182266009852216,137953,682.9356435643564,211.39901477832512,1215.0857661938705,-3208,5613,1230.3860742163884,0.21182266009852216,123382,610.8019801980198,474.9306930693069,437.8811881188119,562.5742574257425,620.0742574257425,682.9356435643564,610.8019801980198,7.78308342528595,-0.46353217923511747,0.7312354022635031,0.7352397725919688,-0.6984036551598847,0.1579002643614198,0.11878809858734245,0.11945843018476399
12-30-2025,good,12000,6893.261410788382,1020.6002166436188,2968,12948,6968.095549363703,0.3983402489626556,145692,607.05,11682.838174273858,1037.5412495590972,6320,15552,11728.62877235306,0.24481327800829875,122744,511.43333333333334,10347.983402489626,922.3505839556751,6956,15772,10388.83829383419,0.34854771784232363,173660,723.5833333333334,-32.780082987551864,1557.1367491654867,-14438,3206,1554.2485315821634,0.3360995850622407,162704,677.9333333333333,87.149377593361,1716.9700257313837,-9745,3866,1715.619064924848,0.25311203319502074,195031,812.6291666666667,184.86721991701245,1294.4249845507936,-3767,9439,1304.8982711021235,0.22406639004149378,141390,589.125,607.05,511.43333333333334,723.5833333333334,677.9333333333333,812.6291666666667,589.125,6.357825394984384,-0.45788913706398776,0.45658173143198366,0.3997654500460693,-0.4275856175616572,0.22305212670354937,0.14627618437567574,0.1256057928778215
12-30-2025,good,6700,8200.8,1850.1254043821727,584,15124,8405.398822361909,0.21481481481481482,126636,945.044776119403,11873.807407407407,1440.8502231725415,6644,15596,11960.266450642745,0.2740740740740741,112452,839.1940298507462,8713.037037037036,1235.3236774911502,5068,12520,8799.530391510169,0.3851851851851852,126504,944.0597014925373,-59.977777777777774,1601.2838201383338,-10678,2956,1596.4691666299102,0.3111111111111111,144713,1079.94776119403,65.0962962962963,2858.1224681417393,-14468,7839,2848.2611303507033,0.2814814814814815,192706,1438.1044776119404,239.05925925925925,2213.3987600721657,-4890,12587,2218.1058402426424,0.3037037037037037,151738,1132.3731343283582,945.044776119403,839.1940298507462,944.0597014925373,1079.94776119403,1438.1044776119404,1132.3731343283582,4.377294452312939,-0.5776063929343097,0.7359774946836526,0.6466005949924037,-0.688091503706552,0.18993377948857043,0.23814361844417722,0.2520709334819289
12-30-2025,good,6108,7378.793650793651,1936.4527913376469,780,17476,7626.70862459321,0.38095238095238093,144456,1155.648,11914.603174603175,1475.0777665160033,7652,18424,12004.847126876815,0.3412698412698413,101000,808.0,9515.42857142857,1393.071653166894,4748,17300,9616.060916797249,0.4126984126984127,125584,1004.672,36.95238095238095,2044.1313181188448,-11247,3781,2036.338832628264,0.3492063492063492,168198,1345.584,58.61904761904762,2994.461492441385,-14967,8009,2983.131030650807,0.31746031746031744,190541,1524.328,368.91269841269843,2400.2730012057923,-3817,12019,2419.025087306015,0.24603174603174602,151367,1210.936,1155.648,808.0,1004.672,1345.584,1524.328,1210.936,3.931926667777711,-0.5257009140654895,0.6524039384055611,0.4915406555081657,-0.5909010523257616,0.26700100037844,0.2484938790868556,0.2515609154294065
12-30-2025,bad,4150,9083.42857142857,2528.063606250074,-1776,15416,9424.63238641421,0.36904761904761907,153688,1851.6626506024097,12196.42857142857,2332.0230231236264,3728,18604,12414.767788327546,0.4166666666666667,179100,2157.8313253012047,6554.238095238095,3123.0033336750894,-3568,19528,7252.246404029713,0.38095238095238093,186216,2243.5662650602408,289.9761904761905,3189.124478471374,-7266,11120,3183.3195836152818,0.4166666666666667,239710,2888.0722891566265,221.02380952380952,4251.783067424574,-15587,12885,4232.17444673764,0.30952380952380953,230845,2781.265060240964,265.0833333333333,3482.5379929714995,-9815,14185,3471.881082352908,0.40476190476190477,203943,2457.144578313253,1851.6626506024097,2157.8313253012047,2243.5662650602408,2888.0722891566265,2781.265060240964,2457.144578313253,2.6720532979660785,-0.347157757494053,0.5457678323755494,0.678142819268405,-0.46916609792745895,0.33776591518480154,0.3408983976628111,0.47873181473053983
12-30-2025,bad,3999,9028.296296296296,1990.3824534775,3672,14148,9242.44812846723,0.4444444444444444,135532,1694.15,12350.024691358025,1706.4759152659365,5884,17172,12465.922291106312,0.2839506172839506,122260,1528.25,6463.604938271605,1864.9387770045719,2336,16440,6724.0796552298925,0.4444444444444444,121556,1519.45,59.23456790123457,2082.0616841943283,-6845,7676,2070.0172242379954,0.37037037037037035,137137,1714.2125,290.4691358024691,2941.7747325654445,-10858,6673,2937.9535247481786,0.345679012345679,169641,2120.5125,154.76543209876544,2388.0572086510247,-6467,14887,2378.311253758239,0.37037037037037035,127501,1593.7625,1694.15,1528.25,1519.45,1714.2125,2120.5125,1593.7625,3.8493588601667037,-0.2514337172691691,0.11640362620225009,0.5878098057510587,-0.37018745025658223,0.2239684978743093,0.23567879342618342,0.3537006364216287
12-30-2025,bad,3599,9248.712328767124,2038.8946180021449,2332,16296,9467.778226592825,0.4246575342465753,143284,1990.0555555555557,12667.068493150686,1974.1692509394027,5196,19144,12817.900770577979,0.3972602739726027,134208,1864.0,5957.2054794520545,2214.8199510400646,-956,12312,6350.317071147675,0.3835616438356164,149672,2078.777777777778,8.164383561643836,2558.3207383712697,-5165,8946,2540.750687256528,0.3424657534246575,172328,2393.4444444444443,-59.917808219178085,3025.1131693864168,-9454,10543,3004.919204347687,0.3561643835616438,165926,2304.527777777778,307.3150684931507,2130.7606549768943,-5612,7182,2138.3147121551538,0.3698630136986301,129916,1804.388888888889,1990.0555555555557,1864.0,2078.777777777778,2393.4444444444443,2304.527777777778,1804.388888888889,3.7267117961925225,-0.2583760326192912,0.23883361686042467,0.7515408964974922,0.09220579558167297,0.26835764697696257,0.23443146096205572,0.33672566076011323
12-30-2025,bad,4300,8812.459770114943,1639.0215374139912,-620,12688,8961.861454833599,0.4367816091954023,128360,1492.5581395348838,13037.563218390804,1784.712586470382,7732,19392,13157.759771590927,0.41379310344827586,126784,1474.2325581395348,6350.16091954023,1761.420336464517,1500,12832,6587.221206122564,0.39080459770114945,143140,1664.4186046511627,106.40229885057471,2341.3496031521436,-8674,11239,2330.2851460859815,0.3448275862068966,154520,1796.7441860465117,369.14942528735634,2718.8048397195084,-7970,14160,2728.2240908061735,0.42528735632183906,175064,2035.6279069767443,297.2298850574713,1951.5229217152996,-5022,11324,1962.9090978536885,0.4367816091954023,136705,1589.593023255814,1492.5581395348838,1474.2325581395348,1664.4186046511627,1796.7441860465117,2035.6279069767443,1589.593023255814,4.088467751081197,-0.3934096460082508,0.2787546267234578,0.7531976762421251,0.16164741938801536,0.2600224470742197,0.20734715771976373,0.2979874268881777
12-30-2025,bad,2950,9149.6,3580.1058747719,-4680,16160,9814.210051416941,0.3,141668,2401.1525423728813,11566.266666666666,3302.9434323818086,6792,26044,12021.070501415421,0.31666666666666665,141020,2390.169491525424,7475.133333333333,3159.379050054125,1148,20344,8105.117708378249,0.36666666666666664,147160,2494.237288135593,7.416666666666667,2189.1290683017332,-6150,3851,2170.8223441820383,0.43333333333333335,134102,2272.915254237288,-464.81666666666666,4314.916196101441,-18622,5151,4303.980477418549,0.31666666666666665,136730,2317.4576271186443,1121.7166666666667,3206.3106740770713,-5355,18203,3371.548004997111,0.36666666666666664,136138,2307.423728813559,2401.1525423728813,2390.169491525424,2494.237288135593,2272.915254237288,2317.4576271186443,2307.423728813559,3.0407608651616,-0.8297905997673133,0.5939794965184788,0.49972450539533236,-0.7059528591486046,0.22119175487256162,0.35803637259707777,0.41597767310596473
12-30-2025,good,6000,8288.099173553719,1902.7733067155716,1240,15984,8501.953440093675,0.3305785123966942,144044,1200.3666666666666,12568.661157024793,1652.039172022055,4760,17048,12675.87949839581,0.33884297520661155,104124,867.7,7013.98347107438,2000.5529318310605,-1396,14864,7291.440189225847,0.3305785123966942,168400,1403.3333333333333,-10.743801652892563,2148.117111677595,-14048,4218,2139.249157690073,0.371900826446281,184503,1537.525,-50.446280991735534,4194.879370435685,-26632,8333,4177.813770481692,0.21487603305785125,205385,1711.5416666666667,384.4297520661157,2655.11255827459,-7925,15305,2671.9183346009772,0.2809917355371901,149391,1244.925,1200.3666666666666,867.7,1403.3333333333333,1537.525,1711.5416666666667,1244.925,3.1671300998759193,-0.6197891458075889,0.6149970292704596,0.40168087865519203,-0.7629954854607177,0.25161854537454204,0.32958768428500956,0.3664458961321078
12-30-2025,good,6597,8758.315789473685,2040.3652204580592,2668,16044,8991.100281427001,0.3007518796992481,142368,1078.5454545454545,12487.78947368421,1939.626038045508,6340,23324,12636.405670548755,0.21804511278195488,145048,1098.8484848484848,6565.834586466165,2222.800336527652,-256,15980,6929.204569784674,0.22556390977443608,186312,1411.4545454545455,-5.954887218045113,1879.8653839000765,-10098,6077,1872.7943538278098,0.37593984962406013,173136,1311.6363636363637,102.24812030075188,3563.8704305215256,-16591,6742,3551.919141318699,0.3007518796992481,187985,1424.128787878788,417.14285714285717,2402.1597830653614,-5714,13826,2429.1960673923763,0.2556390977443609,145350,1101.1363636363637,1078.5454545454545,1098.8484848484848,1411.4545454545455,1311.6363636363637,1424.128787878788,1101.1363636363637,3.6359866752645784,-0.6138401572141883,0.7701431230569011,0.2648348221659554,-0.7551594495596089,0.20829423485445536,0.2810861912510415,0.3505735820868239
12-30-2025,good,6200,9366.272,1642.12555694569,4532,15756,9507.999522086651,0.256,97972,790.0967741935484,12416.64,1614.9978048521984,5632,16816,12520.395403340903,0.272,118248,953.6129032258065,5730.56,1889.5531746950126,428,13476,6031.680182503048,0.256,153140,1235.0,-172.144,1795.4925315104144,-9459,3455,1796.5624509045044,0.368,153510,1237.983870967742,87.048,3197.4937535715426,-16209,5293,3185.8675314582683,0.272,134823,1087.282258064516,275.904,2257.6813056333817,-5586,14274,2265.49572853272,0.168,120870,974.758064516129,790.0967741935484,953.6129032258065,1235.0,1237.983870967742,1087.282258064516,974.758064516129,3.871462846518645,-0.5770618842086493,0.5190933038297131,0.5091787533285447,-0.701613362963315,0.18895272833598895,0.2544542267693644,0.3755994448659539
12-30-2025,good,4250,9279.906976744185,1927.5856988831877,4652,16392,9475.708713753656,0.3488372093023256,127180,1496.235294117647,12539.023255813954,2191.3032757953947,5992,23340,12726.864470709741,0.36046511627906974,122960,1446.5882352941176,5882.232558139535,2226.957796554165,404,14496,6285.088236416008,0.3023255813953488,153688,1808.0941176470587,173.47674418604652,2496.922386726339,-13981,5288,2488.4171652623063,0.37209302325581395,139198,1637.6235294117646,59.406976744186046,3945.888371987485,-19219,7044,3923.3298757501248,0.3023255813953488,170362,2004.2588235294118,608.1860465116279,2733.288252428169,-4906,15305,2784.579756193859,0.313953488372093,129810,1527.1764705882354,1496.235294117647,1446.5882352941176,1808.0941176470587,1637.6235294117646,2004.2588235294118,1527.1764705882354,3.0977217367303456,-0.39619526068613836,0.7389374577553003,0.5638441749938842,-0.6717692551489632,0.2626101371592234,0.30827152158893545,0.44304545155259184
12-30-2025,good,4950,9149.68,1900.3502222676552,2640,14008,9343.011386057495,0.26,103196,1042.3838383838383,12272.84,1731.0397221311705,7240,17704,12393.108375222093,0.19,105696,1067.6363636363637,5980.2,1941.8398752240364,664,11220,6284.570527888123,0.29,140976,1424.0,-10.51,1855.488280069359,-9937,5147,1846.2174438564923,0.32,138509,1399.080808080808,45.07,3110.2570462970425,-15569,5095,3094.9948642929926,0.34,149027,1505.3232323232323,364.98,2244.340761591567,-3735,13306,2262.720751661592,0.29,118843,1200.4343434343434,1042.3838383838383,1067.6363636363637,1424.0,1399.080808080808,1505.3232323232323,1200.4343434343434,3.8896377926661234,-0.6166452739707958,0.6244254593240104,0.4159307231329365,-0.6518054702783777,0.19760410935750164,0.24973515685791725,0.36004381544619507
12-30-2025,bad,18299,410.3978201634877,2250.5875674329495,-7692,7396,2284.6814408366745,0.37057220708446864,701812,1917.51912568306,10366.637602179837,1899.3366276517677,4152,22008,10538.729769536429,0.5395095367847411,719220,1965.0819672131147,13614.83378746594,2157.8924124141918,268,23756,13784.321191625522,0.5231607629427792,749960,2049.071038251366,-16.56675749318801,2146.3045303322415,-8800,6002,2143.4424386342685,0.4659400544959128,806939,2204.751366120219,323.40871934604905,2132.56873039748,-10211,12974,2154.0776748826383,0.44141689373297005,618836,1690.808743169399,155.14441416893732,1685.6779662389615,-5735,7695,1690.5139634118564,0.3896457765667575,531274,1451.568306010929,1917.51912568306,1965.0819672131147,2049.071038251366,2204.751366120219,1690.808743169399,1451.568306010929,4.443483797140001,-0.06849472667213095,0.4179713859244599,0.250162392641755,-0.07329829910811292,0.9381800015459211,0.2043963287591721,0.12264034911753688
12-30-2025,bad,20000,151.97007481296757,2108.0512989731164,-7284,14088,2110.8986681109113,0.456359102244389,810992,2027.48,10878.164588528678,2095.4585328378353,-880,21728,11077.655947301444,0.5386533665835411,780408,1951.02,13578.204488778056,2372.4971755683505,4532,30224,13783.40825855293,0.48129675810473815,819496,2048.74,-20.802992518703242,2460.483675741626,-13390,9322,2457.501877173083,0.47880299251870323,961879,2404.6975,265.46134663341644,2492.4281512467282,-16651,12908,2503.43285307901,0.4239401496259352,773143,1932.8575,-35.72069825436409,1774.8118032049233,-10181,10001,1772.9573178372957,0.4139650872817955,557145,1392.8625,2027.48,1951.02,2048.74,2404.6975,1932.8575,1392.8625,4.005404701670655,-0.2190213547542935,0.546661433449725,0.35073113267029027,0.012420574041927835,1.164196990189092,0.2259894028811091,0.1286298195954911
12-30-2025,bad,16450,-357.5151515151515,2356.6840199056273,-15236,7584,2380.1148024259824,0.509090909090909,785212,2386.662613981763,10835.50303030303,2320.5411370376087,696,20868,11080.465656991026,0.49696969696969695,781308,2374.7963525835867,13253.49090909091,2304.741576394121,1788,25264,13451.793878344053,0.4696969696969697,714976,2173.1793313069907,60.09090909090909,2902.1678184456637,-18846,10543,2898.390242876207,0.5151515151515151,986439,2998.2948328267476,342.1181818181818,2592.407124715622,-13798,16814,2610.9872027122756,0.44545454545454544,744618,2263.276595744681,43.736363636363635,1897.552749697197,-11971,5690,1895.1802225006402,0.3939393939393939,526865,1601.4133738601824,2386.662613981763,2374.7963525835867,2173.1793313069907,2998.2948328267476,2263.276595744681,1601.4133738601824,3.6345688075479194,-0.230527093592622,0.3734583355550045,0.4327640316089232,-0.05897418319480939,1.2177522860259553,0.23563876133935582,0.1408868021246438
12-30-2025,bad,16851,-193.58579881656806,2357.4015456669363,-10772,11612,2361.858520030159,0.5029585798816568,812812,2411.905044510386,11010.414201183432,2397.9246504248704,1964,30448,11267.752728485651,0.5207100591715976,777260,2306.4094955489613,13220.633136094675,2886.207608193337,2700,32767,13531.100817426532,0.5177514792899408,885404,2627.311572700297,54.15976331360947,2904.1998992009208,-13612,12632,2900.4062743369277,0.48520710059171596,973550,2888.8724035608307,273.11242603550295,2505.3369607751656,-17226,7697,2516.4923060933884,0.4526627218934911,792616,2351.9762611275964,38.96449704142012,1857.7027816226575,-8662,7143,1855.3618572401922,0.4437869822485207,550941,1634.839762611276,2411.905044510386,2306.4094955489613,2627.311572700297,2888.8724035608307,2351.9762611275964,1634.839762611276,3.734837647110969,-0.2560990327598716,0.6427631053886937,0.3819909253052536,0.11294231313722315,1.2280186338476673,0.2233357765748788,0.13711832334539825
12-30-2025,bad,14600,-748.6825938566553,2773.6695190601044,-11320,8904,2868.3638936894254,0.5392491467576792,867868,2972.150684931507,11162.266211604096,3119.0672995784553,-5424,29536,11588.423725878854,0.48464163822525597,855528,2929.890410958904,13019.761092150171,3149.3539157362397,-3352,32767,13393.982144456026,0.5255972696245734,845608,2895.917808219178,93.839590443686,3162.0893666272013,-16530,19220,3158.0831848971893,0.5767918088737202,943661,3231.7157534246576,300.71672354948805,2721.786186714887,-15725,8447,2733.727657951653,0.5119453924914675,794289,2720.167808219178,182.5358361774744,1921.1809785408716,-8068,7561,1926.56653957223,0.46075085324232085,527857,1807.7294520547946,2972.150684931507,2929.890410958904,2895.917808219178,3231.7157534246576,2720.167808219178,1807.7294520547946,3.5622186546126655,-0.2329636399354478,0.6705501613302821,0.3996015690241439,0.019270274009520742,1.1010050679916028,0.2359015964881305,0.14383821918307
12-30-2025,good,23597,-847.0951374207189,1761.3875577627882,-10856,6156,1952.817741928926,0.36363636363636365,684224,1449.6271186440679,10692.938689217759,1747.8815162824503,3652,25372,10834.554381362721,0.44820295983086683,696148,1474.8898305084747,13548.515856236787,1754.6510699841015,8452,30468,13661.426469896509,0.5116279069767442,710744,1505.8135593220338,82.25792811839324,2382.843383462665,-14369,11009,2381.7440773295293,0.4334038054968288,955442,2024.2415254237287,294.8816067653277,1701.9053737524841,-9380,5265,1725.489328519009,0.3953488372093023,663028,1404.7203389830509,73.84355179704016,1550.577625027143,-8845,8108,1550.6968671485588,0.37209302325581395,564922,1196.8686440677966,1449.6271186440679,1474.8898305084747,1505.8135593220338,2024.2415254237287,1404.7203389830509,1196.8686440677966,4.674642017902274,-0.20416182322707893,0.4830124246083851,0.29796813228809604,0.10906657047687052,1.219644836776872,0.15925798769609634,0.11350914711959774
12-30-2025,good,20348,-1375.5,1791.017704460349,-7036,6152,2256.520008557338,0.4068627450980392,634104,1557.995085995086,10690.735294117647,1859.5264538213319,4212,21472,10850.86101038377,0.4583333333333333,676764,1662.8108108108108,13618.487745098038,2287.9586450633697,7192,32767,13808.878772138867,0.5490196078431373,766698,1883.7788697788699,-26.801470588235293,2403.6855050468394,-11746,9834,2400.887603942489,0.4681372549019608,911081,2238.5282555282556,271.9950980392157,2076.9131484056184,-11703,7442,2092.1226274373344,0.4264705882352941,679126,1668.6142506142505,82.05882352941177,1664.2676710950602,-8079,5904,1664.2511343650315,0.43137254901960786,544797,1338.5675675675675,1557.995085995086,1662.8108108108108,1883.7788697788699,2238.5282555282556,1668.6142506142505,1338.5675675675675,4.371466174304978,-0.21853263104991227,0.6617363409921148,0.06536099997010715,0.0008470460217097164,1.0639779810388086,0.19280706160022354,0.12052036676593504
12-30-2025,good,24600,-2319.7160243407707,1978.8406765727652,-9516,7528,3047.7778850354493,0.3691683569979716,837220,1701.6666666666667,11182.937119675456,1802.5044563450376,4920,22060,11326.981708681411,0.4908722109533469,835580,1698.3333333333333,13053.004056795131,2147.459292889543,5808,32767,13228.119375059001,0.5111561866125761,890062,1809.0691056910568,-26.11967545638945,2635.7314129434985,-18281,8816,2633.1864495884347,0.4300202839756592,1118436,2273.243902439024,214.71196754563894,2245.2768633937876,-12283,6505,2253.2518115306884,0.4279918864097363,887433,1803.7256097560976,78.18864097363083,1689.2020193895503,-6843,8061,1689.2984014819565,0.44016227180527384,759349,1543.3922764227643,1701.6666666666667,1698.3333333333333,1809.0691056910568,2273.243902439024,1803.7256097560976,1543.3922764227643,4.197686188007969,-0.2504636454560344,0.5396867777553617,0.27897005979577977,0.12761611792717747,0.8639692746815237,0.19892782289961555,0.12770510708720578
12-30-2025,good,23449,-2454.059574468085,1800.1990072007236,-15336,5564,3042.405252287889,0.4340425531914894,781348,1665.9872068230277,11119.36170212766,1806.6882709951565,4204,29080,11264.873822186702,0.4723404255319149,702420,1497.6972281449894,13127.648936170213,1949.6121439624496,7344,32767,13271.324986441432,0.5063829787234042,704694,1502.545842217484,11.142553191489363,2336.165856998381,-12645,9956,2333.705851671898,0.4425531914893617,981626,2093.0191897654586,301.0276595744681,1691.560032824462,-7201,4858,1716.363878619504,0.42340425531914894,688118,1467.2025586353946,151.331914893617,1437.1222994825803,-5070,8647,1443.546865602738,0.4127659574468085,597319,1273.6012793176972,1665.9872068230277,1497.6972281449894,1502.545842217484,2093.0191897654586,1467.2025586353946,1273.6012793176972,5.020118090604977,-0.4046913688165859,0.668493388396577,0.2693524203441944,0.24809230414777722,0.7670594997658157,0.15236423466072738,0.10877187221085739
12-30-2025,good,21150,-1044.2830188679245,2218.7812289482667,-9096,12860,2449.878841825171,0.38207547169811323,761184,1799.4893617021276,11332.424528301886,2144.574869333566,-6876,21944,11533.091514715057,0.4386792452830189,770016,1820.3687943262412,13011.872641509433,2575.4846972602745,-6600,32767,13263.7214578103,0.5023584905660378,852188,2014.628841607565,-55.0872641509434,2519.4398772281584,-14325,9464,2517.0699633644867,0.4410377358490566,969108,2291.0354609929077,216.78773584905662,2213.8663241960926,-13171,6075,2221.8554363838975,0.38443396226415094,765518,1809.7352245862885,160.71462264150944,1581.9811654153582,-5211,7636,1588.266692739022,0.38443396226415094,592840,1401.513002364066,1799.4893617021276,1820.3687943262412,2014.628841607565,2291.0354609929077,1809.7352245862885,1401.513002364066,4.306284906759131,-0.296090007803894,0.6621995067087556,0.2721125073420724,0.11756097092925422,1.0274263034419415,0.19265046439251649,0.11974517843060033
12-30-2025,bad,13000,-1522.4827586206898,2312.013354343597,-15512,4800,2764.575739450285,0.4674329501915709,594564,2286.7846153846153,12147.885057471265,3140.600157338699,3164,32767,12545.783755136677,0.5057471264367817,738536,2840.523076923077,12452.27203065134,2993.6113653051125,5616,32767,12805.719490992778,0.5517241379310345,700182,2693.007692307692,-6.766283524904215,3318.403775649287,-13373,11644,3312.047490960158,0.4444444444444444,836714,3218.130769230769,330.9808429118774,2607.501498564519,-10118,8568,2623.463803733895,0.42911877394636017,592130,2277.423076923077,85.10344827586206,2221.6239834572993,-13371,7384,2218.996468151876,0.4521072796934866,545423,2097.7807692307692,2286.7846153846153,2840.523076923077,2693.007692307692,3218.130769230769,2277.423076923077,2097.7807692307692,3.4479185991134904,-0.46315880405287685,0.720149606220522,0.2847658965375233,-0.0029782259174681446,1.1980310188284815,0.2091111926308029,0.17328167070498307
12-30-2025,bad,13005,-1850.7528517110266,1980.5020634721411,-8232,4640,2707.9070362754824,0.467680608365019,524584,2002.2290076335878,11941.825095057035,2239.138891834333,2724,19512,12149.150831080738,0.5551330798479087,582916,2224.8702290076335,12392.608365019012,2605.667878707536,2740,29908,12662.560229832847,0.5627376425855514,604252,2306.3053435114502,-163.2167300380228,2850.5271125286677,-11352,12910,2849.7805292055004,0.4752851711026616,706268,2695.679389312977,268.06463878326997,2065.1236788102983,-7914,7346,2078.552076287795,0.4828897338403042,531852,2029.969465648855,73.40684410646388,1850.870331141831,-6123,8879,1848.8060991881862,0.4524714828897338,452995,1728.9885496183206,2002.2290076335878,2224.8702290076335,2306.3053435114502,2695.679389312977,2029.969465648855,1728.9885496183206,4.060654398901196,-0.26655243144180446,0.43163567058307717,0.28605565594275073,0.05259615456658034,1.05239230519256,0.17108620223886128,0.14600571017908484
12-30-2025,bad,14500,-1864.1649484536083,1848.1822794885327,-10016,4404,2622.8134942137144,0.46048109965635736,513340,1770.1379310344828,11729.92439862543,1890.6137758508842,4472,19864,11880.793896668702,0.563573883161512,576376,1987.503448275862,12475.828178694159,2345.837088597097,6704,32767,12693.71221919656,0.5567010309278351,587292,2025.144827586207,62.06185567010309,2750.1287712086587,-14945,7889,2746.100785800331,0.4536082474226804,727222,2507.6620689655174,293.9484536082474,1974.8383768235788,-9679,5592,1993.2361355585092,0.4536082474226804,514931,1775.6241379310345,88.12714776632302,1773.7487054215417,-9434,5723,1772.8900794118558,0.44673539518900346,446472,1539.558620689655,1770.1379310344828,1987.503448275862,2025.144827586207,2507.6620689655174,1775.6241379310345,1539.558620689655,4.1763469858596665,-0.09348223760877375,0.32032175387129896,0.45229430229933865,0.1732195135845457,1.0470057405193314,0.16776960805200317,0.13966679318529585
12-30-2025,bad,16892,-2652.3185840707965,1837.013177142942,-13784,2604,3224.8188570471616,0.4247787610619469,582852,1724.414201183432,11821.616519174042,1803.6598379648133,5224,22736,11958.018628114127,0.471976401179941,593300,1755.3254437869823,12139.787610619469,1723.2445116886297,3852,22980,12261.127806186754,0.4808259587020649,547812,1620.7455621301774,122.37463126843657,2365.232771500131,-7214,8997,2364.909972280372,0.4336283185840708,738388,2184.579881656805,419.0825958702065,1798.184128179929,-5228,5773,1843.7890694825596,0.39233038348082594,559170,1654.3491124260354,163.5811209439528,1379.8549003118828,-5791,6188,1387.4947968224744,0.46607669616519176,443526,1312.207100591716,1724.414201183432,1755.3254437869823,1620.7455621301774,2184.579881656805,1654.3491124260354,1312.207100591716,4.90404122480883,-0.21238101653843092,0.24362696990875032,0.3718259014368386,0.13853427364938609,0.7333466084084114,0.1541885095406605,0.11316208579191274
12-30-2025,bad,14640,-3514.638596491228,1947.0848124349704,-10440,3080,4016.282047829721,0.4807017543859649,562932,1982.1549295774648,11757.235087719298,1957.4563953277702,6288,21852,11918.505280121359,0.519298245614035,607936,2140.6197183098593,11974.947368421053,2062.31606794923,6788,29252,12150.620918940294,0.4982456140350877,526436,1853.6478873239437,-6.378947368421053,2557.65114864142,-7590,10645,2553.168067117276,0.45614035087719296,732321,2578.595070422535,300.8,2084.0897915288892,-7569,8449,2102.063460741006,0.4280701754385965,566569,1994.9612676056338,185.5859649122807,1558.9248384431492,-4979,7460,1567.2146059339261,0.5017543859649123,447060,1574.1549295774648,1982.1549295774648,2140.6197183098593,1853.6478873239437,2578.595070422535,1994.9612676056338,1574.1549295774648,4.513563900514062,-0.09420807930309476,0.23656441567286657,0.2635116571514277,0.1371451053176763,0.6357043743631571,0.17636972180317165,0.12898226487849537
12-30-2025,good,20095,1519.3449131513648,2006.297321666966,-6228,9776,2514.6868089084696,0.337468982630273,633592,1576.0995024875622,11114.034739454095,1524.6897111242267,5144,18852,11217.87317059094,0.4292803970223325,513916,1278.3980099502487,13174.223325062034,1598.816795018023,8600,26380,13270.645515460894,0.48635235732009924,591176,1470.5870646766168,5.156327543424317,2401.5462645086673,-12615,5570,2398.570370312272,0.40198511166253104,738727,1837.629353233831,241.38957816377172,2427.046670725795,-16181,6127,2436.0229282985065,0.38957816377171217,687078,1709.1492537313434,51.09925558312655,1766.6555312916057,-9479,8081,1765.2020578990152,0.36476426799007444,522484,1299.7114427860697,1576.0995024875622,1278.3980099502487,1470.5870646766168,1837.629353233831,1709.1492537313434,1299.7114427860697,4.091521635475231,-0.3799916395100227,0.43939526852917626,0.5560448021482151,-0.029631522264359913,0.953824691353742,0.21715550631002767,0.13301553837071908
12-30-2025,good,20249,2030.1083743842364,1831.4160177855008,-6880,10068,2732.6110864434577,0.37438423645320196,595464,1470.2814814814815,11237.75369458128,1400.0629821542536,7080,18312,11324.418591411108,0.4236453201970443,505172,1247.3382716049382,13055.467980295567,1540.0764171225871,7572,24288,13145.768809623083,0.4852216748768473,603344,1489.7382716049383,4.805418719211823,2245.4166253290055,-10551,6575,2242.6547774320766,0.3522167487684729,737050,1819.8765432098764,247.43103448275863,2169.181098012048,-10727,5876,2180.5914860569455,0.3669950738916256,677643,1673.1925925925925,66.1256157635468,1587.9343322193706,-6601,6102,1587.3554617882428,0.3793103448275862,526710,1300.5185185185185,1470.2814814814815,1247.3382716049382,1489.7382716049383,1819.8765432098764,1673.1925925925925,1300.5185185185185,4.525802860727226,-0.310392429287627,0.4076134781593487,0.48543883081559647,0.08578748340197301,0.8207003139734135,0.19255659513665777,0.12075029499267494
12-30-2025,good,19833,1703.8390092879256,2231.636566025341,-6740,13152,2804.968903764103,0.3715170278637771,601912,1869.2919254658384,10969.84520123839,1901.2996962523125,2688,22676,11132.890572880879,0.4179566563467492,515384,1600.5714285714287,13358.547987616099,2362.4757043058407,6084,32767,13565.206089506122,0.47987616099071206,680154,2112.2795031055903,22.015479876160992,2440.4496753205244,-12651,6403,2436.7684146224374,0.43653250773993807,661577,2054.586956521739,315.21671826625385,2699.2960255653093,-17056,5972,2713.4853457061877,0.3591331269349845,636191,1975.748447204969,127.39938080495357,2308.0565508372993,-5249,17050,2307.999782691503,0.3653250773993808,531125,1649.4565217391305,1869.2919254658384,1600.5714285714287,2112.2795031055903,2054.586956521739,1975.748447204969,1649.4565217391305,3.6876013136081287,-0.005499845908148073,0.607542299595051,0.4651090497600548,-0.41945400969901864,0.8687327729315306,0.24373592174456074,0.17014115136126107
12-30-2025,good,20850,698.8038277511962,1825.4464963576581,-4936,7556,1952.590535428015,0.35406698564593303,615700,1476.4988009592325,10667.244019138756,1832.5703411928773,3776,24172,10823.14070753585,0.40669856459330145,641068,1537.3333333333333,13550.88038277512,1907.0411222028001,6600,30872,13684.095311623916,0.45215311004784686,669036,1604.4028776978416,100.52870813397129,2786.4512495861377,-14177,12367,2784.931180804686,0.4043062200956938,926236,2221.189448441247,286.3444976076555,2419.751772151549,-14520,7610,2433.7592645729646,0.38516746411483255,739875,1774.2805755395684,142.15071770334927,1982.3416642023587,-6546,9322,1985.0652773907443,0.41148325358851673,627625,1505.095923261391,1476.4988009592325,1537.3333333333333,1604.4028776978416,2221.189448441247,1774.2805755395684,1505.095923261391,3.673059938343695,-0.24899054387536243,0.6054951396059344,0.3605836285246983,-0.2844555504120013,1.42627505810784,0.22486626849945138,0.14506368393674315
12-30-2025,good,15999,1155.5514018691588,2501.586476244793,-7864,12304,2752.042662496237,0.2803738317757009,557412,1741.9125,10578.292834890966,1918.2665160190204,4500,19292,10750.281965729044,0.4454828660436137,552144,1725.45,13391.984423676013,2091.9839035904697,5940,32767,13553.892792199218,0.5264797507788161,603166,1884.89375,11.919003115264797,2836.653091615012,-12391,9528,2832.256261836185,0.411214953271028,802930,2509.15625,96.69158878504673,3324.8621984918836,-17172,16302,3321.0871047945125,0.3956386292834891,672242,2100.75625,374.8348909657321,3086.4963197821594,-10084,22940,3104.397410688441,0.34579439252336447,549822,1718.19375,1741.9125,1725.45,1884.89375,2509.15625,2100.75625,1718.19375,2.9225507678707006,-0.19073619773219855,0.5416631343169656,0.3134984207555394,-0.4363921844066925,1.0291469312608852,0.308930232255574,0.22904101855122383
